backbone,benchmark,target_id,seed,permutation,condition,p_at_l5
ESM2-35M,casp14,T1024-D1,0,real,phys35m,0.3421
ESM2-35M,casp14,T1024-D2,0,real,phys35m,0.3077
ESM2-35M,casp14,T1025-D1,0,real,phys35m,0.9804
ESM2-35M,casp14,T1026-D1,0,real,phys35m,0.0345
ESM2-35M,casp14,T1030-D1,0,real,phys35m,0.6000
ESM2-35M,casp14,T1030-D2,0,real,phys35m,0.4348
ESM2-35M,casp14,T1031-D1,0,real,phys35m,0.3684
ESM2-35M,casp14,T1032-D1,0,real,phys35m,0.2353
ESM2-35M,casp14,T1033-D1,0,real,phys35m,0.2500
ESM2-35M,casp14,T1034-D1,0,real,phys35m,0.1935
ESM2-35M,casp14,T1038-D1,0,real,phys35m,0.3636
ESM2-35M,casp14,T1038-D2,0,real,phys35m,0.5333
ESM2-35M,casp14,T1039-D1,0,real,phys35m,0.0312
ESM2-35M,casp14,T1046s1-D1,0,real,phys35m,0.3571
ESM2-35M,casp14,T1046s2-D1,0,real,phys35m,0.7857
ESM2-35M,casp14,T1049-D1,0,real,phys35m,0.0000
ESM2-35M,casp14,T1050-D1,0,real,phys35m,0.7812
ESM2-35M,casp14,T1050-D2,0,real,phys35m,0.8571
ESM2-35M,casp14,T1050-D3,0,real,phys35m,0.8000
ESM2-35M,casp14,T1054-D1,0,real,phys35m,0.8214
ESM2-35M,casp14,T1056-D1,0,real,phys35m,0.7879
ESM2-35M,casp14,T1057-D1,0,real,phys35m,0.7234
ESM2-35M,casp14,T1064-D1,0,real,phys35m,0.0667
ESM2-35M,casp14,T1067-D1,0,real,phys35m,0.5682
ESM2-35M,casp14,T1070-D2,0,real,phys35m,0.2500
ESM2-35M,casp14,T1073-D1,0,real,phys35m,0.6364
ESM2-35M,casp14,T1079-D1,0,real,phys35m,0.2667
ESM2-35M,casp14,T1082-D1,0,real,phys35m,0.1429
ESM2-35M,casp14,T1089-D1,0,real,phys35m,0.8784
ESM2-35M,casp14,T1090-D1,0,real,phys35m,0.1282
ESM2-35M,casp14,T1099-D1,0,real,phys35m,0.0571
ESM2-35M,casp14,T1024-D1,1,real,phys35m,0.6316
ESM2-35M,casp14,T1024-D2,1,real,phys35m,0.4872
ESM2-35M,casp14,T1025-D1,1,real,phys35m,0.9608
ESM2-35M,casp14,T1026-D1,1,real,phys35m,0.2759
ESM2-35M,casp14,T1030-D1,1,real,phys35m,0.4667
ESM2-35M,casp14,T1030-D2,1,real,phys35m,0.4348
ESM2-35M,casp14,T1031-D1,1,real,phys35m,0.1579
ESM2-35M,casp14,T1032-D1,1,real,phys35m,0.5294
ESM2-35M,casp14,T1033-D1,1,real,phys35m,0.0500
ESM2-35M,casp14,T1034-D1,1,real,phys35m,0.3226
ESM2-35M,casp14,T1038-D1,1,real,phys35m,0.1818
ESM2-35M,casp14,T1038-D2,1,real,phys35m,0.7333
ESM2-35M,casp14,T1039-D1,1,real,phys35m,0.1562
ESM2-35M,casp14,T1046s1-D1,1,real,phys35m,0.2143
ESM2-35M,casp14,T1046s2-D1,1,real,phys35m,0.8571
ESM2-35M,casp14,T1049-D1,1,real,phys35m,0.1481
ESM2-35M,casp14,T1050-D1,1,real,phys35m,0.8281
ESM2-35M,casp14,T1050-D2,1,real,phys35m,0.9206
ESM2-35M,casp14,T1050-D3,1,real,phys35m,0.8800
ESM2-35M,casp14,T1054-D1,1,real,phys35m,0.6429
ESM2-35M,casp14,T1056-D1,1,real,phys35m,0.7879
ESM2-35M,casp14,T1057-D1,1,real,phys35m,0.7021
ESM2-35M,casp14,T1064-D1,1,real,phys35m,0.6000
ESM2-35M,casp14,T1067-D1,1,real,phys35m,0.6364
ESM2-35M,casp14,T1070-D2,1,real,phys35m,0.4500
ESM2-35M,casp14,T1073-D1,1,real,phys35m,0.8182
ESM2-35M,casp14,T1079-D1,1,real,phys35m,0.2222
ESM2-35M,casp14,T1082-D1,1,real,phys35m,0.0714
ESM2-35M,casp14,T1089-D1,1,real,phys35m,0.8649
ESM2-35M,casp14,T1090-D1,1,real,phys35m,0.1795
ESM2-35M,casp14,T1099-D1,1,real,phys35m,0.2571
ESM2-35M,casp14,T1024-D1,2,real,phys35m,0.3684
ESM2-35M,casp14,T1024-D2,2,real,phys35m,0.3846
ESM2-35M,casp14,T1025-D1,2,real,phys35m,1.0000
ESM2-35M,casp14,T1026-D1,2,real,phys35m,0.1724
ESM2-35M,casp14,T1030-D1,2,real,phys35m,0.5000
ESM2-35M,casp14,T1030-D2,2,real,phys35m,0.1304
ESM2-35M,casp14,T1031-D1,2,real,phys35m,0.1579
ESM2-35M,casp14,T1032-D1,2,real,phys35m,0.5588
ESM2-35M,casp14,T1033-D1,2,real,phys35m,0.0500
ESM2-35M,casp14,T1034-D1,2,real,phys35m,0.4516
ESM2-35M,casp14,T1038-D1,2,real,phys35m,0.2727
ESM2-35M,casp14,T1038-D2,2,real,phys35m,0.3333
ESM2-35M,casp14,T1039-D1,2,real,phys35m,0.1562
ESM2-35M,casp14,T1046s1-D1,2,real,phys35m,0.1429
ESM2-35M,casp14,T1046s2-D1,2,real,phys35m,0.8571
ESM2-35M,casp14,T1049-D1,2,real,phys35m,0.1481
ESM2-35M,casp14,T1050-D1,2,real,phys35m,0.8438
ESM2-35M,casp14,T1050-D2,2,real,phys35m,0.8730
ESM2-35M,casp14,T1050-D3,2,real,phys35m,0.7200
ESM2-35M,casp14,T1054-D1,2,real,phys35m,0.7857
ESM2-35M,casp14,T1056-D1,2,real,phys35m,0.8182
ESM2-35M,casp14,T1057-D1,2,real,phys35m,0.8298
ESM2-35M,casp14,T1064-D1,2,real,phys35m,0.2667
ESM2-35M,casp14,T1067-D1,2,real,phys35m,0.4773
ESM2-35M,casp14,T1070-D2,2,real,phys35m,0.2500
ESM2-35M,casp14,T1073-D1,2,real,phys35m,0.6364
ESM2-35M,casp14,T1079-D1,2,real,phys35m,0.3000
ESM2-35M,casp14,T1082-D1,2,real,phys35m,0.1429
ESM2-35M,casp14,T1089-D1,2,real,phys35m,0.8649
ESM2-35M,casp14,T1090-D1,2,real,phys35m,0.0769
ESM2-35M,casp14,T1099-D1,2,real,phys35m,0.2286
ESM2-35M,casp14,T1024-D1,0,perm0,pert35m_p0,0.3684
ESM2-35M,casp14,T1024-D2,0,perm0,pert35m_p0,0.2564
ESM2-35M,casp14,T1025-D1,0,perm0,pert35m_p0,0.9412
ESM2-35M,casp14,T1026-D1,0,perm0,pert35m_p0,0.0690
ESM2-35M,casp14,T1030-D1,0,perm0,pert35m_p0,0.5000
ESM2-35M,casp14,T1030-D2,0,perm0,pert35m_p0,0.2174
ESM2-35M,casp14,T1031-D1,0,perm0,pert35m_p0,0.1053
ESM2-35M,casp14,T1032-D1,0,perm0,pert35m_p0,0.1176
ESM2-35M,casp14,T1033-D1,0,perm0,pert35m_p0,0.1500
ESM2-35M,casp14,T1034-D1,0,perm0,pert35m_p0,0.1613
ESM2-35M,casp14,T1038-D1,0,perm0,pert35m_p0,0.1818
ESM2-35M,casp14,T1038-D2,0,perm0,pert35m_p0,0.7333
ESM2-35M,casp14,T1039-D1,0,perm0,pert35m_p0,0.2500
ESM2-35M,casp14,T1046s1-D1,0,perm0,pert35m_p0,0.3571
ESM2-35M,casp14,T1046s2-D1,0,perm0,pert35m_p0,0.8214
ESM2-35M,casp14,T1049-D1,0,perm0,pert35m_p0,0.2222
ESM2-35M,casp14,T1050-D1,0,perm0,pert35m_p0,0.7500
ESM2-35M,casp14,T1050-D2,0,perm0,pert35m_p0,0.8730
ESM2-35M,casp14,T1050-D3,0,perm0,pert35m_p0,0.8800
ESM2-35M,casp14,T1054-D1,0,perm0,pert35m_p0,0.7143
ESM2-35M,casp14,T1056-D1,0,perm0,pert35m_p0,0.7273
ESM2-35M,casp14,T1057-D1,0,perm0,pert35m_p0,0.8085
ESM2-35M,casp14,T1064-D1,0,perm0,pert35m_p0,0.0000
ESM2-35M,casp14,T1067-D1,0,perm0,pert35m_p0,0.5682
ESM2-35M,casp14,T1070-D2,0,perm0,pert35m_p0,0.1500
ESM2-35M,casp14,T1073-D1,0,perm0,pert35m_p0,0.2727
ESM2-35M,casp14,T1079-D1,0,perm0,pert35m_p0,0.2333
ESM2-35M,casp14,T1082-D1,0,perm0,pert35m_p0,0.1429
ESM2-35M,casp14,T1089-D1,0,perm0,pert35m_p0,0.8243
ESM2-35M,casp14,T1090-D1,0,perm0,pert35m_p0,0.3333
ESM2-35M,casp14,T1099-D1,0,perm0,pert35m_p0,0.0571
ESM2-35M,casp14,T1024-D1,1,perm0,pert35m_p0,0.5789
ESM2-35M,casp14,T1024-D2,1,perm0,pert35m_p0,0.4615
ESM2-35M,casp14,T1025-D1,1,perm0,pert35m_p0,0.9608
ESM2-35M,casp14,T1026-D1,1,perm0,pert35m_p0,0.2414
ESM2-35M,casp14,T1030-D1,1,perm0,pert35m_p0,0.5667
ESM2-35M,casp14,T1030-D2,1,perm0,pert35m_p0,0.3043
ESM2-35M,casp14,T1031-D1,1,perm0,pert35m_p0,0.2632
ESM2-35M,casp14,T1032-D1,1,perm0,pert35m_p0,0.4118
ESM2-35M,casp14,T1033-D1,1,perm0,pert35m_p0,0.2500
ESM2-35M,casp14,T1034-D1,1,perm0,pert35m_p0,0.0323
ESM2-35M,casp14,T1038-D1,1,perm0,pert35m_p0,0.3182
ESM2-35M,casp14,T1038-D2,1,perm0,pert35m_p0,0.8000
ESM2-35M,casp14,T1039-D1,1,perm0,pert35m_p0,0.1875
ESM2-35M,casp14,T1046s1-D1,1,perm0,pert35m_p0,0.0714
ESM2-35M,casp14,T1046s2-D1,1,perm0,pert35m_p0,0.8571
ESM2-35M,casp14,T1049-D1,1,perm0,pert35m_p0,0.1481
ESM2-35M,casp14,T1050-D1,1,perm0,pert35m_p0,0.7188
ESM2-35M,casp14,T1050-D2,1,perm0,pert35m_p0,0.7937
ESM2-35M,casp14,T1050-D3,1,perm0,pert35m_p0,0.8800
ESM2-35M,casp14,T1054-D1,1,perm0,pert35m_p0,0.6071
ESM2-35M,casp14,T1056-D1,1,perm0,pert35m_p0,0.5758
ESM2-35M,casp14,T1057-D1,1,perm0,pert35m_p0,0.7447
ESM2-35M,casp14,T1064-D1,1,perm0,pert35m_p0,0.0667
ESM2-35M,casp14,T1067-D1,1,perm0,pert35m_p0,0.5000
ESM2-35M,casp14,T1070-D2,1,perm0,pert35m_p0,0.4500
ESM2-35M,casp14,T1073-D1,1,perm0,pert35m_p0,0.7273
ESM2-35M,casp14,T1079-D1,1,perm0,pert35m_p0,0.1889
ESM2-35M,casp14,T1082-D1,1,perm0,pert35m_p0,0.0714
ESM2-35M,casp14,T1089-D1,1,perm0,pert35m_p0,0.9459
ESM2-35M,casp14,T1090-D1,1,perm0,pert35m_p0,0.1538
ESM2-35M,casp14,T1099-D1,1,perm0,pert35m_p0,0.2571
ESM2-35M,casp14,T1024-D1,2,perm0,pert35m_p0,0.4737
ESM2-35M,casp14,T1024-D2,2,perm0,pert35m_p0,0.2821
ESM2-35M,casp14,T1025-D1,2,perm0,pert35m_p0,0.9608
ESM2-35M,casp14,T1026-D1,2,perm0,pert35m_p0,0.0690
ESM2-35M,casp14,T1030-D1,2,perm0,pert35m_p0,0.3000
ESM2-35M,casp14,T1030-D2,2,perm0,pert35m_p0,0.3913
ESM2-35M,casp14,T1031-D1,2,perm0,pert35m_p0,0.0000
ESM2-35M,casp14,T1032-D1,2,perm0,pert35m_p0,0.2353
ESM2-35M,casp14,T1033-D1,2,perm0,pert35m_p0,0.2500
ESM2-35M,casp14,T1034-D1,2,perm0,pert35m_p0,0.2903
ESM2-35M,casp14,T1038-D1,2,perm0,pert35m_p0,0.4091
ESM2-35M,casp14,T1038-D2,2,perm0,pert35m_p0,0.6000
ESM2-35M,casp14,T1039-D1,2,perm0,pert35m_p0,0.0625
ESM2-35M,casp14,T1046s1-D1,2,perm0,pert35m_p0,0.2857
ESM2-35M,casp14,T1046s2-D1,2,perm0,pert35m_p0,0.6429
ESM2-35M,casp14,T1049-D1,2,perm0,pert35m_p0,0.0000
ESM2-35M,casp14,T1050-D1,2,perm0,pert35m_p0,0.7812
ESM2-35M,casp14,T1050-D2,2,perm0,pert35m_p0,0.8730
ESM2-35M,casp14,T1050-D3,2,perm0,pert35m_p0,0.8800
ESM2-35M,casp14,T1054-D1,2,perm0,pert35m_p0,0.6429
ESM2-35M,casp14,T1056-D1,2,perm0,pert35m_p0,0.7879
ESM2-35M,casp14,T1057-D1,2,perm0,pert35m_p0,0.7872
ESM2-35M,casp14,T1064-D1,2,perm0,pert35m_p0,0.2667
ESM2-35M,casp14,T1067-D1,2,perm0,pert35m_p0,0.4318
ESM2-35M,casp14,T1070-D2,2,perm0,pert35m_p0,0.0500
ESM2-35M,casp14,T1073-D1,2,perm0,pert35m_p0,0.7273
ESM2-35M,casp14,T1079-D1,2,perm0,pert35m_p0,0.2778
ESM2-35M,casp14,T1082-D1,2,perm0,pert35m_p0,0.0714
ESM2-35M,casp14,T1089-D1,2,perm0,pert35m_p0,0.9054
ESM2-35M,casp14,T1090-D1,2,perm0,pert35m_p0,0.1026
ESM2-35M,casp14,T1099-D1,2,perm0,pert35m_p0,0.1429
ESM2-35M,casp14,T1024-D1,0,perm1,pert35m_p1,0.2632
ESM2-35M,casp14,T1024-D2,0,perm1,pert35m_p1,0.3846
ESM2-35M,casp14,T1025-D1,0,perm1,pert35m_p1,0.9020
ESM2-35M,casp14,T1026-D1,0,perm1,pert35m_p1,0.2759
ESM2-35M,casp14,T1030-D1,0,perm1,pert35m_p1,0.3667
ESM2-35M,casp14,T1030-D2,0,perm1,pert35m_p1,0.3043
ESM2-35M,casp14,T1031-D1,0,perm1,pert35m_p1,0.1053
ESM2-35M,casp14,T1032-D1,0,perm1,pert35m_p1,0.1765
ESM2-35M,casp14,T1033-D1,0,perm1,pert35m_p1,0.2000
ESM2-35M,casp14,T1034-D1,0,perm1,pert35m_p1,0.1935
ESM2-35M,casp14,T1038-D1,0,perm1,pert35m_p1,0.4091
ESM2-35M,casp14,T1038-D2,0,perm1,pert35m_p1,0.7333
ESM2-35M,casp14,T1039-D1,0,perm1,pert35m_p1,0.0312
ESM2-35M,casp14,T1046s1-D1,0,perm1,pert35m_p1,0.4286
ESM2-35M,casp14,T1046s2-D1,0,perm1,pert35m_p1,0.6429
ESM2-35M,casp14,T1049-D1,0,perm1,pert35m_p1,0.0370
ESM2-35M,casp14,T1050-D1,0,perm1,pert35m_p1,0.8438
ESM2-35M,casp14,T1050-D2,0,perm1,pert35m_p1,0.8730
ESM2-35M,casp14,T1050-D3,0,perm1,pert35m_p1,0.7600
ESM2-35M,casp14,T1054-D1,0,perm1,pert35m_p1,0.6071
ESM2-35M,casp14,T1056-D1,0,perm1,pert35m_p1,0.6364
ESM2-35M,casp14,T1057-D1,0,perm1,pert35m_p1,0.7234
ESM2-35M,casp14,T1064-D1,0,perm1,pert35m_p1,0.3333
ESM2-35M,casp14,T1067-D1,0,perm1,pert35m_p1,0.5455
ESM2-35M,casp14,T1070-D2,0,perm1,pert35m_p1,0.3000
ESM2-35M,casp14,T1073-D1,0,perm1,pert35m_p1,0.0909
ESM2-35M,casp14,T1079-D1,0,perm1,pert35m_p1,0.2556
ESM2-35M,casp14,T1082-D1,0,perm1,pert35m_p1,0.0714
ESM2-35M,casp14,T1089-D1,0,perm1,pert35m_p1,0.8108
ESM2-35M,casp14,T1090-D1,0,perm1,pert35m_p1,0.4103
ESM2-35M,casp14,T1099-D1,0,perm1,pert35m_p1,0.0857
ESM2-35M,casp14,T1024-D1,1,perm1,pert35m_p1,0.5789
ESM2-35M,casp14,T1024-D2,1,perm1,pert35m_p1,0.5385
ESM2-35M,casp14,T1025-D1,1,perm1,pert35m_p1,0.9608
ESM2-35M,casp14,T1026-D1,1,perm1,pert35m_p1,0.3103
ESM2-35M,casp14,T1030-D1,1,perm1,pert35m_p1,0.4667
ESM2-35M,casp14,T1030-D2,1,perm1,pert35m_p1,0.0000
ESM2-35M,casp14,T1031-D1,1,perm1,pert35m_p1,0.1053
ESM2-35M,casp14,T1032-D1,1,perm1,pert35m_p1,0.3235
ESM2-35M,casp14,T1033-D1,1,perm1,pert35m_p1,0.0500
ESM2-35M,casp14,T1034-D1,1,perm1,pert35m_p1,0.0968
ESM2-35M,casp14,T1038-D1,1,perm1,pert35m_p1,0.3636
ESM2-35M,casp14,T1038-D2,1,perm1,pert35m_p1,0.4000
ESM2-35M,casp14,T1039-D1,1,perm1,pert35m_p1,0.1875
ESM2-35M,casp14,T1046s1-D1,1,perm1,pert35m_p1,0.2143
ESM2-35M,casp14,T1046s2-D1,1,perm1,pert35m_p1,0.8214
ESM2-35M,casp14,T1049-D1,1,perm1,pert35m_p1,0.0000
ESM2-35M,casp14,T1050-D1,1,perm1,pert35m_p1,0.8594
ESM2-35M,casp14,T1050-D2,1,perm1,pert35m_p1,0.9524
ESM2-35M,casp14,T1050-D3,1,perm1,pert35m_p1,0.7200
ESM2-35M,casp14,T1054-D1,1,perm1,pert35m_p1,0.7143
ESM2-35M,casp14,T1056-D1,1,perm1,pert35m_p1,0.8182
ESM2-35M,casp14,T1057-D1,1,perm1,pert35m_p1,0.7660
ESM2-35M,casp14,T1064-D1,1,perm1,pert35m_p1,0.1333
ESM2-35M,casp14,T1067-D1,1,perm1,pert35m_p1,0.5455
ESM2-35M,casp14,T1070-D2,1,perm1,pert35m_p1,0.0000
ESM2-35M,casp14,T1073-D1,1,perm1,pert35m_p1,0.9091
ESM2-35M,casp14,T1079-D1,1,perm1,pert35m_p1,0.2111
ESM2-35M,casp14,T1082-D1,1,perm1,pert35m_p1,0.0714
ESM2-35M,casp14,T1089-D1,1,perm1,pert35m_p1,0.8108
ESM2-35M,casp14,T1090-D1,1,perm1,pert35m_p1,0.0513
ESM2-35M,casp14,T1099-D1,1,perm1,pert35m_p1,0.1714
ESM2-35M,casp14,T1024-D1,2,perm1,pert35m_p1,0.3421
ESM2-35M,casp14,T1024-D2,2,perm1,pert35m_p1,0.2308
ESM2-35M,casp14,T1025-D1,2,perm1,pert35m_p1,0.9608
ESM2-35M,casp14,T1026-D1,2,perm1,pert35m_p1,0.1034
ESM2-35M,casp14,T1030-D1,2,perm1,pert35m_p1,0.1667
ESM2-35M,casp14,T1030-D2,2,perm1,pert35m_p1,0.3043
ESM2-35M,casp14,T1031-D1,2,perm1,pert35m_p1,0.1579
ESM2-35M,casp14,T1032-D1,2,perm1,pert35m_p1,0.2647
ESM2-35M,casp14,T1033-D1,2,perm1,pert35m_p1,0.1500
ESM2-35M,casp14,T1034-D1,2,perm1,pert35m_p1,0.2258
ESM2-35M,casp14,T1038-D1,2,perm1,pert35m_p1,0.0909
ESM2-35M,casp14,T1038-D2,2,perm1,pert35m_p1,0.6000
ESM2-35M,casp14,T1039-D1,2,perm1,pert35m_p1,0.1562
ESM2-35M,casp14,T1046s1-D1,2,perm1,pert35m_p1,0.2857
ESM2-35M,casp14,T1046s2-D1,2,perm1,pert35m_p1,0.7143
ESM2-35M,casp14,T1049-D1,2,perm1,pert35m_p1,0.1852
ESM2-35M,casp14,T1050-D1,2,perm1,pert35m_p1,0.8125
ESM2-35M,casp14,T1050-D2,2,perm1,pert35m_p1,0.8413
ESM2-35M,casp14,T1050-D3,2,perm1,pert35m_p1,0.8400
ESM2-35M,casp14,T1054-D1,2,perm1,pert35m_p1,0.7857
ESM2-35M,casp14,T1056-D1,2,perm1,pert35m_p1,0.7273
ESM2-35M,casp14,T1057-D1,2,perm1,pert35m_p1,0.5957
ESM2-35M,casp14,T1064-D1,2,perm1,pert35m_p1,0.3333
ESM2-35M,casp14,T1067-D1,2,perm1,pert35m_p1,0.4545
ESM2-35M,casp14,T1070-D2,2,perm1,pert35m_p1,0.0500
ESM2-35M,casp14,T1073-D1,2,perm1,pert35m_p1,0.7273
ESM2-35M,casp14,T1079-D1,2,perm1,pert35m_p1,0.3111
ESM2-35M,casp14,T1082-D1,2,perm1,pert35m_p1,0.0714
ESM2-35M,casp14,T1089-D1,2,perm1,pert35m_p1,0.8919
ESM2-35M,casp14,T1090-D1,2,perm1,pert35m_p1,0.1026
ESM2-35M,casp14,T1099-D1,2,perm1,pert35m_p1,0.2286
ESM2-35M,casp14,T1024-D1,0,perm2,pert35m_p2,0.3158
ESM2-35M,casp14,T1024-D2,0,perm2,pert35m_p2,0.3077
ESM2-35M,casp14,T1025-D1,0,perm2,pert35m_p2,0.9412
ESM2-35M,casp14,T1026-D1,0,perm2,pert35m_p2,0.3103
ESM2-35M,casp14,T1030-D1,0,perm2,pert35m_p2,0.4000
ESM2-35M,casp14,T1030-D2,0,perm2,pert35m_p2,0.3913
ESM2-35M,casp14,T1031-D1,0,perm2,pert35m_p2,0.2632
ESM2-35M,casp14,T1032-D1,0,perm2,pert35m_p2,0.1471
ESM2-35M,casp14,T1033-D1,0,perm2,pert35m_p2,0.0500
ESM2-35M,casp14,T1034-D1,0,perm2,pert35m_p2,0.1290
ESM2-35M,casp14,T1038-D1,0,perm2,pert35m_p2,0.2273
ESM2-35M,casp14,T1038-D2,0,perm2,pert35m_p2,0.7333
ESM2-35M,casp14,T1039-D1,0,perm2,pert35m_p2,0.1875
ESM2-35M,casp14,T1046s1-D1,0,perm2,pert35m_p2,0.2857
ESM2-35M,casp14,T1046s2-D1,0,perm2,pert35m_p2,0.6786
ESM2-35M,casp14,T1049-D1,0,perm2,pert35m_p2,0.0370
ESM2-35M,casp14,T1050-D1,0,perm2,pert35m_p2,0.7969
ESM2-35M,casp14,T1050-D2,0,perm2,pert35m_p2,0.8571
ESM2-35M,casp14,T1050-D3,0,perm2,pert35m_p2,0.6800
ESM2-35M,casp14,T1054-D1,0,perm2,pert35m_p2,0.6786
ESM2-35M,casp14,T1056-D1,0,perm2,pert35m_p2,0.7879
ESM2-35M,casp14,T1057-D1,0,perm2,pert35m_p2,0.7660
ESM2-35M,casp14,T1064-D1,0,perm2,pert35m_p2,0.1333
ESM2-35M,casp14,T1067-D1,0,perm2,pert35m_p2,0.5909
ESM2-35M,casp14,T1070-D2,0,perm2,pert35m_p2,0.2500
ESM2-35M,casp14,T1073-D1,0,perm2,pert35m_p2,0.1818
ESM2-35M,casp14,T1079-D1,0,perm2,pert35m_p2,0.2444
ESM2-35M,casp14,T1082-D1,0,perm2,pert35m_p2,0.0000
ESM2-35M,casp14,T1089-D1,0,perm2,pert35m_p2,0.7838
ESM2-35M,casp14,T1090-D1,0,perm2,pert35m_p2,0.1538
ESM2-35M,casp14,T1099-D1,0,perm2,pert35m_p2,0.0571
ESM2-35M,casp14,T1024-D1,1,perm2,pert35m_p2,0.7105
ESM2-35M,casp14,T1024-D2,1,perm2,pert35m_p2,0.5385
ESM2-35M,casp14,T1025-D1,1,perm2,pert35m_p2,0.8824
ESM2-35M,casp14,T1026-D1,1,perm2,pert35m_p2,0.2414
ESM2-35M,casp14,T1030-D1,1,perm2,pert35m_p2,0.5000
ESM2-35M,casp14,T1030-D2,1,perm2,pert35m_p2,0.3478
ESM2-35M,casp14,T1031-D1,1,perm2,pert35m_p2,0.2105
ESM2-35M,casp14,T1032-D1,1,perm2,pert35m_p2,0.2941
ESM2-35M,casp14,T1033-D1,1,perm2,pert35m_p2,0.1500
ESM2-35M,casp14,T1034-D1,1,perm2,pert35m_p2,0.1290
ESM2-35M,casp14,T1038-D1,1,perm2,pert35m_p2,0.2727
ESM2-35M,casp14,T1038-D2,1,perm2,pert35m_p2,0.4000
ESM2-35M,casp14,T1039-D1,1,perm2,pert35m_p2,0.1562
ESM2-35M,casp14,T1046s1-D1,1,perm2,pert35m_p2,0.4286
ESM2-35M,casp14,T1046s2-D1,1,perm2,pert35m_p2,0.8571
ESM2-35M,casp14,T1049-D1,1,perm2,pert35m_p2,0.0741
ESM2-35M,casp14,T1050-D1,1,perm2,pert35m_p2,0.7188
ESM2-35M,casp14,T1050-D2,1,perm2,pert35m_p2,0.9365
ESM2-35M,casp14,T1050-D3,1,perm2,pert35m_p2,0.9200
ESM2-35M,casp14,T1054-D1,1,perm2,pert35m_p2,0.7143
ESM2-35M,casp14,T1056-D1,1,perm2,pert35m_p2,0.7576
ESM2-35M,casp14,T1057-D1,1,perm2,pert35m_p2,0.7660
ESM2-35M,casp14,T1064-D1,1,perm2,pert35m_p2,0.4000
ESM2-35M,casp14,T1067-D1,1,perm2,pert35m_p2,0.5455
ESM2-35M,casp14,T1070-D2,1,perm2,pert35m_p2,0.2000
ESM2-35M,casp14,T1073-D1,1,perm2,pert35m_p2,0.7273
ESM2-35M,casp14,T1079-D1,1,perm2,pert35m_p2,0.2778
ESM2-35M,casp14,T1082-D1,1,perm2,pert35m_p2,0.0714
ESM2-35M,casp14,T1089-D1,1,perm2,pert35m_p2,0.8378
ESM2-35M,casp14,T1090-D1,1,perm2,pert35m_p2,0.1026
ESM2-35M,casp14,T1099-D1,1,perm2,pert35m_p2,0.1714
ESM2-35M,casp14,T1024-D1,2,perm2,pert35m_p2,0.4474
ESM2-35M,casp14,T1024-D2,2,perm2,pert35m_p2,0.2051
ESM2-35M,casp14,T1025-D1,2,perm2,pert35m_p2,1.0000
ESM2-35M,casp14,T1026-D1,2,perm2,pert35m_p2,0.1034
ESM2-35M,casp14,T1030-D1,2,perm2,pert35m_p2,0.2667
ESM2-35M,casp14,T1030-D2,2,perm2,pert35m_p2,0.3043
ESM2-35M,casp14,T1031-D1,2,perm2,pert35m_p2,0.2105
ESM2-35M,casp14,T1032-D1,2,perm2,pert35m_p2,0.2941
ESM2-35M,casp14,T1033-D1,2,perm2,pert35m_p2,0.3500
ESM2-35M,casp14,T1034-D1,2,perm2,pert35m_p2,0.2258
ESM2-35M,casp14,T1038-D1,2,perm2,pert35m_p2,0.5455
ESM2-35M,casp14,T1038-D2,2,perm2,pert35m_p2,0.3333
ESM2-35M,casp14,T1039-D1,2,perm2,pert35m_p2,0.1875
ESM2-35M,casp14,T1046s1-D1,2,perm2,pert35m_p2,0.5714
ESM2-35M,casp14,T1046s2-D1,2,perm2,pert35m_p2,0.8571
ESM2-35M,casp14,T1049-D1,2,perm2,pert35m_p2,0.1481
ESM2-35M,casp14,T1050-D1,2,perm2,pert35m_p2,0.8438
ESM2-35M,casp14,T1050-D2,2,perm2,pert35m_p2,0.8571
ESM2-35M,casp14,T1050-D3,2,perm2,pert35m_p2,0.8400
ESM2-35M,casp14,T1054-D1,2,perm2,pert35m_p2,0.5357
ESM2-35M,casp14,T1056-D1,2,perm2,pert35m_p2,0.7273
ESM2-35M,casp14,T1057-D1,2,perm2,pert35m_p2,0.8085
ESM2-35M,casp14,T1064-D1,2,perm2,pert35m_p2,0.4667
ESM2-35M,casp14,T1067-D1,2,perm2,pert35m_p2,0.4318
ESM2-35M,casp14,T1070-D2,2,perm2,pert35m_p2,0.0000
ESM2-35M,casp14,T1073-D1,2,perm2,pert35m_p2,0.5455
ESM2-35M,casp14,T1079-D1,2,perm2,pert35m_p2,0.1444
ESM2-35M,casp14,T1082-D1,2,perm2,pert35m_p2,0.0000
ESM2-35M,casp14,T1089-D1,2,perm2,pert35m_p2,0.8919
ESM2-35M,casp14,T1090-D1,2,perm2,pert35m_p2,0.0769
ESM2-35M,casp14,T1099-D1,2,perm2,pert35m_p2,0.1714
ESM2-35M,casp14,T1024-D1,0,perm3,pert35m_p3,0.3158
ESM2-35M,casp14,T1024-D2,0,perm3,pert35m_p3,0.2308
ESM2-35M,casp14,T1025-D1,0,perm3,pert35m_p3,0.9804
ESM2-35M,casp14,T1026-D1,0,perm3,pert35m_p3,0.1034
ESM2-35M,casp14,T1030-D1,0,perm3,pert35m_p3,0.6333
ESM2-35M,casp14,T1030-D2,0,perm3,pert35m_p3,0.1739
ESM2-35M,casp14,T1031-D1,0,perm3,pert35m_p3,0.2105
ESM2-35M,casp14,T1032-D1,0,perm3,pert35m_p3,0.1765
ESM2-35M,casp14,T1033-D1,0,perm3,pert35m_p3,0.2000
ESM2-35M,casp14,T1034-D1,0,perm3,pert35m_p3,0.0968
ESM2-35M,casp14,T1038-D1,0,perm3,pert35m_p3,0.2727
ESM2-35M,casp14,T1038-D2,0,perm3,pert35m_p3,0.7333
ESM2-35M,casp14,T1039-D1,0,perm3,pert35m_p3,0.1250
ESM2-35M,casp14,T1046s1-D1,0,perm3,pert35m_p3,0.5000
ESM2-35M,casp14,T1046s2-D1,0,perm3,pert35m_p3,0.6071
ESM2-35M,casp14,T1049-D1,0,perm3,pert35m_p3,0.0370
ESM2-35M,casp14,T1050-D1,0,perm3,pert35m_p3,0.8281
ESM2-35M,casp14,T1050-D2,0,perm3,pert35m_p3,0.8254
ESM2-35M,casp14,T1050-D3,0,perm3,pert35m_p3,0.8000
ESM2-35M,casp14,T1054-D1,0,perm3,pert35m_p3,0.7500
ESM2-35M,casp14,T1056-D1,0,perm3,pert35m_p3,0.7273
ESM2-35M,casp14,T1057-D1,0,perm3,pert35m_p3,0.7660
ESM2-35M,casp14,T1064-D1,0,perm3,pert35m_p3,0.0667
ESM2-35M,casp14,T1067-D1,0,perm3,pert35m_p3,0.3864
ESM2-35M,casp14,T1070-D2,0,perm3,pert35m_p3,0.2500
ESM2-35M,casp14,T1073-D1,0,perm3,pert35m_p3,0.2727
ESM2-35M,casp14,T1079-D1,0,perm3,pert35m_p3,0.2000
ESM2-35M,casp14,T1082-D1,0,perm3,pert35m_p3,0.1429
ESM2-35M,casp14,T1089-D1,0,perm3,pert35m_p3,0.9054
ESM2-35M,casp14,T1090-D1,0,perm3,pert35m_p3,0.4103
ESM2-35M,casp14,T1099-D1,0,perm3,pert35m_p3,0.1143
ESM2-35M,casp14,T1024-D1,1,perm3,pert35m_p3,0.6053
ESM2-35M,casp14,T1024-D2,1,perm3,pert35m_p3,0.6667
ESM2-35M,casp14,T1025-D1,1,perm3,pert35m_p3,0.9216
ESM2-35M,casp14,T1026-D1,1,perm3,pert35m_p3,0.1379
ESM2-35M,casp14,T1030-D1,1,perm3,pert35m_p3,0.4333
ESM2-35M,casp14,T1030-D2,1,perm3,pert35m_p3,0.1304
ESM2-35M,casp14,T1031-D1,1,perm3,pert35m_p3,0.3684
ESM2-35M,casp14,T1032-D1,1,perm3,pert35m_p3,0.1471
ESM2-35M,casp14,T1033-D1,1,perm3,pert35m_p3,0.1500
ESM2-35M,casp14,T1034-D1,1,perm3,pert35m_p3,0.1613
ESM2-35M,casp14,T1038-D1,1,perm3,pert35m_p3,0.4091
ESM2-35M,casp14,T1038-D2,1,perm3,pert35m_p3,0.8000
ESM2-35M,casp14,T1039-D1,1,perm3,pert35m_p3,0.1875
ESM2-35M,casp14,T1046s1-D1,1,perm3,pert35m_p3,0.1429
ESM2-35M,casp14,T1046s2-D1,1,perm3,pert35m_p3,0.7500
ESM2-35M,casp14,T1049-D1,1,perm3,pert35m_p3,0.3704
ESM2-35M,casp14,T1050-D1,1,perm3,pert35m_p3,0.8281
ESM2-35M,casp14,T1050-D2,1,perm3,pert35m_p3,0.8571
ESM2-35M,casp14,T1050-D3,1,perm3,pert35m_p3,0.7600
ESM2-35M,casp14,T1054-D1,1,perm3,pert35m_p3,0.8571
ESM2-35M,casp14,T1056-D1,1,perm3,pert35m_p3,0.8485
ESM2-35M,casp14,T1057-D1,1,perm3,pert35m_p3,0.7021
ESM2-35M,casp14,T1064-D1,1,perm3,pert35m_p3,0.5333
ESM2-35M,casp14,T1067-D1,1,perm3,pert35m_p3,0.5909
ESM2-35M,casp14,T1070-D2,1,perm3,pert35m_p3,0.3000
ESM2-35M,casp14,T1073-D1,1,perm3,pert35m_p3,0.7273
ESM2-35M,casp14,T1079-D1,1,perm3,pert35m_p3,0.2333
ESM2-35M,casp14,T1082-D1,1,perm3,pert35m_p3,0.0000
ESM2-35M,casp14,T1089-D1,1,perm3,pert35m_p3,0.8514
ESM2-35M,casp14,T1090-D1,1,perm3,pert35m_p3,0.1026
ESM2-35M,casp14,T1099-D1,1,perm3,pert35m_p3,0.1429
ESM2-35M,casp14,T1024-D1,2,perm3,pert35m_p3,0.3947
ESM2-35M,casp14,T1024-D2,2,perm3,pert35m_p3,0.3333
ESM2-35M,casp14,T1025-D1,2,perm3,pert35m_p3,1.0000
ESM2-35M,casp14,T1026-D1,2,perm3,pert35m_p3,0.0000
ESM2-35M,casp14,T1030-D1,2,perm3,pert35m_p3,0.5000
ESM2-35M,casp14,T1030-D2,2,perm3,pert35m_p3,0.3043
ESM2-35M,casp14,T1031-D1,2,perm3,pert35m_p3,0.0526
ESM2-35M,casp14,T1032-D1,2,perm3,pert35m_p3,0.3824
ESM2-35M,casp14,T1033-D1,2,perm3,pert35m_p3,0.2000
ESM2-35M,casp14,T1034-D1,2,perm3,pert35m_p3,0.2258
ESM2-35M,casp14,T1038-D1,2,perm3,pert35m_p3,0.2273
ESM2-35M,casp14,T1038-D2,2,perm3,pert35m_p3,0.4667
ESM2-35M,casp14,T1039-D1,2,perm3,pert35m_p3,0.2500
ESM2-35M,casp14,T1046s1-D1,2,perm3,pert35m_p3,0.2857
ESM2-35M,casp14,T1046s2-D1,2,perm3,pert35m_p3,0.7143
ESM2-35M,casp14,T1049-D1,2,perm3,pert35m_p3,0.0370
ESM2-35M,casp14,T1050-D1,2,perm3,pert35m_p3,0.7031
ESM2-35M,casp14,T1050-D2,2,perm3,pert35m_p3,0.8571
ESM2-35M,casp14,T1050-D3,2,perm3,pert35m_p3,0.8400
ESM2-35M,casp14,T1054-D1,2,perm3,pert35m_p3,0.6429
ESM2-35M,casp14,T1056-D1,2,perm3,pert35m_p3,0.7273
ESM2-35M,casp14,T1057-D1,2,perm3,pert35m_p3,0.7447
ESM2-35M,casp14,T1064-D1,2,perm3,pert35m_p3,0.2000
ESM2-35M,casp14,T1067-D1,2,perm3,pert35m_p3,0.3864
ESM2-35M,casp14,T1070-D2,2,perm3,pert35m_p3,0.1000
ESM2-35M,casp14,T1073-D1,2,perm3,pert35m_p3,0.7273
ESM2-35M,casp14,T1079-D1,2,perm3,pert35m_p3,0.2222
ESM2-35M,casp14,T1082-D1,2,perm3,pert35m_p3,0.1429
ESM2-35M,casp14,T1089-D1,2,perm3,pert35m_p3,0.8378
ESM2-35M,casp14,T1090-D1,2,perm3,pert35m_p3,0.1026
ESM2-35M,casp14,T1099-D1,2,perm3,pert35m_p3,0.0857
ESM2-35M,casp14,T1024-D1,0,perm4,pert35m_p4,0.4737
ESM2-35M,casp14,T1024-D2,0,perm4,pert35m_p4,0.1795
ESM2-35M,casp14,T1025-D1,0,perm4,pert35m_p4,0.9216
ESM2-35M,casp14,T1026-D1,0,perm4,pert35m_p4,0.3448
ESM2-35M,casp14,T1030-D1,0,perm4,pert35m_p4,0.5000
ESM2-35M,casp14,T1030-D2,0,perm4,pert35m_p4,0.3043
ESM2-35M,casp14,T1031-D1,0,perm4,pert35m_p4,0.2105
ESM2-35M,casp14,T1032-D1,0,perm4,pert35m_p4,0.3235
ESM2-35M,casp14,T1033-D1,0,perm4,pert35m_p4,0.3000
ESM2-35M,casp14,T1034-D1,0,perm4,pert35m_p4,0.1935
ESM2-35M,casp14,T1038-D1,0,perm4,pert35m_p4,0.1364
ESM2-35M,casp14,T1038-D2,0,perm4,pert35m_p4,0.4667
ESM2-35M,casp14,T1039-D1,0,perm4,pert35m_p4,0.0938
ESM2-35M,casp14,T1046s1-D1,0,perm4,pert35m_p4,0.5000
ESM2-35M,casp14,T1046s2-D1,0,perm4,pert35m_p4,0.7857
ESM2-35M,casp14,T1049-D1,0,perm4,pert35m_p4,0.0741
ESM2-35M,casp14,T1050-D1,0,perm4,pert35m_p4,0.7656
ESM2-35M,casp14,T1050-D2,0,perm4,pert35m_p4,0.8889
ESM2-35M,casp14,T1050-D3,0,perm4,pert35m_p4,0.8400
ESM2-35M,casp14,T1054-D1,0,perm4,pert35m_p4,0.6786
ESM2-35M,casp14,T1056-D1,0,perm4,pert35m_p4,0.6061
ESM2-35M,casp14,T1057-D1,0,perm4,pert35m_p4,0.7872
ESM2-35M,casp14,T1064-D1,0,perm4,pert35m_p4,0.2667
ESM2-35M,casp14,T1067-D1,0,perm4,pert35m_p4,0.4545
ESM2-35M,casp14,T1070-D2,0,perm4,pert35m_p4,0.2500
ESM2-35M,casp14,T1073-D1,0,perm4,pert35m_p4,0.3636
ESM2-35M,casp14,T1079-D1,0,perm4,pert35m_p4,0.2333
ESM2-35M,casp14,T1082-D1,0,perm4,pert35m_p4,0.0714
ESM2-35M,casp14,T1089-D1,0,perm4,pert35m_p4,0.7568
ESM2-35M,casp14,T1090-D1,0,perm4,pert35m_p4,0.4103
ESM2-35M,casp14,T1099-D1,0,perm4,pert35m_p4,0.0857
ESM2-35M,casp14,T1024-D1,1,perm4,pert35m_p4,0.5000
ESM2-35M,casp14,T1024-D2,1,perm4,pert35m_p4,0.4872
ESM2-35M,casp14,T1025-D1,1,perm4,pert35m_p4,1.0000
ESM2-35M,casp14,T1026-D1,1,perm4,pert35m_p4,0.0690
ESM2-35M,casp14,T1030-D1,1,perm4,pert35m_p4,0.5333
ESM2-35M,casp14,T1030-D2,1,perm4,pert35m_p4,0.1304
ESM2-35M,casp14,T1031-D1,1,perm4,pert35m_p4,0.1579
ESM2-35M,casp14,T1032-D1,1,perm4,pert35m_p4,0.1765
ESM2-35M,casp14,T1033-D1,1,perm4,pert35m_p4,0.0500
ESM2-35M,casp14,T1034-D1,1,perm4,pert35m_p4,0.1935
ESM2-35M,casp14,T1038-D1,1,perm4,pert35m_p4,0.5000
ESM2-35M,casp14,T1038-D2,1,perm4,pert35m_p4,0.5333
ESM2-35M,casp14,T1039-D1,1,perm4,pert35m_p4,0.1250
ESM2-35M,casp14,T1046s1-D1,1,perm4,pert35m_p4,0.0714
ESM2-35M,casp14,T1046s2-D1,1,perm4,pert35m_p4,0.6786
ESM2-35M,casp14,T1049-D1,1,perm4,pert35m_p4,0.1111
ESM2-35M,casp14,T1050-D1,1,perm4,pert35m_p4,0.8438
ESM2-35M,casp14,T1050-D2,1,perm4,pert35m_p4,0.9206
ESM2-35M,casp14,T1050-D3,1,perm4,pert35m_p4,0.7600
ESM2-35M,casp14,T1054-D1,1,perm4,pert35m_p4,0.7857
ESM2-35M,casp14,T1056-D1,1,perm4,pert35m_p4,0.7879
ESM2-35M,casp14,T1057-D1,1,perm4,pert35m_p4,0.6383
ESM2-35M,casp14,T1064-D1,1,perm4,pert35m_p4,0.0000
ESM2-35M,casp14,T1067-D1,1,perm4,pert35m_p4,0.4545
ESM2-35M,casp14,T1070-D2,1,perm4,pert35m_p4,0.0000
ESM2-35M,casp14,T1073-D1,1,perm4,pert35m_p4,0.6364
ESM2-35M,casp14,T1079-D1,1,perm4,pert35m_p4,0.0667
ESM2-35M,casp14,T1082-D1,1,perm4,pert35m_p4,0.0714
ESM2-35M,casp14,T1089-D1,1,perm4,pert35m_p4,0.8919
ESM2-35M,casp14,T1090-D1,1,perm4,pert35m_p4,0.1026
ESM2-35M,casp14,T1099-D1,1,perm4,pert35m_p4,0.1714
ESM2-35M,casp14,T1024-D1,2,perm4,pert35m_p4,0.3684
ESM2-35M,casp14,T1024-D2,2,perm4,pert35m_p4,0.2564
ESM2-35M,casp14,T1025-D1,2,perm4,pert35m_p4,0.9608
ESM2-35M,casp14,T1026-D1,2,perm4,pert35m_p4,0.0345
ESM2-35M,casp14,T1030-D1,2,perm4,pert35m_p4,0.5667
ESM2-35M,casp14,T1030-D2,2,perm4,pert35m_p4,0.3043
ESM2-35M,casp14,T1031-D1,2,perm4,pert35m_p4,0.1579
ESM2-35M,casp14,T1032-D1,2,perm4,pert35m_p4,0.5000
ESM2-35M,casp14,T1033-D1,2,perm4,pert35m_p4,0.1000
ESM2-35M,casp14,T1034-D1,2,perm4,pert35m_p4,0.2581
ESM2-35M,casp14,T1038-D1,2,perm4,pert35m_p4,0.6364
ESM2-35M,casp14,T1038-D2,2,perm4,pert35m_p4,0.6667
ESM2-35M,casp14,T1039-D1,2,perm4,pert35m_p4,0.1562
ESM2-35M,casp14,T1046s1-D1,2,perm4,pert35m_p4,0.5000
ESM2-35M,casp14,T1046s2-D1,2,perm4,pert35m_p4,0.6429
ESM2-35M,casp14,T1049-D1,2,perm4,pert35m_p4,0.2963
ESM2-35M,casp14,T1050-D1,2,perm4,pert35m_p4,0.7812
ESM2-35M,casp14,T1050-D2,2,perm4,pert35m_p4,0.8730
ESM2-35M,casp14,T1050-D3,2,perm4,pert35m_p4,0.9200
ESM2-35M,casp14,T1054-D1,2,perm4,pert35m_p4,0.7500
ESM2-35M,casp14,T1056-D1,2,perm4,pert35m_p4,0.7576
ESM2-35M,casp14,T1057-D1,2,perm4,pert35m_p4,0.7021
ESM2-35M,casp14,T1064-D1,2,perm4,pert35m_p4,0.1333
ESM2-35M,casp14,T1067-D1,2,perm4,pert35m_p4,0.3636
ESM2-35M,casp14,T1070-D2,2,perm4,pert35m_p4,0.0500
ESM2-35M,casp14,T1073-D1,2,perm4,pert35m_p4,0.4545
ESM2-35M,casp14,T1079-D1,2,perm4,pert35m_p4,0.1778
ESM2-35M,casp14,T1082-D1,2,perm4,pert35m_p4,0.0714
ESM2-35M,casp14,T1089-D1,2,perm4,pert35m_p4,0.8784
ESM2-35M,casp14,T1090-D1,2,perm4,pert35m_p4,0.2564
ESM2-35M,casp14,T1099-D1,2,perm4,pert35m_p4,0.0857
ESM2-35M,casp15,T1104-D1,0,real,phys35m,0.0435
ESM2-35M,casp15,T1106s1-D1,0,real,phys35m,0.0000
ESM2-35M,casp15,T1106s2-D1,0,real,phys35m,0.9091
ESM2-35M,casp15,T1109-D1,0,real,phys35m,0.8095
ESM2-35M,casp15,T1119-D1,0,real,phys35m,0.0000
ESM2-35M,casp15,T1120-D1,0,real,phys35m,0.3478
ESM2-35M,casp15,T1120-D2,0,real,phys35m,0.1818
ESM2-35M,casp15,T1121-D1,0,real,phys35m,0.0769
ESM2-35M,casp15,T1121-D2,0,real,phys35m,0.7576
ESM2-35M,casp15,T1123-D1,0,real,phys35m,0.3095
ESM2-35M,casp15,T1124-D1,0,real,phys35m,0.8533
ESM2-35M,casp15,T1133-D1,0,real,phys35m,0.8765
ESM2-35M,casp15,T1137s1-D1,0,real,phys35m,0.5333
ESM2-35M,casp15,T1137s1-D2,0,real,phys35m,0.0000
ESM2-35M,casp15,T1137s2-D1,0,real,phys35m,0.4828
ESM2-35M,casp15,T1137s2-D2,0,real,phys35m,0.0000
ESM2-35M,casp15,T1137s3-D1,0,real,phys35m,0.3793
ESM2-35M,casp15,T1137s3-D2,0,real,phys35m,0.0000
ESM2-35M,casp15,T1137s4-D1,0,real,phys35m,0.5652
ESM2-35M,casp15,T1137s4-D2,0,real,phys35m,0.0000
ESM2-35M,casp15,T1137s4-D3,0,real,phys35m,0.4286
ESM2-35M,casp15,T1137s5-D1,0,real,phys35m,0.4444
ESM2-35M,casp15,T1137s5-D2,0,real,phys35m,0.0000
ESM2-35M,casp15,T1137s6-D1,0,real,phys35m,0.5000
ESM2-35M,casp15,T1137s6-D2,0,real,phys35m,0.0000
ESM2-35M,casp15,T1137s7-D1,0,real,phys35m,0.7667
ESM2-35M,casp15,T1137s8-D1,0,real,phys35m,0.0200
ESM2-35M,casp15,T1137s9-D1,0,real,phys35m,0.0755
ESM2-35M,casp15,T1139-D1,0,real,phys35m,0.8475
ESM2-35M,casp15,T1145-D1,0,real,phys35m,0.1579
ESM2-35M,casp15,T1150-D1,0,real,phys35m,0.2319
ESM2-35M,casp15,T1157s1-D2,0,real,phys35m,0.0909
ESM2-35M,casp15,T1157s1-D3,0,real,phys35m,0.2609
ESM2-35M,casp15,T1157s2-D1,0,real,phys35m,0.6190
ESM2-35M,casp15,T1157s2-D2,0,real,phys35m,0.6279
ESM2-35M,casp15,T1157s2-D3,0,real,phys35m,0.5714
ESM2-35M,casp15,T1170-D1,0,real,phys35m,0.5833
ESM2-35M,casp15,T1170-D2,0,real,phys35m,0.4286
ESM2-35M,casp15,T1180-D1,0,real,phys35m,0.8421
ESM2-35M,casp15,T1187-D1,0,real,phys35m,0.8438
ESM2-35M,casp15,T1194-D1,0,real,phys35m,0.0625
ESM2-35M,casp15,T1104-D1,1,real,phys35m,0.3043
ESM2-35M,casp15,T1106s1-D1,1,real,phys35m,0.0000
ESM2-35M,casp15,T1106s2-D1,1,real,phys35m,0.7727
ESM2-35M,casp15,T1109-D1,1,real,phys35m,0.8095
ESM2-35M,casp15,T1119-D1,1,real,phys35m,0.0000
ESM2-35M,casp15,T1120-D1,1,real,phys35m,0.1739
ESM2-35M,casp15,T1120-D2,1,real,phys35m,0.0000
ESM2-35M,casp15,T1121-D1,1,real,phys35m,0.0256
ESM2-35M,casp15,T1121-D2,1,real,phys35m,0.8182
ESM2-35M,casp15,T1123-D1,1,real,phys35m,0.2143
ESM2-35M,casp15,T1124-D1,1,real,phys35m,0.8667
ESM2-35M,casp15,T1133-D1,1,real,phys35m,0.9136
ESM2-35M,casp15,T1137s1-D1,1,real,phys35m,0.7333
ESM2-35M,casp15,T1137s1-D2,1,real,phys35m,0.0000
ESM2-35M,casp15,T1137s2-D1,1,real,phys35m,0.2414
ESM2-35M,casp15,T1137s2-D2,1,real,phys35m,0.0000
ESM2-35M,casp15,T1137s3-D1,1,real,phys35m,0.4138
ESM2-35M,casp15,T1137s3-D2,1,real,phys35m,0.0000
ESM2-35M,casp15,T1137s4-D1,1,real,phys35m,0.4783
ESM2-35M,casp15,T1137s4-D2,1,real,phys35m,0.0000
ESM2-35M,casp15,T1137s4-D3,1,real,phys35m,0.0000
ESM2-35M,casp15,T1137s5-D1,1,real,phys35m,0.5556
ESM2-35M,casp15,T1137s5-D2,1,real,phys35m,0.0000
ESM2-35M,casp15,T1137s6-D1,1,real,phys35m,0.5333
ESM2-35M,casp15,T1137s6-D2,1,real,phys35m,0.0000
ESM2-35M,casp15,T1137s7-D1,1,real,phys35m,0.6500
ESM2-35M,casp15,T1137s8-D1,1,real,phys35m,0.0600
ESM2-35M,casp15,T1137s9-D1,1,real,phys35m,0.0377
ESM2-35M,casp15,T1139-D1,1,real,phys35m,1.0000
ESM2-35M,casp15,T1145-D1,1,real,phys35m,0.0526
ESM2-35M,casp15,T1150-D1,1,real,phys35m,0.3478
ESM2-35M,casp15,T1157s1-D2,1,real,phys35m,0.0455
ESM2-35M,casp15,T1157s1-D3,1,real,phys35m,0.4783
ESM2-35M,casp15,T1157s2-D1,1,real,phys35m,0.6667
ESM2-35M,casp15,T1157s2-D2,1,real,phys35m,0.8605
ESM2-35M,casp15,T1157s2-D3,1,real,phys35m,0.8929
ESM2-35M,casp15,T1170-D1,1,real,phys35m,0.6667
ESM2-35M,casp15,T1170-D2,1,real,phys35m,0.2143
ESM2-35M,casp15,T1180-D1,1,real,phys35m,0.7895
ESM2-35M,casp15,T1187-D1,1,real,phys35m,0.6875
ESM2-35M,casp15,T1194-D1,1,real,phys35m,0.2812
ESM2-35M,casp15,T1104-D1,2,real,phys35m,0.1304
ESM2-35M,casp15,T1106s1-D1,2,real,phys35m,0.2143
ESM2-35M,casp15,T1106s2-D1,2,real,phys35m,0.9091
ESM2-35M,casp15,T1109-D1,2,real,phys35m,0.7857
ESM2-35M,casp15,T1119-D1,2,real,phys35m,0.0000
ESM2-35M,casp15,T1120-D1,2,real,phys35m,0.1304
ESM2-35M,casp15,T1120-D2,2,real,phys35m,0.2273
ESM2-35M,casp15,T1121-D1,2,real,phys35m,0.0769
ESM2-35M,casp15,T1121-D2,2,real,phys35m,0.6364
ESM2-35M,casp15,T1123-D1,2,real,phys35m,0.1429
ESM2-35M,casp15,T1124-D1,2,real,phys35m,0.9333
ESM2-35M,casp15,T1133-D1,2,real,phys35m,0.9259
ESM2-35M,casp15,T1137s1-D1,2,real,phys35m,0.6000
ESM2-35M,casp15,T1137s1-D2,2,real,phys35m,0.0000
ESM2-35M,casp15,T1137s2-D1,2,real,phys35m,0.5172
ESM2-35M,casp15,T1137s2-D2,2,real,phys35m,0.2368
ESM2-35M,casp15,T1137s3-D1,2,real,phys35m,0.2069
ESM2-35M,casp15,T1137s3-D2,2,real,phys35m,0.0000
ESM2-35M,casp15,T1137s4-D1,2,real,phys35m,0.6087
ESM2-35M,casp15,T1137s4-D2,2,real,phys35m,0.0000
ESM2-35M,casp15,T1137s4-D3,2,real,phys35m,0.1429
ESM2-35M,casp15,T1137s5-D1,2,real,phys35m,0.4444
ESM2-35M,casp15,T1137s5-D2,2,real,phys35m,0.0000
ESM2-35M,casp15,T1137s6-D1,2,real,phys35m,0.5000
ESM2-35M,casp15,T1137s6-D2,2,real,phys35m,0.0000
ESM2-35M,casp15,T1137s7-D1,2,real,phys35m,0.7500
ESM2-35M,casp15,T1137s8-D1,2,real,phys35m,0.0800
ESM2-35M,casp15,T1137s9-D1,2,real,phys35m,0.0566
ESM2-35M,casp15,T1139-D1,2,real,phys35m,0.8814
ESM2-35M,casp15,T1145-D1,2,real,phys35m,0.2105
ESM2-35M,casp15,T1150-D1,2,real,phys35m,0.3188
ESM2-35M,casp15,T1157s1-D2,2,real,phys35m,0.3636
ESM2-35M,casp15,T1157s1-D3,2,real,phys35m,0.3478
ESM2-35M,casp15,T1157s2-D1,2,real,phys35m,0.5714
ESM2-35M,casp15,T1157s2-D2,2,real,phys35m,0.7674
ESM2-35M,casp15,T1157s2-D3,2,real,phys35m,0.6786
ESM2-35M,casp15,T1170-D1,2,real,phys35m,0.5208
ESM2-35M,casp15,T1170-D2,2,real,phys35m,0.3571
ESM2-35M,casp15,T1180-D1,2,real,phys35m,0.8289
ESM2-35M,casp15,T1187-D1,2,real,phys35m,0.5312
ESM2-35M,casp15,T1194-D1,2,real,phys35m,0.1250
ESM2-35M,casp15,T1104-D1,0,perm0,pert35m_p0,0.3043
ESM2-35M,casp15,T1106s1-D1,0,perm0,pert35m_p0,0.1429
ESM2-35M,casp15,T1106s2-D1,0,perm0,pert35m_p0,0.9545
ESM2-35M,casp15,T1109-D1,0,perm0,pert35m_p0,0.8571
ESM2-35M,casp15,T1119-D1,0,perm0,pert35m_p0,0.0000
ESM2-35M,casp15,T1120-D1,0,perm0,pert35m_p0,0.1739
ESM2-35M,casp15,T1120-D2,0,perm0,pert35m_p0,0.0909
ESM2-35M,casp15,T1121-D1,0,perm0,pert35m_p0,0.0000
ESM2-35M,casp15,T1121-D2,0,perm0,pert35m_p0,0.7879
ESM2-35M,casp15,T1123-D1,0,perm0,pert35m_p0,0.3810
ESM2-35M,casp15,T1124-D1,0,perm0,pert35m_p0,0.8933
ESM2-35M,casp15,T1133-D1,0,perm0,pert35m_p0,0.8025
ESM2-35M,casp15,T1137s1-D1,0,perm0,pert35m_p0,0.4667
ESM2-35M,casp15,T1137s1-D2,0,perm0,pert35m_p0,0.0000
ESM2-35M,casp15,T1137s2-D1,0,perm0,pert35m_p0,0.4483
ESM2-35M,casp15,T1137s2-D2,0,perm0,pert35m_p0,0.0000
ESM2-35M,casp15,T1137s3-D1,0,perm0,pert35m_p0,0.2414
ESM2-35M,casp15,T1137s3-D2,0,perm0,pert35m_p0,0.0000
ESM2-35M,casp15,T1137s4-D1,0,perm0,pert35m_p0,0.4783
ESM2-35M,casp15,T1137s4-D2,0,perm0,pert35m_p0,0.0000
ESM2-35M,casp15,T1137s4-D3,0,perm0,pert35m_p0,0.0000
ESM2-35M,casp15,T1137s5-D1,0,perm0,pert35m_p0,0.3333
ESM2-35M,casp15,T1137s5-D2,0,perm0,pert35m_p0,0.0000
ESM2-35M,casp15,T1137s6-D1,0,perm0,pert35m_p0,0.2667
ESM2-35M,casp15,T1137s6-D2,0,perm0,pert35m_p0,0.0000
ESM2-35M,casp15,T1137s7-D1,0,perm0,pert35m_p0,0.7500
ESM2-35M,casp15,T1137s8-D1,0,perm0,pert35m_p0,0.1000
ESM2-35M,casp15,T1137s9-D1,0,perm0,pert35m_p0,0.0566
ESM2-35M,casp15,T1139-D1,0,perm0,pert35m_p0,0.9661
ESM2-35M,casp15,T1145-D1,0,perm0,pert35m_p0,0.1579
ESM2-35M,casp15,T1150-D1,0,perm0,pert35m_p0,0.3043
ESM2-35M,casp15,T1157s1-D2,0,perm0,pert35m_p0,0.0909
ESM2-35M,casp15,T1157s1-D3,0,perm0,pert35m_p0,0.2174
ESM2-35M,casp15,T1157s2-D1,0,perm0,pert35m_p0,0.6667
ESM2-35M,casp15,T1157s2-D2,0,perm0,pert35m_p0,0.8140
ESM2-35M,casp15,T1157s2-D3,0,perm0,pert35m_p0,0.7857
ESM2-35M,casp15,T1170-D1,0,perm0,pert35m_p0,0.5208
ESM2-35M,casp15,T1170-D2,0,perm0,pert35m_p0,0.6429
ESM2-35M,casp15,T1180-D1,0,perm0,pert35m_p0,0.8026
ESM2-35M,casp15,T1187-D1,0,perm0,pert35m_p0,0.7188
ESM2-35M,casp15,T1194-D1,0,perm0,pert35m_p0,0.1875
ESM2-35M,casp15,T1104-D1,1,perm0,pert35m_p0,0.2174
ESM2-35M,casp15,T1106s1-D1,1,perm0,pert35m_p0,0.2857
ESM2-35M,casp15,T1106s2-D1,1,perm0,pert35m_p0,0.8636
ESM2-35M,casp15,T1109-D1,1,perm0,pert35m_p0,0.7619
ESM2-35M,casp15,T1119-D1,1,perm0,pert35m_p0,0.0000
ESM2-35M,casp15,T1120-D1,1,perm0,pert35m_p0,0.3478
ESM2-35M,casp15,T1120-D2,1,perm0,pert35m_p0,0.0909
ESM2-35M,casp15,T1121-D1,1,perm0,pert35m_p0,0.0513
ESM2-35M,casp15,T1121-D2,1,perm0,pert35m_p0,0.7879
ESM2-35M,casp15,T1123-D1,1,perm0,pert35m_p0,0.2857
ESM2-35M,casp15,T1124-D1,1,perm0,pert35m_p0,0.9467
ESM2-35M,casp15,T1133-D1,1,perm0,pert35m_p0,0.8765
ESM2-35M,casp15,T1137s1-D1,1,perm0,pert35m_p0,0.7000
ESM2-35M,casp15,T1137s1-D2,1,perm0,pert35m_p0,0.0000
ESM2-35M,casp15,T1137s2-D1,1,perm0,pert35m_p0,0.4138
ESM2-35M,casp15,T1137s2-D2,1,perm0,pert35m_p0,0.0263
ESM2-35M,casp15,T1137s3-D1,1,perm0,pert35m_p0,0.4483
ESM2-35M,casp15,T1137s3-D2,1,perm0,pert35m_p0,0.0000
ESM2-35M,casp15,T1137s4-D1,1,perm0,pert35m_p0,0.3478
ESM2-35M,casp15,T1137s4-D2,1,perm0,pert35m_p0,0.0000
ESM2-35M,casp15,T1137s4-D3,1,perm0,pert35m_p0,0.1429
ESM2-35M,casp15,T1137s5-D1,1,perm0,pert35m_p0,0.6667
ESM2-35M,casp15,T1137s5-D2,1,perm0,pert35m_p0,0.0000
ESM2-35M,casp15,T1137s6-D1,1,perm0,pert35m_p0,0.6000
ESM2-35M,casp15,T1137s6-D2,1,perm0,pert35m_p0,0.0000
ESM2-35M,casp15,T1137s7-D1,1,perm0,pert35m_p0,0.6333
ESM2-35M,casp15,T1137s8-D1,1,perm0,pert35m_p0,0.0600
ESM2-35M,casp15,T1137s9-D1,1,perm0,pert35m_p0,0.2264
ESM2-35M,casp15,T1139-D1,1,perm0,pert35m_p0,0.9831
ESM2-35M,casp15,T1145-D1,1,perm0,pert35m_p0,0.0000
ESM2-35M,casp15,T1150-D1,1,perm0,pert35m_p0,0.2319
ESM2-35M,casp15,T1157s1-D2,1,perm0,pert35m_p0,0.3182
ESM2-35M,casp15,T1157s1-D3,1,perm0,pert35m_p0,0.4348
ESM2-35M,casp15,T1157s2-D1,1,perm0,pert35m_p0,0.8095
ESM2-35M,casp15,T1157s2-D2,1,perm0,pert35m_p0,0.8837
ESM2-35M,casp15,T1157s2-D3,1,perm0,pert35m_p0,0.8214
ESM2-35M,casp15,T1170-D1,1,perm0,pert35m_p0,0.6250
ESM2-35M,casp15,T1170-D2,1,perm0,pert35m_p0,0.2143
ESM2-35M,casp15,T1180-D1,1,perm0,pert35m_p0,0.8158
ESM2-35M,casp15,T1187-D1,1,perm0,pert35m_p0,0.7188
ESM2-35M,casp15,T1194-D1,1,perm0,pert35m_p0,0.1875
ESM2-35M,casp15,T1104-D1,2,perm0,pert35m_p0,0.3913
ESM2-35M,casp15,T1106s1-D1,2,perm0,pert35m_p0,0.0000
ESM2-35M,casp15,T1106s2-D1,2,perm0,pert35m_p0,0.8636
ESM2-35M,casp15,T1109-D1,2,perm0,pert35m_p0,0.7381
ESM2-35M,casp15,T1119-D1,2,perm0,pert35m_p0,0.0000
ESM2-35M,casp15,T1120-D1,2,perm0,pert35m_p0,0.1739
ESM2-35M,casp15,T1120-D2,2,perm0,pert35m_p0,0.0909
ESM2-35M,casp15,T1121-D1,2,perm0,pert35m_p0,0.0256
ESM2-35M,casp15,T1121-D2,2,perm0,pert35m_p0,0.8182
ESM2-35M,casp15,T1123-D1,2,perm0,pert35m_p0,0.3095
ESM2-35M,casp15,T1124-D1,2,perm0,pert35m_p0,0.9200
ESM2-35M,casp15,T1133-D1,2,perm0,pert35m_p0,0.8642
ESM2-35M,casp15,T1137s1-D1,2,perm0,pert35m_p0,0.2333
ESM2-35M,casp15,T1137s1-D2,2,perm0,pert35m_p0,0.0000
ESM2-35M,casp15,T1137s2-D1,2,perm0,pert35m_p0,0.1724
ESM2-35M,casp15,T1137s2-D2,2,perm0,pert35m_p0,0.0263
ESM2-35M,casp15,T1137s3-D1,2,perm0,pert35m_p0,0.3103
ESM2-35M,casp15,T1137s3-D2,2,perm0,pert35m_p0,0.0000
ESM2-35M,casp15,T1137s4-D1,2,perm0,pert35m_p0,0.4348
ESM2-35M,casp15,T1137s4-D2,2,perm0,pert35m_p0,0.0213
ESM2-35M,casp15,T1137s4-D3,2,perm0,pert35m_p0,0.0714
ESM2-35M,casp15,T1137s5-D1,2,perm0,pert35m_p0,0.5185
ESM2-35M,casp15,T1137s5-D2,2,perm0,pert35m_p0,0.0455
ESM2-35M,casp15,T1137s6-D1,2,perm0,pert35m_p0,0.3333
ESM2-35M,casp15,T1137s6-D2,2,perm0,pert35m_p0,0.1224
ESM2-35M,casp15,T1137s7-D1,2,perm0,pert35m_p0,0.7000
ESM2-35M,casp15,T1137s8-D1,2,perm0,pert35m_p0,0.1400
ESM2-35M,casp15,T1137s9-D1,2,perm0,pert35m_p0,0.0189
ESM2-35M,casp15,T1139-D1,2,perm0,pert35m_p0,0.9661
ESM2-35M,casp15,T1145-D1,2,perm0,pert35m_p0,0.4737
ESM2-35M,casp15,T1150-D1,2,perm0,pert35m_p0,0.3188
ESM2-35M,casp15,T1157s1-D2,2,perm0,pert35m_p0,0.4545
ESM2-35M,casp15,T1157s1-D3,2,perm0,pert35m_p0,0.3696
ESM2-35M,casp15,T1157s2-D1,2,perm0,pert35m_p0,0.3333
ESM2-35M,casp15,T1157s2-D2,2,perm0,pert35m_p0,0.7907
ESM2-35M,casp15,T1157s2-D3,2,perm0,pert35m_p0,0.5000
ESM2-35M,casp15,T1170-D1,2,perm0,pert35m_p0,0.6250
ESM2-35M,casp15,T1170-D2,2,perm0,pert35m_p0,0.2143
ESM2-35M,casp15,T1180-D1,2,perm0,pert35m_p0,0.7237
ESM2-35M,casp15,T1187-D1,2,perm0,pert35m_p0,0.4062
ESM2-35M,casp15,T1194-D1,2,perm0,pert35m_p0,0.1250
ESM2-35M,casp15,T1104-D1,0,perm1,pert35m_p1,0.3043
ESM2-35M,casp15,T1106s1-D1,0,perm1,pert35m_p1,0.0714
ESM2-35M,casp15,T1106s2-D1,0,perm1,pert35m_p1,0.9091
ESM2-35M,casp15,T1109-D1,0,perm1,pert35m_p1,0.8095
ESM2-35M,casp15,T1119-D1,0,perm1,pert35m_p1,0.0000
ESM2-35M,casp15,T1120-D1,0,perm1,pert35m_p1,0.1304
ESM2-35M,casp15,T1120-D2,0,perm1,pert35m_p1,0.0909
ESM2-35M,casp15,T1121-D1,0,perm1,pert35m_p1,0.0000
ESM2-35M,casp15,T1121-D2,0,perm1,pert35m_p1,0.8485
ESM2-35M,casp15,T1123-D1,0,perm1,pert35m_p1,0.3333
ESM2-35M,casp15,T1124-D1,0,perm1,pert35m_p1,0.8400
ESM2-35M,casp15,T1133-D1,0,perm1,pert35m_p1,0.7901
ESM2-35M,casp15,T1137s1-D1,0,perm1,pert35m_p1,0.4667
ESM2-35M,casp15,T1137s1-D2,0,perm1,pert35m_p1,0.0000
ESM2-35M,casp15,T1137s2-D1,0,perm1,pert35m_p1,0.4483
ESM2-35M,casp15,T1137s2-D2,0,perm1,pert35m_p1,0.1053
ESM2-35M,casp15,T1137s3-D1,0,perm1,pert35m_p1,0.3793
ESM2-35M,casp15,T1137s3-D2,0,perm1,pert35m_p1,0.0000
ESM2-35M,casp15,T1137s4-D1,0,perm1,pert35m_p1,0.4783
ESM2-35M,casp15,T1137s4-D2,0,perm1,pert35m_p1,0.0000
ESM2-35M,casp15,T1137s4-D3,0,perm1,pert35m_p1,0.2143
ESM2-35M,casp15,T1137s5-D1,0,perm1,pert35m_p1,0.4815
ESM2-35M,casp15,T1137s5-D2,0,perm1,pert35m_p1,0.0000
ESM2-35M,casp15,T1137s6-D1,0,perm1,pert35m_p1,0.5667
ESM2-35M,casp15,T1137s6-D2,0,perm1,pert35m_p1,0.0000
ESM2-35M,casp15,T1137s7-D1,0,perm1,pert35m_p1,0.6833
ESM2-35M,casp15,T1137s8-D1,0,perm1,pert35m_p1,0.1000
ESM2-35M,casp15,T1137s9-D1,0,perm1,pert35m_p1,0.0755
ESM2-35M,casp15,T1139-D1,0,perm1,pert35m_p1,0.8475
ESM2-35M,casp15,T1145-D1,0,perm1,pert35m_p1,0.2105
ESM2-35M,casp15,T1150-D1,0,perm1,pert35m_p1,0.3768
ESM2-35M,casp15,T1157s1-D2,0,perm1,pert35m_p1,0.0000
ESM2-35M,casp15,T1157s1-D3,0,perm1,pert35m_p1,0.3478
ESM2-35M,casp15,T1157s2-D1,0,perm1,pert35m_p1,0.4286
ESM2-35M,casp15,T1157s2-D2,0,perm1,pert35m_p1,0.7442
ESM2-35M,casp15,T1157s2-D3,0,perm1,pert35m_p1,0.4643
ESM2-35M,casp15,T1170-D1,0,perm1,pert35m_p1,0.5625
ESM2-35M,casp15,T1170-D2,0,perm1,pert35m_p1,0.5000
ESM2-35M,casp15,T1180-D1,0,perm1,pert35m_p1,0.8684
ESM2-35M,casp15,T1187-D1,0,perm1,pert35m_p1,0.5938
ESM2-35M,casp15,T1194-D1,0,perm1,pert35m_p1,0.1875
ESM2-35M,casp15,T1104-D1,1,perm1,pert35m_p1,0.2174
ESM2-35M,casp15,T1106s1-D1,1,perm1,pert35m_p1,0.0000
ESM2-35M,casp15,T1106s2-D1,1,perm1,pert35m_p1,1.0000
ESM2-35M,casp15,T1109-D1,1,perm1,pert35m_p1,0.7619
ESM2-35M,casp15,T1119-D1,1,perm1,pert35m_p1,0.0000
ESM2-35M,casp15,T1120-D1,1,perm1,pert35m_p1,0.1739
ESM2-35M,casp15,T1120-D2,1,perm1,pert35m_p1,0.0000
ESM2-35M,casp15,T1121-D1,1,perm1,pert35m_p1,0.0000
ESM2-35M,casp15,T1121-D2,1,perm1,pert35m_p1,0.6970
ESM2-35M,casp15,T1123-D1,1,perm1,pert35m_p1,0.1667
ESM2-35M,casp15,T1124-D1,1,perm1,pert35m_p1,0.9200
ESM2-35M,casp15,T1133-D1,1,perm1,pert35m_p1,0.9012
ESM2-35M,casp15,T1137s1-D1,1,perm1,pert35m_p1,0.7333
ESM2-35M,casp15,T1137s1-D2,1,perm1,pert35m_p1,0.0000
ESM2-35M,casp15,T1137s2-D1,1,perm1,pert35m_p1,0.5517
ESM2-35M,casp15,T1137s2-D2,1,perm1,pert35m_p1,0.0000
ESM2-35M,casp15,T1137s3-D1,1,perm1,pert35m_p1,0.4828
ESM2-35M,casp15,T1137s3-D2,1,perm1,pert35m_p1,0.0000
ESM2-35M,casp15,T1137s4-D1,1,perm1,pert35m_p1,0.4783
ESM2-35M,casp15,T1137s4-D2,1,perm1,pert35m_p1,0.0000
ESM2-35M,casp15,T1137s4-D3,1,perm1,pert35m_p1,0.0000
ESM2-35M,casp15,T1137s5-D1,1,perm1,pert35m_p1,0.5556
ESM2-35M,casp15,T1137s5-D2,1,perm1,pert35m_p1,0.0000
ESM2-35M,casp15,T1137s6-D1,1,perm1,pert35m_p1,0.6333
ESM2-35M,casp15,T1137s6-D2,1,perm1,pert35m_p1,0.0000
ESM2-35M,casp15,T1137s7-D1,1,perm1,pert35m_p1,0.6667
ESM2-35M,casp15,T1137s8-D1,1,perm1,pert35m_p1,0.0400
ESM2-35M,casp15,T1137s9-D1,1,perm1,pert35m_p1,0.0943
ESM2-35M,casp15,T1139-D1,1,perm1,pert35m_p1,0.9661
ESM2-35M,casp15,T1145-D1,1,perm1,pert35m_p1,0.1053
ESM2-35M,casp15,T1150-D1,1,perm1,pert35m_p1,0.2754
ESM2-35M,casp15,T1157s1-D2,1,perm1,pert35m_p1,0.3182
ESM2-35M,casp15,T1157s1-D3,1,perm1,pert35m_p1,0.4130
ESM2-35M,casp15,T1157s2-D1,1,perm1,pert35m_p1,0.7619
ESM2-35M,casp15,T1157s2-D2,1,perm1,pert35m_p1,0.8605
ESM2-35M,casp15,T1157s2-D3,1,perm1,pert35m_p1,0.8929
ESM2-35M,casp15,T1170-D1,1,perm1,pert35m_p1,0.7708
ESM2-35M,casp15,T1170-D2,1,perm1,pert35m_p1,0.2143
ESM2-35M,casp15,T1180-D1,1,perm1,pert35m_p1,0.8158
ESM2-35M,casp15,T1187-D1,1,perm1,pert35m_p1,0.5938
ESM2-35M,casp15,T1194-D1,1,perm1,pert35m_p1,0.0625
ESM2-35M,casp15,T1104-D1,2,perm1,pert35m_p1,0.1304
ESM2-35M,casp15,T1106s1-D1,2,perm1,pert35m_p1,0.0000
ESM2-35M,casp15,T1106s2-D1,2,perm1,pert35m_p1,0.7727
ESM2-35M,casp15,T1109-D1,2,perm1,pert35m_p1,0.7619
ESM2-35M,casp15,T1119-D1,2,perm1,pert35m_p1,0.0000
ESM2-35M,casp15,T1120-D1,2,perm1,pert35m_p1,0.3043
ESM2-35M,casp15,T1120-D2,2,perm1,pert35m_p1,0.0909
ESM2-35M,casp15,T1121-D1,2,perm1,pert35m_p1,0.0256
ESM2-35M,casp15,T1121-D2,2,perm1,pert35m_p1,0.7273
ESM2-35M,casp15,T1123-D1,2,perm1,pert35m_p1,0.3095
ESM2-35M,casp15,T1124-D1,2,perm1,pert35m_p1,0.9067
ESM2-35M,casp15,T1133-D1,2,perm1,pert35m_p1,0.8642
ESM2-35M,casp15,T1137s1-D1,2,perm1,pert35m_p1,0.6333
ESM2-35M,casp15,T1137s1-D2,2,perm1,pert35m_p1,0.0000
ESM2-35M,casp15,T1137s2-D1,2,perm1,pert35m_p1,0.4138
ESM2-35M,casp15,T1137s2-D2,2,perm1,pert35m_p1,0.0000
ESM2-35M,casp15,T1137s3-D1,2,perm1,pert35m_p1,0.3103
ESM2-35M,casp15,T1137s3-D2,2,perm1,pert35m_p1,0.0000
ESM2-35M,casp15,T1137s4-D1,2,perm1,pert35m_p1,0.5217
ESM2-35M,casp15,T1137s4-D2,2,perm1,pert35m_p1,0.0000
ESM2-35M,casp15,T1137s4-D3,2,perm1,pert35m_p1,0.0000
ESM2-35M,casp15,T1137s5-D1,2,perm1,pert35m_p1,0.6667
ESM2-35M,casp15,T1137s5-D2,2,perm1,pert35m_p1,0.0000
ESM2-35M,casp15,T1137s6-D1,2,perm1,pert35m_p1,0.5000
ESM2-35M,casp15,T1137s6-D2,2,perm1,pert35m_p1,0.1633
ESM2-35M,casp15,T1137s7-D1,2,perm1,pert35m_p1,0.7833
ESM2-35M,casp15,T1137s8-D1,2,perm1,pert35m_p1,0.1000
ESM2-35M,casp15,T1137s9-D1,2,perm1,pert35m_p1,0.0943
ESM2-35M,casp15,T1139-D1,2,perm1,pert35m_p1,0.9492
ESM2-35M,casp15,T1145-D1,2,perm1,pert35m_p1,0.0526
ESM2-35M,casp15,T1150-D1,2,perm1,pert35m_p1,0.2174
ESM2-35M,casp15,T1157s1-D2,2,perm1,pert35m_p1,0.3182
ESM2-35M,casp15,T1157s1-D3,2,perm1,pert35m_p1,0.2609
ESM2-35M,casp15,T1157s2-D1,2,perm1,pert35m_p1,0.4762
ESM2-35M,casp15,T1157s2-D2,2,perm1,pert35m_p1,0.6047
ESM2-35M,casp15,T1157s2-D3,2,perm1,pert35m_p1,0.5714
ESM2-35M,casp15,T1170-D1,2,perm1,pert35m_p1,0.5208
ESM2-35M,casp15,T1170-D2,2,perm1,pert35m_p1,0.2857
ESM2-35M,casp15,T1180-D1,2,perm1,pert35m_p1,0.7105
ESM2-35M,casp15,T1187-D1,2,perm1,pert35m_p1,0.8125
ESM2-35M,casp15,T1194-D1,2,perm1,pert35m_p1,0.1562
ESM2-35M,casp15,T1104-D1,0,perm2,pert35m_p2,0.1739
ESM2-35M,casp15,T1106s1-D1,0,perm2,pert35m_p2,0.0714
ESM2-35M,casp15,T1106s2-D1,0,perm2,pert35m_p2,0.9545
ESM2-35M,casp15,T1109-D1,0,perm2,pert35m_p2,0.8571
ESM2-35M,casp15,T1119-D1,0,perm2,pert35m_p2,0.0000
ESM2-35M,casp15,T1120-D1,0,perm2,pert35m_p2,0.2174
ESM2-35M,casp15,T1120-D2,0,perm2,pert35m_p2,0.0455
ESM2-35M,casp15,T1121-D1,0,perm2,pert35m_p2,0.0513
ESM2-35M,casp15,T1121-D2,0,perm2,pert35m_p2,0.6970
ESM2-35M,casp15,T1123-D1,0,perm2,pert35m_p2,0.3810
ESM2-35M,casp15,T1124-D1,0,perm2,pert35m_p2,0.8267
ESM2-35M,casp15,T1133-D1,0,perm2,pert35m_p2,0.8272
ESM2-35M,casp15,T1137s1-D1,0,perm2,pert35m_p2,0.3000
ESM2-35M,casp15,T1137s1-D2,0,perm2,pert35m_p2,0.0000
ESM2-35M,casp15,T1137s2-D1,0,perm2,pert35m_p2,0.4828
ESM2-35M,casp15,T1137s2-D2,0,perm2,pert35m_p2,0.0000
ESM2-35M,casp15,T1137s3-D1,0,perm2,pert35m_p2,0.4828
ESM2-35M,casp15,T1137s3-D2,0,perm2,pert35m_p2,0.0000
ESM2-35M,casp15,T1137s4-D1,0,perm2,pert35m_p2,0.5652
ESM2-35M,casp15,T1137s4-D2,0,perm2,pert35m_p2,0.0000
ESM2-35M,casp15,T1137s4-D3,0,perm2,pert35m_p2,0.0714
ESM2-35M,casp15,T1137s5-D1,0,perm2,pert35m_p2,0.5185
ESM2-35M,casp15,T1137s5-D2,0,perm2,pert35m_p2,0.0000
ESM2-35M,casp15,T1137s6-D1,0,perm2,pert35m_p2,0.6000
ESM2-35M,casp15,T1137s6-D2,0,perm2,pert35m_p2,0.0000
ESM2-35M,casp15,T1137s7-D1,0,perm2,pert35m_p2,0.7667
ESM2-35M,casp15,T1137s8-D1,0,perm2,pert35m_p2,0.1200
ESM2-35M,casp15,T1137s9-D1,0,perm2,pert35m_p2,0.0943
ESM2-35M,casp15,T1139-D1,0,perm2,pert35m_p2,0.9322
ESM2-35M,casp15,T1145-D1,0,perm2,pert35m_p2,0.4211
ESM2-35M,casp15,T1150-D1,0,perm2,pert35m_p2,0.2319
ESM2-35M,casp15,T1157s1-D2,0,perm2,pert35m_p2,0.3636
ESM2-35M,casp15,T1157s1-D3,0,perm2,pert35m_p2,0.2391
ESM2-35M,casp15,T1157s2-D1,0,perm2,pert35m_p2,0.5714
ESM2-35M,casp15,T1157s2-D2,0,perm2,pert35m_p2,0.6977
ESM2-35M,casp15,T1157s2-D3,0,perm2,pert35m_p2,0.7857
ESM2-35M,casp15,T1170-D1,0,perm2,pert35m_p2,0.5417
ESM2-35M,casp15,T1170-D2,0,perm2,pert35m_p2,0.5000
ESM2-35M,casp15,T1180-D1,0,perm2,pert35m_p2,0.8684
ESM2-35M,casp15,T1187-D1,0,perm2,pert35m_p2,0.5000
ESM2-35M,casp15,T1194-D1,0,perm2,pert35m_p2,0.0625
ESM2-35M,casp15,T1104-D1,1,perm2,pert35m_p2,0.3478
ESM2-35M,casp15,T1106s1-D1,1,perm2,pert35m_p2,0.0000
ESM2-35M,casp15,T1106s2-D1,1,perm2,pert35m_p2,0.8182
ESM2-35M,casp15,T1109-D1,1,perm2,pert35m_p2,0.8095
ESM2-35M,casp15,T1119-D1,1,perm2,pert35m_p2,0.0000
ESM2-35M,casp15,T1120-D1,1,perm2,pert35m_p2,0.1304
ESM2-35M,casp15,T1120-D2,1,perm2,pert35m_p2,0.0000
ESM2-35M,casp15,T1121-D1,1,perm2,pert35m_p2,0.0256
ESM2-35M,casp15,T1121-D2,1,perm2,pert35m_p2,0.8182
ESM2-35M,casp15,T1123-D1,1,perm2,pert35m_p2,0.1905
ESM2-35M,casp15,T1124-D1,1,perm2,pert35m_p2,0.9200
ESM2-35M,casp15,T1133-D1,1,perm2,pert35m_p2,0.9012
ESM2-35M,casp15,T1137s1-D1,1,perm2,pert35m_p2,0.6000
ESM2-35M,casp15,T1137s1-D2,1,perm2,pert35m_p2,0.0000
ESM2-35M,casp15,T1137s2-D1,1,perm2,pert35m_p2,0.4828
ESM2-35M,casp15,T1137s2-D2,1,perm2,pert35m_p2,0.0000
ESM2-35M,casp15,T1137s3-D1,1,perm2,pert35m_p2,0.4483
ESM2-35M,casp15,T1137s3-D2,1,perm2,pert35m_p2,0.0000
ESM2-35M,casp15,T1137s4-D1,1,perm2,pert35m_p2,0.7826
ESM2-35M,casp15,T1137s4-D2,1,perm2,pert35m_p2,0.0000
ESM2-35M,casp15,T1137s4-D3,1,perm2,pert35m_p2,0.0000
ESM2-35M,casp15,T1137s5-D1,1,perm2,pert35m_p2,0.6667
ESM2-35M,casp15,T1137s5-D2,1,perm2,pert35m_p2,0.0000
ESM2-35M,casp15,T1137s6-D1,1,perm2,pert35m_p2,0.5000
ESM2-35M,casp15,T1137s6-D2,1,perm2,pert35m_p2,0.0000
ESM2-35M,casp15,T1137s7-D1,1,perm2,pert35m_p2,0.6667
ESM2-35M,casp15,T1137s8-D1,1,perm2,pert35m_p2,0.1200
ESM2-35M,casp15,T1137s9-D1,1,perm2,pert35m_p2,0.0755
ESM2-35M,casp15,T1139-D1,1,perm2,pert35m_p2,0.9831
ESM2-35M,casp15,T1145-D1,1,perm2,pert35m_p2,0.1579
ESM2-35M,casp15,T1150-D1,1,perm2,pert35m_p2,0.3043
ESM2-35M,casp15,T1157s1-D2,1,perm2,pert35m_p2,0.2727
ESM2-35M,casp15,T1157s1-D3,1,perm2,pert35m_p2,0.4565
ESM2-35M,casp15,T1157s2-D1,1,perm2,pert35m_p2,0.9524
ESM2-35M,casp15,T1157s2-D2,1,perm2,pert35m_p2,0.9070
ESM2-35M,casp15,T1157s2-D3,1,perm2,pert35m_p2,0.8571
ESM2-35M,casp15,T1170-D1,1,perm2,pert35m_p2,0.6667
ESM2-35M,casp15,T1170-D2,1,perm2,pert35m_p2,0.6429
ESM2-35M,casp15,T1180-D1,1,perm2,pert35m_p2,0.7500
ESM2-35M,casp15,T1187-D1,1,perm2,pert35m_p2,0.6875
ESM2-35M,casp15,T1194-D1,1,perm2,pert35m_p2,0.2188
ESM2-35M,casp15,T1104-D1,2,perm2,pert35m_p2,0.0435
ESM2-35M,casp15,T1106s1-D1,2,perm2,pert35m_p2,0.0000
ESM2-35M,casp15,T1106s2-D1,2,perm2,pert35m_p2,0.9545
ESM2-35M,casp15,T1109-D1,2,perm2,pert35m_p2,0.7619
ESM2-35M,casp15,T1119-D1,2,perm2,pert35m_p2,0.0000
ESM2-35M,casp15,T1120-D1,2,perm2,pert35m_p2,0.0435
ESM2-35M,casp15,T1120-D2,2,perm2,pert35m_p2,0.0455
ESM2-35M,casp15,T1121-D1,2,perm2,pert35m_p2,0.0513
ESM2-35M,casp15,T1121-D2,2,perm2,pert35m_p2,0.7273
ESM2-35M,casp15,T1123-D1,2,perm2,pert35m_p2,0.2619
ESM2-35M,casp15,T1124-D1,2,perm2,pert35m_p2,0.8933
ESM2-35M,casp15,T1133-D1,2,perm2,pert35m_p2,0.8148
ESM2-35M,casp15,T1137s1-D1,2,perm2,pert35m_p2,0.4667
ESM2-35M,casp15,T1137s1-D2,2,perm2,pert35m_p2,0.0000
ESM2-35M,casp15,T1137s2-D1,2,perm2,pert35m_p2,0.4483
ESM2-35M,casp15,T1137s2-D2,2,perm2,pert35m_p2,0.0000
ESM2-35M,casp15,T1137s3-D1,2,perm2,pert35m_p2,0.2414
ESM2-35M,casp15,T1137s3-D2,2,perm2,pert35m_p2,0.0000
ESM2-35M,casp15,T1137s4-D1,2,perm2,pert35m_p2,0.7826
ESM2-35M,casp15,T1137s4-D2,2,perm2,pert35m_p2,0.0000
ESM2-35M,casp15,T1137s4-D3,2,perm2,pert35m_p2,0.1429
ESM2-35M,casp15,T1137s5-D1,2,perm2,pert35m_p2,0.6667
ESM2-35M,casp15,T1137s5-D2,2,perm2,pert35m_p2,0.0000
ESM2-35M,casp15,T1137s6-D1,2,perm2,pert35m_p2,0.4667
ESM2-35M,casp15,T1137s6-D2,2,perm2,pert35m_p2,0.1429
ESM2-35M,casp15,T1137s7-D1,2,perm2,pert35m_p2,0.7667
ESM2-35M,casp15,T1137s8-D1,2,perm2,pert35m_p2,0.1200
ESM2-35M,casp15,T1137s9-D1,2,perm2,pert35m_p2,0.0000
ESM2-35M,casp15,T1139-D1,2,perm2,pert35m_p2,0.8814
ESM2-35M,casp15,T1145-D1,2,perm2,pert35m_p2,0.5263
ESM2-35M,casp15,T1150-D1,2,perm2,pert35m_p2,0.2464
ESM2-35M,casp15,T1157s1-D2,2,perm2,pert35m_p2,0.3636
ESM2-35M,casp15,T1157s1-D3,2,perm2,pert35m_p2,0.5000
ESM2-35M,casp15,T1157s2-D1,2,perm2,pert35m_p2,0.4762
ESM2-35M,casp15,T1157s2-D2,2,perm2,pert35m_p2,0.8140
ESM2-35M,casp15,T1157s2-D3,2,perm2,pert35m_p2,0.7857
ESM2-35M,casp15,T1170-D1,2,perm2,pert35m_p2,0.4167
ESM2-35M,casp15,T1170-D2,2,perm2,pert35m_p2,0.4286
ESM2-35M,casp15,T1180-D1,2,perm2,pert35m_p2,0.8026
ESM2-35M,casp15,T1187-D1,2,perm2,pert35m_p2,0.5625
ESM2-35M,casp15,T1194-D1,2,perm2,pert35m_p2,0.0625
ESM2-35M,casp15,T1104-D1,0,perm3,pert35m_p3,0.3043
ESM2-35M,casp15,T1106s1-D1,0,perm3,pert35m_p3,0.0000
ESM2-35M,casp15,T1106s2-D1,0,perm3,pert35m_p3,0.9091
ESM2-35M,casp15,T1109-D1,0,perm3,pert35m_p3,0.8095
ESM2-35M,casp15,T1119-D1,0,perm3,pert35m_p3,0.0000
ESM2-35M,casp15,T1120-D1,0,perm3,pert35m_p3,0.1304
ESM2-35M,casp15,T1120-D2,0,perm3,pert35m_p3,0.0000
ESM2-35M,casp15,T1121-D1,0,perm3,pert35m_p3,0.0256
ESM2-35M,casp15,T1121-D2,0,perm3,pert35m_p3,0.8788
ESM2-35M,casp15,T1123-D1,0,perm3,pert35m_p3,0.2857
ESM2-35M,casp15,T1124-D1,0,perm3,pert35m_p3,0.8800
ESM2-35M,casp15,T1133-D1,0,perm3,pert35m_p3,0.8395
ESM2-35M,casp15,T1137s1-D1,0,perm3,pert35m_p3,0.5333
ESM2-35M,casp15,T1137s1-D2,0,perm3,pert35m_p3,0.0000
ESM2-35M,casp15,T1137s2-D1,0,perm3,pert35m_p3,0.5172
ESM2-35M,casp15,T1137s2-D2,0,perm3,pert35m_p3,0.0000
ESM2-35M,casp15,T1137s3-D1,0,perm3,pert35m_p3,0.5517
ESM2-35M,casp15,T1137s3-D2,0,perm3,pert35m_p3,0.0000
ESM2-35M,casp15,T1137s4-D1,0,perm3,pert35m_p3,0.3043
ESM2-35M,casp15,T1137s4-D2,0,perm3,pert35m_p3,0.0000
ESM2-35M,casp15,T1137s4-D3,0,perm3,pert35m_p3,0.2857
ESM2-35M,casp15,T1137s5-D1,0,perm3,pert35m_p3,0.5185
ESM2-35M,casp15,T1137s5-D2,0,perm3,pert35m_p3,0.0000
ESM2-35M,casp15,T1137s6-D1,0,perm3,pert35m_p3,0.4333
ESM2-35M,casp15,T1137s6-D2,0,perm3,pert35m_p3,0.0000
ESM2-35M,casp15,T1137s7-D1,0,perm3,pert35m_p3,0.6333
ESM2-35M,casp15,T1137s8-D1,0,perm3,pert35m_p3,0.0400
ESM2-35M,casp15,T1137s9-D1,0,perm3,pert35m_p3,0.0189
ESM2-35M,casp15,T1139-D1,0,perm3,pert35m_p3,0.9153
ESM2-35M,casp15,T1145-D1,0,perm3,pert35m_p3,0.1579
ESM2-35M,casp15,T1150-D1,0,perm3,pert35m_p3,0.4058
ESM2-35M,casp15,T1157s1-D2,0,perm3,pert35m_p3,0.0455
ESM2-35M,casp15,T1157s1-D3,0,perm3,pert35m_p3,0.3696
ESM2-35M,casp15,T1157s2-D1,0,perm3,pert35m_p3,0.5714
ESM2-35M,casp15,T1157s2-D2,0,perm3,pert35m_p3,0.8605
ESM2-35M,casp15,T1157s2-D3,0,perm3,pert35m_p3,0.6071
ESM2-35M,casp15,T1170-D1,0,perm3,pert35m_p3,0.7083
ESM2-35M,casp15,T1170-D2,0,perm3,pert35m_p3,0.6429
ESM2-35M,casp15,T1180-D1,0,perm3,pert35m_p3,0.8289
ESM2-35M,casp15,T1187-D1,0,perm3,pert35m_p3,0.6562
ESM2-35M,casp15,T1194-D1,0,perm3,pert35m_p3,0.0938
ESM2-35M,casp15,T1104-D1,1,perm3,pert35m_p3,0.1739
ESM2-35M,casp15,T1106s1-D1,1,perm3,pert35m_p3,0.0714
ESM2-35M,casp15,T1106s2-D1,1,perm3,pert35m_p3,0.8636
ESM2-35M,casp15,T1109-D1,1,perm3,pert35m_p3,0.8095
ESM2-35M,casp15,T1119-D1,1,perm3,pert35m_p3,0.0000
ESM2-35M,casp15,T1120-D1,1,perm3,pert35m_p3,0.0870
ESM2-35M,casp15,T1120-D2,1,perm3,pert35m_p3,0.0000
ESM2-35M,casp15,T1121-D1,1,perm3,pert35m_p3,0.0000
ESM2-35M,casp15,T1121-D2,1,perm3,pert35m_p3,0.8485
ESM2-35M,casp15,T1123-D1,1,perm3,pert35m_p3,0.3810
ESM2-35M,casp15,T1124-D1,1,perm3,pert35m_p3,0.9200
ESM2-35M,casp15,T1133-D1,1,perm3,pert35m_p3,0.8642
ESM2-35M,casp15,T1137s1-D1,1,perm3,pert35m_p3,0.7000
ESM2-35M,casp15,T1137s1-D2,1,perm3,pert35m_p3,0.0000
ESM2-35M,casp15,T1137s2-D1,1,perm3,pert35m_p3,0.4483
ESM2-35M,casp15,T1137s2-D2,1,perm3,pert35m_p3,0.0000
ESM2-35M,casp15,T1137s3-D1,1,perm3,pert35m_p3,0.3103
ESM2-35M,casp15,T1137s3-D2,1,perm3,pert35m_p3,0.0000
ESM2-35M,casp15,T1137s4-D1,1,perm3,pert35m_p3,0.5217
ESM2-35M,casp15,T1137s4-D2,1,perm3,pert35m_p3,0.0000
ESM2-35M,casp15,T1137s4-D3,1,perm3,pert35m_p3,0.1429
ESM2-35M,casp15,T1137s5-D1,1,perm3,pert35m_p3,0.6296
ESM2-35M,casp15,T1137s5-D2,1,perm3,pert35m_p3,0.0000
ESM2-35M,casp15,T1137s6-D1,1,perm3,pert35m_p3,0.5667
ESM2-35M,casp15,T1137s6-D2,1,perm3,pert35m_p3,0.0000
ESM2-35M,casp15,T1137s7-D1,1,perm3,pert35m_p3,0.7000
ESM2-35M,casp15,T1137s8-D1,1,perm3,pert35m_p3,0.1200
ESM2-35M,casp15,T1137s9-D1,1,perm3,pert35m_p3,0.1132
ESM2-35M,casp15,T1139-D1,1,perm3,pert35m_p3,0.9322
ESM2-35M,casp15,T1145-D1,1,perm3,pert35m_p3,0.4737
ESM2-35M,casp15,T1150-D1,1,perm3,pert35m_p3,0.2029
ESM2-35M,casp15,T1157s1-D2,1,perm3,pert35m_p3,0.2273
ESM2-35M,casp15,T1157s1-D3,1,perm3,pert35m_p3,0.4130
ESM2-35M,casp15,T1157s2-D1,1,perm3,pert35m_p3,0.8571
ESM2-35M,casp15,T1157s2-D2,1,perm3,pert35m_p3,0.8837
ESM2-35M,casp15,T1157s2-D3,1,perm3,pert35m_p3,0.8571
ESM2-35M,casp15,T1170-D1,1,perm3,pert35m_p3,0.6042
ESM2-35M,casp15,T1170-D2,1,perm3,pert35m_p3,0.5714
ESM2-35M,casp15,T1180-D1,1,perm3,pert35m_p3,0.7763
ESM2-35M,casp15,T1187-D1,1,perm3,pert35m_p3,0.6250
ESM2-35M,casp15,T1194-D1,1,perm3,pert35m_p3,0.1562
ESM2-35M,casp15,T1104-D1,2,perm3,pert35m_p3,0.3043
ESM2-35M,casp15,T1106s1-D1,2,perm3,pert35m_p3,0.0000
ESM2-35M,casp15,T1106s2-D1,2,perm3,pert35m_p3,0.8636
ESM2-35M,casp15,T1109-D1,2,perm3,pert35m_p3,0.7857
ESM2-35M,casp15,T1119-D1,2,perm3,pert35m_p3,0.0000
ESM2-35M,casp15,T1120-D1,2,perm3,pert35m_p3,0.2174
ESM2-35M,casp15,T1120-D2,2,perm3,pert35m_p3,0.0000
ESM2-35M,casp15,T1121-D1,2,perm3,pert35m_p3,0.0769
ESM2-35M,casp15,T1121-D2,2,perm3,pert35m_p3,0.6970
ESM2-35M,casp15,T1123-D1,2,perm3,pert35m_p3,0.1190
ESM2-35M,casp15,T1124-D1,2,perm3,pert35m_p3,0.8933
ESM2-35M,casp15,T1133-D1,2,perm3,pert35m_p3,0.8272
ESM2-35M,casp15,T1137s1-D1,2,perm3,pert35m_p3,0.7667
ESM2-35M,casp15,T1137s1-D2,2,perm3,pert35m_p3,0.0000
ESM2-35M,casp15,T1137s2-D1,2,perm3,pert35m_p3,0.4828
ESM2-35M,casp15,T1137s2-D2,2,perm3,pert35m_p3,0.1842
ESM2-35M,casp15,T1137s3-D1,2,perm3,pert35m_p3,0.2414
ESM2-35M,casp15,T1137s3-D2,2,perm3,pert35m_p3,0.0000
ESM2-35M,casp15,T1137s4-D1,2,perm3,pert35m_p3,0.5217
ESM2-35M,casp15,T1137s4-D2,2,perm3,pert35m_p3,0.0000
ESM2-35M,casp15,T1137s4-D3,2,perm3,pert35m_p3,0.0000
ESM2-35M,casp15,T1137s5-D1,2,perm3,pert35m_p3,0.5185
ESM2-35M,casp15,T1137s5-D2,2,perm3,pert35m_p3,0.0000
ESM2-35M,casp15,T1137s6-D1,2,perm3,pert35m_p3,0.4667
ESM2-35M,casp15,T1137s6-D2,2,perm3,pert35m_p3,0.0000
ESM2-35M,casp15,T1137s7-D1,2,perm3,pert35m_p3,0.7500
ESM2-35M,casp15,T1137s8-D1,2,perm3,pert35m_p3,0.0800
ESM2-35M,casp15,T1137s9-D1,2,perm3,pert35m_p3,0.0000
ESM2-35M,casp15,T1139-D1,2,perm3,pert35m_p3,0.9661
ESM2-35M,casp15,T1145-D1,2,perm3,pert35m_p3,0.3158
ESM2-35M,casp15,T1150-D1,2,perm3,pert35m_p3,0.3043
ESM2-35M,casp15,T1157s1-D2,2,perm3,pert35m_p3,0.3182
ESM2-35M,casp15,T1157s1-D3,2,perm3,pert35m_p3,0.3696
ESM2-35M,casp15,T1157s2-D1,2,perm3,pert35m_p3,0.3810
ESM2-35M,casp15,T1157s2-D2,2,perm3,pert35m_p3,0.8140
ESM2-35M,casp15,T1157s2-D3,2,perm3,pert35m_p3,0.7500
ESM2-35M,casp15,T1170-D1,2,perm3,pert35m_p3,0.5000
ESM2-35M,casp15,T1170-D2,2,perm3,pert35m_p3,0.1429
ESM2-35M,casp15,T1180-D1,2,perm3,pert35m_p3,0.8289
ESM2-35M,casp15,T1187-D1,2,perm3,pert35m_p3,0.6250
ESM2-35M,casp15,T1194-D1,2,perm3,pert35m_p3,0.1875
ESM2-35M,casp15,T1104-D1,0,perm4,pert35m_p4,0.3913
ESM2-35M,casp15,T1106s1-D1,0,perm4,pert35m_p4,0.0714
ESM2-35M,casp15,T1106s2-D1,0,perm4,pert35m_p4,0.9091
ESM2-35M,casp15,T1109-D1,0,perm4,pert35m_p4,0.8095
ESM2-35M,casp15,T1119-D1,0,perm4,pert35m_p4,0.0000
ESM2-35M,casp15,T1120-D1,0,perm4,pert35m_p4,0.1739
ESM2-35M,casp15,T1120-D2,0,perm4,pert35m_p4,0.0909
ESM2-35M,casp15,T1121-D1,0,perm4,pert35m_p4,0.0000
ESM2-35M,casp15,T1121-D2,0,perm4,pert35m_p4,0.7879
ESM2-35M,casp15,T1123-D1,0,perm4,pert35m_p4,0.2381
ESM2-35M,casp15,T1124-D1,0,perm4,pert35m_p4,0.8133
ESM2-35M,casp15,T1133-D1,0,perm4,pert35m_p4,0.8272
ESM2-35M,casp15,T1137s1-D1,0,perm4,pert35m_p4,0.2667
ESM2-35M,casp15,T1137s1-D2,0,perm4,pert35m_p4,0.0000
ESM2-35M,casp15,T1137s2-D1,0,perm4,pert35m_p4,0.3793
ESM2-35M,casp15,T1137s2-D2,0,perm4,pert35m_p4,0.0000
ESM2-35M,casp15,T1137s3-D1,0,perm4,pert35m_p4,0.4828
ESM2-35M,casp15,T1137s3-D2,0,perm4,pert35m_p4,0.0000
ESM2-35M,casp15,T1137s4-D1,0,perm4,pert35m_p4,0.5652
ESM2-35M,casp15,T1137s4-D2,0,perm4,pert35m_p4,0.0000
ESM2-35M,casp15,T1137s4-D3,0,perm4,pert35m_p4,0.0000
ESM2-35M,casp15,T1137s5-D1,0,perm4,pert35m_p4,0.5926
ESM2-35M,casp15,T1137s5-D2,0,perm4,pert35m_p4,0.0000
ESM2-35M,casp15,T1137s6-D1,0,perm4,pert35m_p4,0.4000
ESM2-35M,casp15,T1137s6-D2,0,perm4,pert35m_p4,0.0000
ESM2-35M,casp15,T1137s7-D1,0,perm4,pert35m_p4,0.6667
ESM2-35M,casp15,T1137s8-D1,0,perm4,pert35m_p4,0.0600
ESM2-35M,casp15,T1137s9-D1,0,perm4,pert35m_p4,0.0377
ESM2-35M,casp15,T1139-D1,0,perm4,pert35m_p4,0.8644
ESM2-35M,casp15,T1145-D1,0,perm4,pert35m_p4,0.1579
ESM2-35M,casp15,T1150-D1,0,perm4,pert35m_p4,0.3043
ESM2-35M,casp15,T1157s1-D2,0,perm4,pert35m_p4,0.0909
ESM2-35M,casp15,T1157s1-D3,0,perm4,pert35m_p4,0.4348
ESM2-35M,casp15,T1157s2-D1,0,perm4,pert35m_p4,0.6667
ESM2-35M,casp15,T1157s2-D2,0,perm4,pert35m_p4,0.8140
ESM2-35M,casp15,T1157s2-D3,0,perm4,pert35m_p4,0.5714
ESM2-35M,casp15,T1170-D1,0,perm4,pert35m_p4,0.5833
ESM2-35M,casp15,T1170-D2,0,perm4,pert35m_p4,0.4286
ESM2-35M,casp15,T1180-D1,0,perm4,pert35m_p4,0.8026
ESM2-35M,casp15,T1187-D1,0,perm4,pert35m_p4,0.8750
ESM2-35M,casp15,T1194-D1,0,perm4,pert35m_p4,0.2812
ESM2-35M,casp15,T1104-D1,1,perm4,pert35m_p4,0.4348
ESM2-35M,casp15,T1106s1-D1,1,perm4,pert35m_p4,0.1429
ESM2-35M,casp15,T1106s2-D1,1,perm4,pert35m_p4,0.9091
ESM2-35M,casp15,T1109-D1,1,perm4,pert35m_p4,0.7143
ESM2-35M,casp15,T1119-D1,1,perm4,pert35m_p4,0.0000
ESM2-35M,casp15,T1120-D1,1,perm4,pert35m_p4,0.4348
ESM2-35M,casp15,T1120-D2,1,perm4,pert35m_p4,0.0455
ESM2-35M,casp15,T1121-D1,1,perm4,pert35m_p4,0.0256
ESM2-35M,casp15,T1121-D2,1,perm4,pert35m_p4,0.7576
ESM2-35M,casp15,T1123-D1,1,perm4,pert35m_p4,0.3571
ESM2-35M,casp15,T1124-D1,1,perm4,pert35m_p4,0.8533
ESM2-35M,casp15,T1133-D1,1,perm4,pert35m_p4,0.9136
ESM2-35M,casp15,T1137s1-D1,1,perm4,pert35m_p4,0.4667
ESM2-35M,casp15,T1137s1-D2,1,perm4,pert35m_p4,0.0000
ESM2-35M,casp15,T1137s2-D1,1,perm4,pert35m_p4,0.6552
ESM2-35M,casp15,T1137s2-D2,1,perm4,pert35m_p4,0.0000
ESM2-35M,casp15,T1137s3-D1,1,perm4,pert35m_p4,0.5172
ESM2-35M,casp15,T1137s3-D2,1,perm4,pert35m_p4,0.0000
ESM2-35M,casp15,T1137s4-D1,1,perm4,pert35m_p4,0.6522
ESM2-35M,casp15,T1137s4-D2,1,perm4,pert35m_p4,0.0000
ESM2-35M,casp15,T1137s4-D3,1,perm4,pert35m_p4,0.0000
ESM2-35M,casp15,T1137s5-D1,1,perm4,pert35m_p4,0.8889
ESM2-35M,casp15,T1137s5-D2,1,perm4,pert35m_p4,0.0000
ESM2-35M,casp15,T1137s6-D1,1,perm4,pert35m_p4,0.7333
ESM2-35M,casp15,T1137s6-D2,1,perm4,pert35m_p4,0.0000
ESM2-35M,casp15,T1137s7-D1,1,perm4,pert35m_p4,0.6333
ESM2-35M,casp15,T1137s8-D1,1,perm4,pert35m_p4,0.1600
ESM2-35M,casp15,T1137s9-D1,1,perm4,pert35m_p4,0.1132
ESM2-35M,casp15,T1139-D1,1,perm4,pert35m_p4,0.9322
ESM2-35M,casp15,T1145-D1,1,perm4,pert35m_p4,0.3684
ESM2-35M,casp15,T1150-D1,1,perm4,pert35m_p4,0.3333
ESM2-35M,casp15,T1157s1-D2,1,perm4,pert35m_p4,0.3182
ESM2-35M,casp15,T1157s1-D3,1,perm4,pert35m_p4,0.4565
ESM2-35M,casp15,T1157s2-D1,1,perm4,pert35m_p4,0.9048
ESM2-35M,casp15,T1157s2-D2,1,perm4,pert35m_p4,0.8605
ESM2-35M,casp15,T1157s2-D3,1,perm4,pert35m_p4,0.9286
ESM2-35M,casp15,T1170-D1,1,perm4,pert35m_p4,0.6667
ESM2-35M,casp15,T1170-D2,1,perm4,pert35m_p4,0.6429
ESM2-35M,casp15,T1180-D1,1,perm4,pert35m_p4,0.8158
ESM2-35M,casp15,T1187-D1,1,perm4,pert35m_p4,0.6875
ESM2-35M,casp15,T1194-D1,1,perm4,pert35m_p4,0.1562
ESM2-35M,casp15,T1104-D1,2,perm4,pert35m_p4,0.1304
ESM2-35M,casp15,T1106s1-D1,2,perm4,pert35m_p4,0.0714
ESM2-35M,casp15,T1106s2-D1,2,perm4,pert35m_p4,1.0000
ESM2-35M,casp15,T1109-D1,2,perm4,pert35m_p4,0.8810
ESM2-35M,casp15,T1119-D1,2,perm4,pert35m_p4,0.0000
ESM2-35M,casp15,T1120-D1,2,perm4,pert35m_p4,0.0435
ESM2-35M,casp15,T1120-D2,2,perm4,pert35m_p4,0.0909
ESM2-35M,casp15,T1121-D1,2,perm4,pert35m_p4,0.0769
ESM2-35M,casp15,T1121-D2,2,perm4,pert35m_p4,0.7576
ESM2-35M,casp15,T1123-D1,2,perm4,pert35m_p4,0.2143
ESM2-35M,casp15,T1124-D1,2,perm4,pert35m_p4,0.8933
ESM2-35M,casp15,T1133-D1,2,perm4,pert35m_p4,0.9012
ESM2-35M,casp15,T1137s1-D1,2,perm4,pert35m_p4,0.6667
ESM2-35M,casp15,T1137s1-D2,2,perm4,pert35m_p4,0.0000
ESM2-35M,casp15,T1137s2-D1,2,perm4,pert35m_p4,0.4828
ESM2-35M,casp15,T1137s2-D2,2,perm4,pert35m_p4,0.0789
ESM2-35M,casp15,T1137s3-D1,2,perm4,pert35m_p4,0.3448
ESM2-35M,casp15,T1137s3-D2,2,perm4,pert35m_p4,0.0000
ESM2-35M,casp15,T1137s4-D1,2,perm4,pert35m_p4,0.6957
ESM2-35M,casp15,T1137s4-D2,2,perm4,pert35m_p4,0.0426
ESM2-35M,casp15,T1137s4-D3,2,perm4,pert35m_p4,0.2143
ESM2-35M,casp15,T1137s5-D1,2,perm4,pert35m_p4,0.7778
ESM2-35M,casp15,T1137s5-D2,2,perm4,pert35m_p4,0.0227
ESM2-35M,casp15,T1137s6-D1,2,perm4,pert35m_p4,0.7000
ESM2-35M,casp15,T1137s6-D2,2,perm4,pert35m_p4,0.0408
ESM2-35M,casp15,T1137s7-D1,2,perm4,pert35m_p4,0.7167
ESM2-35M,casp15,T1137s8-D1,2,perm4,pert35m_p4,0.1400
ESM2-35M,casp15,T1137s9-D1,2,perm4,pert35m_p4,0.0566
ESM2-35M,casp15,T1139-D1,2,perm4,pert35m_p4,0.9322
ESM2-35M,casp15,T1145-D1,2,perm4,pert35m_p4,0.3158
ESM2-35M,casp15,T1150-D1,2,perm4,pert35m_p4,0.3623
ESM2-35M,casp15,T1157s1-D2,2,perm4,pert35m_p4,0.4091
ESM2-35M,casp15,T1157s1-D3,2,perm4,pert35m_p4,0.3913
ESM2-35M,casp15,T1157s2-D1,2,perm4,pert35m_p4,0.6190
ESM2-35M,casp15,T1157s2-D2,2,perm4,pert35m_p4,0.8140
ESM2-35M,casp15,T1157s2-D3,2,perm4,pert35m_p4,0.6786
ESM2-35M,casp15,T1170-D1,2,perm4,pert35m_p4,0.6250
ESM2-35M,casp15,T1170-D2,2,perm4,pert35m_p4,0.2857
ESM2-35M,casp15,T1180-D1,2,perm4,pert35m_p4,0.8421
ESM2-35M,casp15,T1187-D1,2,perm4,pert35m_p4,0.4062
ESM2-35M,casp15,T1194-D1,2,perm4,pert35m_p4,0.0938
ESM2-35M,cameo,5OD1_A,0,real,phys35m,0.6111
ESM2-35M,cameo,5OD9_B,0,real,phys35m,0.7647
ESM2-35M,cameo,5OQK_A,0,real,phys35m,0.1724
ESM2-35M,cameo,5OVM_A,0,real,phys35m,0.0625
ESM2-35M,cameo,5WB4_H,0,real,phys35m,0.8421
ESM2-35M,cameo,5XJO_E,0,real,phys35m,0.0000
ESM2-35M,cameo,5XKJ_F,0,real,phys35m,0.3333
ESM2-35M,cameo,5XKN_F,0,real,phys35m,0.0000
ESM2-35M,cameo,5Y08_A,0,real,phys35m,0.6098
ESM2-35M,cameo,5YA6_B,0,real,phys35m,0.2424
ESM2-35M,cameo,5YRQ_E,0,real,phys35m,0.4583
ESM2-35M,cameo,5YVQ_A,0,real,phys35m,0.4225
ESM2-35M,cameo,5YVQ_B,0,real,phys35m,0.3000
ESM2-35M,cameo,5Z2H_B,0,real,phys35m,0.3333
ESM2-35M,cameo,5Z2I_D,0,real,phys35m,0.3333
ESM2-35M,cameo,5Z34_A,0,real,phys35m,0.6250
ESM2-35M,cameo,5Z36_A,0,real,phys35m,0.8333
ESM2-35M,cameo,5Z3F_A,0,real,phys35m,0.7297
ESM2-35M,cameo,5Z3K_B,0,real,phys35m,0.7708
ESM2-35M,cameo,5Z6D_B,0,real,phys35m,0.3750
ESM2-35M,cameo,5Z7C_A,0,real,phys35m,0.3415
ESM2-35M,cameo,5Z8B_B,0,real,phys35m,0.6000
ESM2-35M,cameo,5Z9T_B,0,real,phys35m,0.8283
ESM2-35M,cameo,5ZB2_A,0,real,phys35m,0.9500
ESM2-35M,cameo,5ZER_B,0,real,phys35m,0.7681
ESM2-35M,cameo,5ZKE_A,0,real,phys35m,0.1176
ESM2-35M,cameo,5ZKH_B,0,real,phys35m,0.0000
ESM2-35M,cameo,5ZKT_B,0,real,phys35m,0.3636
ESM2-35M,cameo,5ZNS_A,0,real,phys35m,0.6711
ESM2-35M,cameo,5ZOR_A,0,real,phys35m,0.2069
ESM2-35M,cameo,5ZT7_B,0,real,phys35m,0.8800
ESM2-35M,cameo,5ZX9_A,0,real,phys35m,0.7273
ESM2-35M,cameo,5ZYO_D,0,real,phys35m,0.0000
ESM2-35M,cameo,6A2W_A,0,real,phys35m,0.0000
ESM2-35M,cameo,6A5F_B,0,real,phys35m,0.8667
ESM2-35M,cameo,6A5G_B,0,real,phys35m,0.8065
ESM2-35M,cameo,6A68_A,0,real,phys35m,0.0938
ESM2-35M,cameo,6A83_A,0,real,phys35m,0.6338
ESM2-35M,cameo,6A9J_B,0,real,phys35m,0.1791
ESM2-35M,cameo,6A9W_A,0,real,phys35m,0.3929
ESM2-35M,cameo,6AE1_B,0,real,phys35m,0.1364
ESM2-35M,cameo,6AE9_B,0,real,phys35m,0.7400
ESM2-35M,cameo,6AEF_A,0,real,phys35m,0.5165
ESM2-35M,cameo,6AGH_B,0,real,phys35m,0.0926
ESM2-35M,cameo,6AGJ_B,0,real,phys35m,0.3016
ESM2-35M,cameo,6AHQ_T,0,real,phys35m,0.4762
ESM2-35M,cameo,6AIT_F,0,real,phys35m,0.7407
ESM2-35M,cameo,6AKJ_B,0,real,phys35m,0.0000
ESM2-35M,cameo,6BEA_A,0,real,phys35m,0.6744
ESM2-35M,cameo,6BS5_A,0,real,phys35m,0.7576
ESM2-35M,cameo,6BS5_B,0,real,phys35m,0.6901
ESM2-35M,cameo,6BWH_C,0,real,phys35m,0.6500
ESM2-35M,cameo,6BXS_C,0,real,phys35m,0.5000
ESM2-35M,cameo,6BXW_A,0,real,phys35m,0.0943
ESM2-35M,cameo,6BZJ_A,0,real,phys35m,0.0000
ESM2-35M,cameo,6BZK_A,0,real,phys35m,0.0000
ESM2-35M,cameo,6BZT_D,0,real,phys35m,0.6300
ESM2-35M,cameo,6CB6_A,0,real,phys35m,0.0435
ESM2-35M,cameo,6CCI_A,0,real,phys35m,0.6143
ESM2-35M,cameo,6CGO_B,0,real,phys35m,0.4851
ESM2-35M,cameo,6CK1_D,0,real,phys35m,0.8267
ESM2-35M,cameo,6CMK_A,0,real,phys35m,0.8267
ESM2-35M,cameo,6CP8_B,0,real,phys35m,0.6250
ESM2-35M,cameo,6CP8_D,0,real,phys35m,0.3871
ESM2-35M,cameo,6CP9_G,0,real,phys35m,0.6667
ESM2-35M,cameo,6CP9_H,0,real,phys35m,0.3182
ESM2-35M,cameo,6CSV_D,0,real,phys35m,0.0000
ESM2-35M,cameo,6CUL_H,0,real,phys35m,0.7358
ESM2-35M,cameo,6CZ6_D,0,real,phys35m,0.1231
ESM2-35M,cameo,6CZT_A,0,real,phys35m,0.5625
ESM2-35M,cameo,6D0I_C,0,real,phys35m,0.0323
ESM2-35M,cameo,6D0I_D,0,real,phys35m,0.0000
ESM2-35M,cameo,6D2S_A,0,real,phys35m,0.3091
ESM2-35M,cameo,6D7Y_A,0,real,phys35m,0.2778
ESM2-35M,cameo,6D7Y_B,0,real,phys35m,0.3226
ESM2-35M,cameo,6D9F_B,0,real,phys35m,0.2500
ESM2-35M,cameo,6D9M_A,0,real,phys35m,0.7692
ESM2-35M,cameo,6DAN_D,0,real,phys35m,0.8594
ESM2-35M,cameo,6DFL_A,0,real,phys35m,0.6875
ESM2-35M,cameo,6DGN_B,0,real,phys35m,0.5556
ESM2-35M,cameo,6DKA_I,0,real,phys35m,0.5111
ESM2-35M,cameo,6DKM_G,0,real,phys35m,0.0000
ESM2-35M,cameo,6DLC_A,0,real,phys35m,0.0952
ESM2-35M,cameo,6DLO_A,0,real,phys35m,0.8548
ESM2-35M,cameo,6DRF_A,0,real,phys35m,0.0000
ESM2-35M,cameo,6E0K_A,0,real,phys35m,0.6271
ESM2-35M,cameo,6E0M_A,0,real,phys35m,0.6111
ESM2-35M,cameo,6E3C_C,0,real,phys35m,0.1538
ESM2-35M,cameo,6E9B_D,0,real,phys35m,0.6301
ESM2-35M,cameo,6E9O_A,0,real,phys35m,0.2051
ESM2-35M,cameo,6EAZ_B,0,real,phys35m,0.2000
ESM2-35M,cameo,6EDB_B,0,real,phys35m,0.3846
ESM2-35M,cameo,6EGC_A,0,real,phys35m,0.2414
ESM2-35M,cameo,6FCG_F,0,real,phys35m,0.7564
ESM2-35M,cameo,6FTO_C,0,real,phys35m,0.0000
ESM2-35M,cameo,6FXD_B,0,real,phys35m,0.5417
ESM2-35M,cameo,6G1H_A,0,real,phys35m,0.7794
ESM2-35M,cameo,6G3B_B,0,real,phys35m,0.4000
ESM2-35M,cameo,6G70_B,0,real,phys35m,0.6275
ESM2-35M,cameo,6G7G_A,0,real,phys35m,0.3043
ESM2-35M,cameo,6G7O_A,0,real,phys35m,0.2000
ESM2-35M,cameo,6G8Y_A,0,real,phys35m,0.0000
ESM2-35M,cameo,6GCJ_A,0,real,phys35m,0.0833
ESM2-35M,cameo,6GDJ_B,0,real,phys35m,0.6154
ESM2-35M,cameo,6GHO_B,0,real,phys35m,0.6667
ESM2-35M,cameo,6GMA_F,0,real,phys35m,0.1667
ESM2-35M,cameo,6GMS_A,0,real,phys35m,0.0385
ESM2-35M,cameo,6GW7_A,0,real,phys35m,0.0000
ESM2-35M,cameo,6H2X_A,0,real,phys35m,0.2143
ESM2-35M,cameo,6H6N_B,0,real,phys35m,0.1739
ESM2-35M,cameo,6HC2_X,0,real,phys35m,0.0000
ESM2-35M,cameo,6HPV_A,0,real,phys35m,0.0339
ESM2-35M,cameo,6I1R_B,0,real,phys35m,0.1129
ESM2-35M,cameo,6I9H_A,0,real,phys35m,0.2778
ESM2-35M,cameo,6IAI_D,0,real,phys35m,0.2857
ESM2-35M,cameo,6IEH_A,0,real,phys35m,0.0000
ESM2-35M,cameo,6N0T_A,0,real,phys35m,0.2237
ESM2-35M,cameo,6NU4_A,0,real,phys35m,0.0000
ESM2-35M,cameo,6NX4_A,0,real,phys35m,0.6667
ESM2-35M,cameo,6OHZ_A,0,real,phys35m,0.3810
ESM2-35M,cameo,5OD1_A,1,real,phys35m,0.7222
ESM2-35M,cameo,5OD9_B,1,real,phys35m,0.7059
ESM2-35M,cameo,5OQK_A,1,real,phys35m,0.1379
ESM2-35M,cameo,5OVM_A,1,real,phys35m,0.0625
ESM2-35M,cameo,5WB4_H,1,real,phys35m,0.8947
ESM2-35M,cameo,5XJO_E,1,real,phys35m,0.0000
ESM2-35M,cameo,5XKJ_F,1,real,phys35m,0.2222
ESM2-35M,cameo,5XKN_F,1,real,phys35m,0.0000
ESM2-35M,cameo,5Y08_A,1,real,phys35m,0.4390
ESM2-35M,cameo,5YA6_B,1,real,phys35m,0.2727
ESM2-35M,cameo,5YRQ_E,1,real,phys35m,0.5417
ESM2-35M,cameo,5YVQ_A,1,real,phys35m,0.3521
ESM2-35M,cameo,5YVQ_B,1,real,phys35m,0.3000
ESM2-35M,cameo,5Z2H_B,1,real,phys35m,0.6111
ESM2-35M,cameo,5Z2I_D,1,real,phys35m,0.6111
ESM2-35M,cameo,5Z34_A,1,real,phys35m,0.5972
ESM2-35M,cameo,5Z36_A,1,real,phys35m,0.8000
ESM2-35M,cameo,5Z3F_A,1,real,phys35m,0.7162
ESM2-35M,cameo,5Z3K_B,1,real,phys35m,0.8021
ESM2-35M,cameo,5Z6D_B,1,real,phys35m,0.5500
ESM2-35M,cameo,5Z7C_A,1,real,phys35m,0.4146
ESM2-35M,cameo,5Z8B_B,1,real,phys35m,0.6000
ESM2-35M,cameo,5Z9T_B,1,real,phys35m,0.7576
ESM2-35M,cameo,5ZB2_A,1,real,phys35m,0.8750
ESM2-35M,cameo,5ZER_B,1,real,phys35m,0.8696
ESM2-35M,cameo,5ZKE_A,1,real,phys35m,0.2059
ESM2-35M,cameo,5ZKH_B,1,real,phys35m,0.2121
ESM2-35M,cameo,5ZKT_B,1,real,phys35m,0.0909
ESM2-35M,cameo,5ZNS_A,1,real,phys35m,0.5132
ESM2-35M,cameo,5ZOR_A,1,real,phys35m,0.2414
ESM2-35M,cameo,5ZT7_B,1,real,phys35m,0.9200
ESM2-35M,cameo,5ZX9_A,1,real,phys35m,0.8182
ESM2-35M,cameo,5ZYO_D,1,real,phys35m,0.0000
ESM2-35M,cameo,6A2W_A,1,real,phys35m,0.2424
ESM2-35M,cameo,6A5F_B,1,real,phys35m,0.5000
ESM2-35M,cameo,6A5G_B,1,real,phys35m,0.5484
ESM2-35M,cameo,6A68_A,1,real,phys35m,0.0312
ESM2-35M,cameo,6A83_A,1,real,phys35m,0.6479
ESM2-35M,cameo,6A9J_B,1,real,phys35m,0.2090
ESM2-35M,cameo,6A9W_A,1,real,phys35m,0.3929
ESM2-35M,cameo,6AE1_B,1,real,phys35m,0.2273
ESM2-35M,cameo,6AE9_B,1,real,phys35m,0.6800
ESM2-35M,cameo,6AEF_A,1,real,phys35m,0.4505
ESM2-35M,cameo,6AGH_B,1,real,phys35m,0.1667
ESM2-35M,cameo,6AGJ_B,1,real,phys35m,0.3651
ESM2-35M,cameo,6AHQ_T,1,real,phys35m,0.7619
ESM2-35M,cameo,6AIT_F,1,real,phys35m,0.8148
ESM2-35M,cameo,6AKJ_B,1,real,phys35m,0.0455
ESM2-35M,cameo,6BEA_A,1,real,phys35m,0.7674
ESM2-35M,cameo,6BS5_A,1,real,phys35m,0.7576
ESM2-35M,cameo,6BS5_B,1,real,phys35m,0.6056
ESM2-35M,cameo,6BWH_C,1,real,phys35m,0.8500
ESM2-35M,cameo,6BXS_C,1,real,phys35m,0.4444
ESM2-35M,cameo,6BXW_A,1,real,phys35m,0.0566
ESM2-35M,cameo,6BZJ_A,1,real,phys35m,0.0000
ESM2-35M,cameo,6BZK_A,1,real,phys35m,0.0000
ESM2-35M,cameo,6BZT_D,1,real,phys35m,0.6500
ESM2-35M,cameo,6CB6_A,1,real,phys35m,0.0870
ESM2-35M,cameo,6CCI_A,1,real,phys35m,0.7714
ESM2-35M,cameo,6CGO_B,1,real,phys35m,0.4653
ESM2-35M,cameo,6CK1_D,1,real,phys35m,0.6800
ESM2-35M,cameo,6CMK_A,1,real,phys35m,0.7600
ESM2-35M,cameo,6CP8_B,1,real,phys35m,0.6875
ESM2-35M,cameo,6CP8_D,1,real,phys35m,0.5806
ESM2-35M,cameo,6CP9_G,1,real,phys35m,0.6667
ESM2-35M,cameo,6CP9_H,1,real,phys35m,0.4545
ESM2-35M,cameo,6CSV_D,1,real,phys35m,0.0588
ESM2-35M,cameo,6CUL_H,1,real,phys35m,0.6226
ESM2-35M,cameo,6CZ6_D,1,real,phys35m,0.2462
ESM2-35M,cameo,6CZT_A,1,real,phys35m,0.5000
ESM2-35M,cameo,6D0I_C,1,real,phys35m,0.0645
ESM2-35M,cameo,6D0I_D,1,real,phys35m,0.0000
ESM2-35M,cameo,6D2S_A,1,real,phys35m,0.1636
ESM2-35M,cameo,6D7Y_A,1,real,phys35m,0.3333
ESM2-35M,cameo,6D7Y_B,1,real,phys35m,0.5161
ESM2-35M,cameo,6D9F_B,1,real,phys35m,0.3750
ESM2-35M,cameo,6D9M_A,1,real,phys35m,0.7385
ESM2-35M,cameo,6DAN_D,1,real,phys35m,0.9531
ESM2-35M,cameo,6DFL_A,1,real,phys35m,0.6042
ESM2-35M,cameo,6DGN_B,1,real,phys35m,0.0556
ESM2-35M,cameo,6DKA_I,1,real,phys35m,0.6222
ESM2-35M,cameo,6DKM_G,1,real,phys35m,0.0000
ESM2-35M,cameo,6DLC_A,1,real,phys35m,0.1429
ESM2-35M,cameo,6DLO_A,1,real,phys35m,0.9032
ESM2-35M,cameo,6DRF_A,1,real,phys35m,0.1786
ESM2-35M,cameo,6E0K_A,1,real,phys35m,0.4576
ESM2-35M,cameo,6E0M_A,1,real,phys35m,0.6296
ESM2-35M,cameo,6E3C_C,1,real,phys35m,0.0385
ESM2-35M,cameo,6E9B_D,1,real,phys35m,0.5068
ESM2-35M,cameo,6E9O_A,1,real,phys35m,0.4744
ESM2-35M,cameo,6EAZ_B,1,real,phys35m,0.3846
ESM2-35M,cameo,6EDB_B,1,real,phys35m,0.3846
ESM2-35M,cameo,6EGC_A,1,real,phys35m,0.1379
ESM2-35M,cameo,6FCG_F,1,real,phys35m,0.7436
ESM2-35M,cameo,6FTO_C,1,real,phys35m,0.0000
ESM2-35M,cameo,6FXD_B,1,real,phys35m,0.7083
ESM2-35M,cameo,6G1H_A,1,real,phys35m,0.7500
ESM2-35M,cameo,6G3B_B,1,real,phys35m,0.2889
ESM2-35M,cameo,6G70_B,1,real,phys35m,0.7255
ESM2-35M,cameo,6G7G_A,1,real,phys35m,0.1739
ESM2-35M,cameo,6G7O_A,1,real,phys35m,0.3000
ESM2-35M,cameo,6G8Y_A,1,real,phys35m,0.0000
ESM2-35M,cameo,6GCJ_A,1,real,phys35m,0.5417
ESM2-35M,cameo,6GDJ_B,1,real,phys35m,0.5385
ESM2-35M,cameo,6GHO_B,1,real,phys35m,0.9074
ESM2-35M,cameo,6GMA_F,1,real,phys35m,0.3750
ESM2-35M,cameo,6GMS_A,1,real,phys35m,0.0769
ESM2-35M,cameo,6GW7_A,1,real,phys35m,0.0000
ESM2-35M,cameo,6H2X_A,1,real,phys35m,0.0714
ESM2-35M,cameo,6H6N_B,1,real,phys35m,0.1739
ESM2-35M,cameo,6HC2_X,1,real,phys35m,0.0000
ESM2-35M,cameo,6HPV_A,1,real,phys35m,0.2034
ESM2-35M,cameo,6I1R_B,1,real,phys35m,0.1452
ESM2-35M,cameo,6I9H_A,1,real,phys35m,0.5000
ESM2-35M,cameo,6IAI_D,1,real,phys35m,0.5714
ESM2-35M,cameo,6IEH_A,1,real,phys35m,0.0000
ESM2-35M,cameo,6N0T_A,1,real,phys35m,0.2895
ESM2-35M,cameo,6NU4_A,1,real,phys35m,0.0000
ESM2-35M,cameo,6NX4_A,1,real,phys35m,0.6364
ESM2-35M,cameo,6OHZ_A,1,real,phys35m,0.4286
ESM2-35M,cameo,5OD1_A,2,real,phys35m,0.7778
ESM2-35M,cameo,5OD9_B,2,real,phys35m,0.5294
ESM2-35M,cameo,5OQK_A,2,real,phys35m,0.1034
ESM2-35M,cameo,5OVM_A,2,real,phys35m,0.0625
ESM2-35M,cameo,5WB4_H,2,real,phys35m,0.7895
ESM2-35M,cameo,5XJO_E,2,real,phys35m,0.5000
ESM2-35M,cameo,5XKJ_F,2,real,phys35m,0.2222
ESM2-35M,cameo,5XKN_F,2,real,phys35m,0.0000
ESM2-35M,cameo,5Y08_A,2,real,phys35m,0.4878
ESM2-35M,cameo,5YA6_B,2,real,phys35m,0.3636
ESM2-35M,cameo,5YRQ_E,2,real,phys35m,0.4167
ESM2-35M,cameo,5YVQ_A,2,real,phys35m,0.4085
ESM2-35M,cameo,5YVQ_B,2,real,phys35m,0.3000
ESM2-35M,cameo,5Z2H_B,2,real,phys35m,0.5556
ESM2-35M,cameo,5Z2I_D,2,real,phys35m,0.5556
ESM2-35M,cameo,5Z34_A,2,real,phys35m,0.6389
ESM2-35M,cameo,5Z36_A,2,real,phys35m,0.8333
ESM2-35M,cameo,5Z3F_A,2,real,phys35m,0.6351
ESM2-35M,cameo,5Z3K_B,2,real,phys35m,0.7396
ESM2-35M,cameo,5Z6D_B,2,real,phys35m,0.5500
ESM2-35M,cameo,5Z7C_A,2,real,phys35m,0.3049
ESM2-35M,cameo,5Z8B_B,2,real,phys35m,0.5250
ESM2-35M,cameo,5Z9T_B,2,real,phys35m,0.8081
ESM2-35M,cameo,5ZB2_A,2,real,phys35m,0.9875
ESM2-35M,cameo,5ZER_B,2,real,phys35m,0.8551
ESM2-35M,cameo,5ZKE_A,2,real,phys35m,0.3235
ESM2-35M,cameo,5ZKH_B,2,real,phys35m,0.1515
ESM2-35M,cameo,5ZKT_B,2,real,phys35m,0.0000
ESM2-35M,cameo,5ZNS_A,2,real,phys35m,0.6447
ESM2-35M,cameo,5ZOR_A,2,real,phys35m,0.5172
ESM2-35M,cameo,5ZT7_B,2,real,phys35m,0.8400
ESM2-35M,cameo,5ZX9_A,2,real,phys35m,0.8788
ESM2-35M,cameo,5ZYO_D,2,real,phys35m,0.0333
ESM2-35M,cameo,6A2W_A,2,real,phys35m,0.0606
ESM2-35M,cameo,6A5F_B,2,real,phys35m,0.7000
ESM2-35M,cameo,6A5G_B,2,real,phys35m,0.7097
ESM2-35M,cameo,6A68_A,2,real,phys35m,0.0938
ESM2-35M,cameo,6A83_A,2,real,phys35m,0.6620
ESM2-35M,cameo,6A9J_B,2,real,phys35m,0.1642
ESM2-35M,cameo,6A9W_A,2,real,phys35m,0.4643
ESM2-35M,cameo,6AE1_B,2,real,phys35m,0.2727
ESM2-35M,cameo,6AE9_B,2,real,phys35m,0.6400
ESM2-35M,cameo,6AEF_A,2,real,phys35m,0.4835
ESM2-35M,cameo,6AGH_B,2,real,phys35m,0.2037
ESM2-35M,cameo,6AGJ_B,2,real,phys35m,0.3175
ESM2-35M,cameo,6AHQ_T,2,real,phys35m,0.5714
ESM2-35M,cameo,6AIT_F,2,real,phys35m,0.7407
ESM2-35M,cameo,6AKJ_B,2,real,phys35m,0.0000
ESM2-35M,cameo,6BEA_A,2,real,phys35m,0.6977
ESM2-35M,cameo,6BS5_A,2,real,phys35m,0.7121
ESM2-35M,cameo,6BS5_B,2,real,phys35m,0.5211
ESM2-35M,cameo,6BWH_C,2,real,phys35m,0.7000
ESM2-35M,cameo,6BXS_C,2,real,phys35m,0.5741
ESM2-35M,cameo,6BXW_A,2,real,phys35m,0.1132
ESM2-35M,cameo,6BZJ_A,2,real,phys35m,0.0000
ESM2-35M,cameo,6BZK_A,2,real,phys35m,0.0000
ESM2-35M,cameo,6BZT_D,2,real,phys35m,0.7600
ESM2-35M,cameo,6CB6_A,2,real,phys35m,0.2174
ESM2-35M,cameo,6CCI_A,2,real,phys35m,0.6714
ESM2-35M,cameo,6CGO_B,2,real,phys35m,0.6436
ESM2-35M,cameo,6CK1_D,2,real,phys35m,0.8533
ESM2-35M,cameo,6CMK_A,2,real,phys35m,0.8800
ESM2-35M,cameo,6CP8_B,2,real,phys35m,0.5625
ESM2-35M,cameo,6CP8_D,2,real,phys35m,0.5806
ESM2-35M,cameo,6CP9_G,2,real,phys35m,0.7143
ESM2-35M,cameo,6CP9_H,2,real,phys35m,0.5000
ESM2-35M,cameo,6CSV_D,2,real,phys35m,0.1176
ESM2-35M,cameo,6CUL_H,2,real,phys35m,0.7547
ESM2-35M,cameo,6CZ6_D,2,real,phys35m,0.2000
ESM2-35M,cameo,6CZT_A,2,real,phys35m,0.6250
ESM2-35M,cameo,6D0I_C,2,real,phys35m,0.0968
ESM2-35M,cameo,6D0I_D,2,real,phys35m,0.0714
ESM2-35M,cameo,6D2S_A,2,real,phys35m,0.2364
ESM2-35M,cameo,6D7Y_A,2,real,phys35m,0.2778
ESM2-35M,cameo,6D7Y_B,2,real,phys35m,0.4839
ESM2-35M,cameo,6D9F_B,2,real,phys35m,0.2031
ESM2-35M,cameo,6D9M_A,2,real,phys35m,0.6769
ESM2-35M,cameo,6DAN_D,2,real,phys35m,0.8750
ESM2-35M,cameo,6DFL_A,2,real,phys35m,0.7708
ESM2-35M,cameo,6DGN_B,2,real,phys35m,0.2778
ESM2-35M,cameo,6DKA_I,2,real,phys35m,0.5778
ESM2-35M,cameo,6DKM_G,2,real,phys35m,0.0000
ESM2-35M,cameo,6DLC_A,2,real,phys35m,0.4762
ESM2-35M,cameo,6DLO_A,2,real,phys35m,0.9839
ESM2-35M,cameo,6DRF_A,2,real,phys35m,0.3571
ESM2-35M,cameo,6E0K_A,2,real,phys35m,0.6441
ESM2-35M,cameo,6E0M_A,2,real,phys35m,0.6481
ESM2-35M,cameo,6E3C_C,2,real,phys35m,0.1923
ESM2-35M,cameo,6E9B_D,2,real,phys35m,0.6164
ESM2-35M,cameo,6E9O_A,2,real,phys35m,0.2564
ESM2-35M,cameo,6EAZ_B,2,real,phys35m,0.3077
ESM2-35M,cameo,6EDB_B,2,real,phys35m,0.4615
ESM2-35M,cameo,6EGC_A,2,real,phys35m,0.0345
ESM2-35M,cameo,6FCG_F,2,real,phys35m,0.7436
ESM2-35M,cameo,6FTO_C,2,real,phys35m,0.0000
ESM2-35M,cameo,6FXD_B,2,real,phys35m,0.8333
ESM2-35M,cameo,6G1H_A,2,real,phys35m,0.6618
ESM2-35M,cameo,6G3B_B,2,real,phys35m,0.3778
ESM2-35M,cameo,6G70_B,2,real,phys35m,0.8529
ESM2-35M,cameo,6G7G_A,2,real,phys35m,0.4783
ESM2-35M,cameo,6G7O_A,2,real,phys35m,0.3143
ESM2-35M,cameo,6G8Y_A,2,real,phys35m,0.0000
ESM2-35M,cameo,6GCJ_A,2,real,phys35m,0.2500
ESM2-35M,cameo,6GDJ_B,2,real,phys35m,0.7692
ESM2-35M,cameo,6GHO_B,2,real,phys35m,0.7593
ESM2-35M,cameo,6GMA_F,2,real,phys35m,0.4583
ESM2-35M,cameo,6GMS_A,2,real,phys35m,0.0385
ESM2-35M,cameo,6GW7_A,2,real,phys35m,0.0000
ESM2-35M,cameo,6H2X_A,2,real,phys35m,0.0714
ESM2-35M,cameo,6H6N_B,2,real,phys35m,0.3913
ESM2-35M,cameo,6HC2_X,2,real,phys35m,0.0000
ESM2-35M,cameo,6HPV_A,2,real,phys35m,0.2203
ESM2-35M,cameo,6I1R_B,2,real,phys35m,0.1129
ESM2-35M,cameo,6I9H_A,2,real,phys35m,0.2778
ESM2-35M,cameo,6IAI_D,2,real,phys35m,0.6190
ESM2-35M,cameo,6IEH_A,2,real,phys35m,0.0000
ESM2-35M,cameo,6N0T_A,2,real,phys35m,0.1316
ESM2-35M,cameo,6NU4_A,2,real,phys35m,0.0000
ESM2-35M,cameo,6NX4_A,2,real,phys35m,0.6970
ESM2-35M,cameo,6OHZ_A,2,real,phys35m,0.3571
ESM2-35M,cameo,5OD1_A,0,perm0,pert35m_p0,0.7778
ESM2-35M,cameo,5OD9_B,0,perm0,pert35m_p0,0.7647
ESM2-35M,cameo,5OQK_A,0,perm0,pert35m_p0,0.1034
ESM2-35M,cameo,5OVM_A,0,perm0,pert35m_p0,0.0625
ESM2-35M,cameo,5WB4_H,0,perm0,pert35m_p0,0.8158
ESM2-35M,cameo,5XJO_E,0,perm0,pert35m_p0,0.0000
ESM2-35M,cameo,5XKJ_F,0,perm0,pert35m_p0,0.3333
ESM2-35M,cameo,5XKN_F,0,perm0,pert35m_p0,0.0000
ESM2-35M,cameo,5Y08_A,0,perm0,pert35m_p0,0.3902
ESM2-35M,cameo,5YA6_B,0,perm0,pert35m_p0,0.1818
ESM2-35M,cameo,5YRQ_E,0,perm0,pert35m_p0,0.6250
ESM2-35M,cameo,5YVQ_A,0,perm0,pert35m_p0,0.3803
ESM2-35M,cameo,5YVQ_B,0,perm0,pert35m_p0,0.2500
ESM2-35M,cameo,5Z2H_B,0,perm0,pert35m_p0,0.3333
ESM2-35M,cameo,5Z2I_D,0,perm0,pert35m_p0,0.2778
ESM2-35M,cameo,5Z34_A,0,perm0,pert35m_p0,0.6806
ESM2-35M,cameo,5Z36_A,0,perm0,pert35m_p0,0.7333
ESM2-35M,cameo,5Z3F_A,0,perm0,pert35m_p0,0.6892
ESM2-35M,cameo,5Z3K_B,0,perm0,pert35m_p0,0.7917
ESM2-35M,cameo,5Z6D_B,0,perm0,pert35m_p0,0.3500
ESM2-35M,cameo,5Z7C_A,0,perm0,pert35m_p0,0.4146
ESM2-35M,cameo,5Z8B_B,0,perm0,pert35m_p0,0.6250
ESM2-35M,cameo,5Z9T_B,0,perm0,pert35m_p0,0.8081
ESM2-35M,cameo,5ZB2_A,0,perm0,pert35m_p0,0.9625
ESM2-35M,cameo,5ZER_B,0,perm0,pert35m_p0,0.8116
ESM2-35M,cameo,5ZKE_A,0,perm0,pert35m_p0,0.1765
ESM2-35M,cameo,5ZKH_B,0,perm0,pert35m_p0,0.0303
ESM2-35M,cameo,5ZKT_B,0,perm0,pert35m_p0,0.3636
ESM2-35M,cameo,5ZNS_A,0,perm0,pert35m_p0,0.6579
ESM2-35M,cameo,5ZOR_A,0,perm0,pert35m_p0,0.4138
ESM2-35M,cameo,5ZT7_B,0,perm0,pert35m_p0,0.8200
ESM2-35M,cameo,5ZX9_A,0,perm0,pert35m_p0,0.6667
ESM2-35M,cameo,5ZYO_D,0,perm0,pert35m_p0,0.0000
ESM2-35M,cameo,6A2W_A,0,perm0,pert35m_p0,0.0000
ESM2-35M,cameo,6A5F_B,0,perm0,pert35m_p0,0.7667
ESM2-35M,cameo,6A5G_B,0,perm0,pert35m_p0,0.8065
ESM2-35M,cameo,6A68_A,0,perm0,pert35m_p0,0.0938
ESM2-35M,cameo,6A83_A,0,perm0,pert35m_p0,0.6620
ESM2-35M,cameo,6A9J_B,0,perm0,pert35m_p0,0.1194
ESM2-35M,cameo,6A9W_A,0,perm0,pert35m_p0,0.3393
ESM2-35M,cameo,6AE1_B,0,perm0,pert35m_p0,0.3182
ESM2-35M,cameo,6AE9_B,0,perm0,pert35m_p0,0.7600
ESM2-35M,cameo,6AEF_A,0,perm0,pert35m_p0,0.2967
ESM2-35M,cameo,6AGH_B,0,perm0,pert35m_p0,0.1296
ESM2-35M,cameo,6AGJ_B,0,perm0,pert35m_p0,0.2698
ESM2-35M,cameo,6AHQ_T,0,perm0,pert35m_p0,0.5238
ESM2-35M,cameo,6AIT_F,0,perm0,pert35m_p0,0.7778
ESM2-35M,cameo,6AKJ_B,0,perm0,pert35m_p0,0.0455
ESM2-35M,cameo,6BEA_A,0,perm0,pert35m_p0,0.7558
ESM2-35M,cameo,6BS5_A,0,perm0,pert35m_p0,0.7424
ESM2-35M,cameo,6BS5_B,0,perm0,pert35m_p0,0.6620
ESM2-35M,cameo,6BWH_C,0,perm0,pert35m_p0,0.7000
ESM2-35M,cameo,6BXS_C,0,perm0,pert35m_p0,0.5556
ESM2-35M,cameo,6BXW_A,0,perm0,pert35m_p0,0.1132
ESM2-35M,cameo,6BZJ_A,0,perm0,pert35m_p0,0.0000
ESM2-35M,cameo,6BZK_A,0,perm0,pert35m_p0,0.0000
ESM2-35M,cameo,6BZT_D,0,perm0,pert35m_p0,0.7300
ESM2-35M,cameo,6CB6_A,0,perm0,pert35m_p0,0.0435
ESM2-35M,cameo,6CCI_A,0,perm0,pert35m_p0,0.6429
ESM2-35M,cameo,6CGO_B,0,perm0,pert35m_p0,0.4158
ESM2-35M,cameo,6CK1_D,0,perm0,pert35m_p0,0.7600
ESM2-35M,cameo,6CMK_A,0,perm0,pert35m_p0,0.8667
ESM2-35M,cameo,6CP8_B,0,perm0,pert35m_p0,0.5625
ESM2-35M,cameo,6CP8_D,0,perm0,pert35m_p0,0.4839
ESM2-35M,cameo,6CP9_G,0,perm0,pert35m_p0,0.7143
ESM2-35M,cameo,6CP9_H,0,perm0,pert35m_p0,0.3182
ESM2-35M,cameo,6CSV_D,0,perm0,pert35m_p0,0.1176
ESM2-35M,cameo,6CUL_H,0,perm0,pert35m_p0,0.6981
ESM2-35M,cameo,6CZ6_D,0,perm0,pert35m_p0,0.1846
ESM2-35M,cameo,6CZT_A,0,perm0,pert35m_p0,0.2500
ESM2-35M,cameo,6D0I_C,0,perm0,pert35m_p0,0.0645
ESM2-35M,cameo,6D0I_D,0,perm0,pert35m_p0,0.1429
ESM2-35M,cameo,6D2S_A,0,perm0,pert35m_p0,0.1455
ESM2-35M,cameo,6D7Y_A,0,perm0,pert35m_p0,0.1111
ESM2-35M,cameo,6D7Y_B,0,perm0,pert35m_p0,0.2581
ESM2-35M,cameo,6D9F_B,0,perm0,pert35m_p0,0.2031
ESM2-35M,cameo,6D9M_A,0,perm0,pert35m_p0,0.5077
ESM2-35M,cameo,6DAN_D,0,perm0,pert35m_p0,0.8438
ESM2-35M,cameo,6DFL_A,0,perm0,pert35m_p0,0.6875
ESM2-35M,cameo,6DGN_B,0,perm0,pert35m_p0,0.0000
ESM2-35M,cameo,6DKA_I,0,perm0,pert35m_p0,0.5556
ESM2-35M,cameo,6DKM_G,0,perm0,pert35m_p0,0.0000
ESM2-35M,cameo,6DLC_A,0,perm0,pert35m_p0,0.5714
ESM2-35M,cameo,6DLO_A,0,perm0,pert35m_p0,0.9194
ESM2-35M,cameo,6DRF_A,0,perm0,pert35m_p0,0.0000
ESM2-35M,cameo,6E0K_A,0,perm0,pert35m_p0,0.6102
ESM2-35M,cameo,6E0M_A,0,perm0,pert35m_p0,0.6481
ESM2-35M,cameo,6E3C_C,0,perm0,pert35m_p0,0.0769
ESM2-35M,cameo,6E9B_D,0,perm0,pert35m_p0,0.4110
ESM2-35M,cameo,6E9O_A,0,perm0,pert35m_p0,0.1410
ESM2-35M,cameo,6EAZ_B,0,perm0,pert35m_p0,0.2769
ESM2-35M,cameo,6EDB_B,0,perm0,pert35m_p0,0.0769
ESM2-35M,cameo,6EGC_A,0,perm0,pert35m_p0,0.0000
ESM2-35M,cameo,6FCG_F,0,perm0,pert35m_p0,0.7179
ESM2-35M,cameo,6FTO_C,0,perm0,pert35m_p0,0.0000
ESM2-35M,cameo,6FXD_B,0,perm0,pert35m_p0,0.5833
ESM2-35M,cameo,6G1H_A,0,perm0,pert35m_p0,0.8382
ESM2-35M,cameo,6G3B_B,0,perm0,pert35m_p0,0.4000
ESM2-35M,cameo,6G70_B,0,perm0,pert35m_p0,0.6569
ESM2-35M,cameo,6G7G_A,0,perm0,pert35m_p0,0.4348
ESM2-35M,cameo,6G7O_A,0,perm0,pert35m_p0,0.1571
ESM2-35M,cameo,6G8Y_A,0,perm0,pert35m_p0,0.0000
ESM2-35M,cameo,6GCJ_A,0,perm0,pert35m_p0,0.1250
ESM2-35M,cameo,6GDJ_B,0,perm0,pert35m_p0,0.3846
ESM2-35M,cameo,6GHO_B,0,perm0,pert35m_p0,0.7222
ESM2-35M,cameo,6GMA_F,0,perm0,pert35m_p0,0.1667
ESM2-35M,cameo,6GMS_A,0,perm0,pert35m_p0,0.0000
ESM2-35M,cameo,6GW7_A,0,perm0,pert35m_p0,0.0000
ESM2-35M,cameo,6H2X_A,0,perm0,pert35m_p0,0.2000
ESM2-35M,cameo,6H6N_B,0,perm0,pert35m_p0,0.2174
ESM2-35M,cameo,6HC2_X,0,perm0,pert35m_p0,0.0000
ESM2-35M,cameo,6HPV_A,0,perm0,pert35m_p0,0.3729
ESM2-35M,cameo,6I1R_B,0,perm0,pert35m_p0,0.1452
ESM2-35M,cameo,6I9H_A,0,perm0,pert35m_p0,0.4444
ESM2-35M,cameo,6IAI_D,0,perm0,pert35m_p0,0.2857
ESM2-35M,cameo,6IEH_A,0,perm0,pert35m_p0,0.0000
ESM2-35M,cameo,6N0T_A,0,perm0,pert35m_p0,0.2895
ESM2-35M,cameo,6NU4_A,0,perm0,pert35m_p0,0.0000
ESM2-35M,cameo,6NX4_A,0,perm0,pert35m_p0,0.6970
ESM2-35M,cameo,6OHZ_A,0,perm0,pert35m_p0,0.4048
ESM2-35M,cameo,5OD1_A,1,perm0,pert35m_p0,0.7778
ESM2-35M,cameo,5OD9_B,1,perm0,pert35m_p0,0.8235
ESM2-35M,cameo,5OQK_A,1,perm0,pert35m_p0,0.1034
ESM2-35M,cameo,5OVM_A,1,perm0,pert35m_p0,0.2500
ESM2-35M,cameo,5WB4_H,1,perm0,pert35m_p0,0.8684
ESM2-35M,cameo,5XJO_E,1,perm0,pert35m_p0,0.1250
ESM2-35M,cameo,5XKJ_F,1,perm0,pert35m_p0,0.0000
ESM2-35M,cameo,5XKN_F,1,perm0,pert35m_p0,0.0000
ESM2-35M,cameo,5Y08_A,1,perm0,pert35m_p0,0.3659
ESM2-35M,cameo,5YA6_B,1,perm0,pert35m_p0,0.2424
ESM2-35M,cameo,5YRQ_E,1,perm0,pert35m_p0,0.2917
ESM2-35M,cameo,5YVQ_A,1,perm0,pert35m_p0,0.4789
ESM2-35M,cameo,5YVQ_B,1,perm0,pert35m_p0,0.1000
ESM2-35M,cameo,5Z2H_B,1,perm0,pert35m_p0,0.4444
ESM2-35M,cameo,5Z2I_D,1,perm0,pert35m_p0,0.4444
ESM2-35M,cameo,5Z34_A,1,perm0,pert35m_p0,0.6250
ESM2-35M,cameo,5Z36_A,1,perm0,pert35m_p0,0.7333
ESM2-35M,cameo,5Z3F_A,1,perm0,pert35m_p0,0.7432
ESM2-35M,cameo,5Z3K_B,1,perm0,pert35m_p0,0.8646
ESM2-35M,cameo,5Z6D_B,1,perm0,pert35m_p0,0.4500
ESM2-35M,cameo,5Z7C_A,1,perm0,pert35m_p0,0.4634
ESM2-35M,cameo,5Z8B_B,1,perm0,pert35m_p0,0.5750
ESM2-35M,cameo,5Z9T_B,1,perm0,pert35m_p0,0.7879
ESM2-35M,cameo,5ZB2_A,1,perm0,pert35m_p0,0.9500
ESM2-35M,cameo,5ZER_B,1,perm0,pert35m_p0,0.8261
ESM2-35M,cameo,5ZKE_A,1,perm0,pert35m_p0,0.0588
ESM2-35M,cameo,5ZKH_B,1,perm0,pert35m_p0,0.1515
ESM2-35M,cameo,5ZKT_B,1,perm0,pert35m_p0,0.0909
ESM2-35M,cameo,5ZNS_A,1,perm0,pert35m_p0,0.5263
ESM2-35M,cameo,5ZOR_A,1,perm0,pert35m_p0,0.2414
ESM2-35M,cameo,5ZT7_B,1,perm0,pert35m_p0,0.9000
ESM2-35M,cameo,5ZX9_A,1,perm0,pert35m_p0,0.8182
ESM2-35M,cameo,5ZYO_D,1,perm0,pert35m_p0,0.0000
ESM2-35M,cameo,6A2W_A,1,perm0,pert35m_p0,0.0000
ESM2-35M,cameo,6A5F_B,1,perm0,pert35m_p0,0.6000
ESM2-35M,cameo,6A5G_B,1,perm0,pert35m_p0,0.5161
ESM2-35M,cameo,6A68_A,1,perm0,pert35m_p0,0.0000
ESM2-35M,cameo,6A83_A,1,perm0,pert35m_p0,0.7183
ESM2-35M,cameo,6A9J_B,1,perm0,pert35m_p0,0.1493
ESM2-35M,cameo,6A9W_A,1,perm0,pert35m_p0,0.3750
ESM2-35M,cameo,6AE1_B,1,perm0,pert35m_p0,0.3182
ESM2-35M,cameo,6AE9_B,1,perm0,pert35m_p0,0.7200
ESM2-35M,cameo,6AEF_A,1,perm0,pert35m_p0,0.5385
ESM2-35M,cameo,6AGH_B,1,perm0,pert35m_p0,0.2222
ESM2-35M,cameo,6AGJ_B,1,perm0,pert35m_p0,0.2381
ESM2-35M,cameo,6AHQ_T,1,perm0,pert35m_p0,0.4762
ESM2-35M,cameo,6AIT_F,1,perm0,pert35m_p0,0.7778
ESM2-35M,cameo,6AKJ_B,1,perm0,pert35m_p0,0.0000
ESM2-35M,cameo,6BEA_A,1,perm0,pert35m_p0,0.7093
ESM2-35M,cameo,6BS5_A,1,perm0,pert35m_p0,0.6515
ESM2-35M,cameo,6BS5_B,1,perm0,pert35m_p0,0.5211
ESM2-35M,cameo,6BWH_C,1,perm0,pert35m_p0,0.8500
ESM2-35M,cameo,6BXS_C,1,perm0,pert35m_p0,0.6111
ESM2-35M,cameo,6BXW_A,1,perm0,pert35m_p0,0.0943
ESM2-35M,cameo,6BZJ_A,1,perm0,pert35m_p0,0.0000
ESM2-35M,cameo,6BZK_A,1,perm0,pert35m_p0,0.0000
ESM2-35M,cameo,6BZT_D,1,perm0,pert35m_p0,0.7100
ESM2-35M,cameo,6CB6_A,1,perm0,pert35m_p0,0.0870
ESM2-35M,cameo,6CCI_A,1,perm0,pert35m_p0,0.6571
ESM2-35M,cameo,6CGO_B,1,perm0,pert35m_p0,0.4356
ESM2-35M,cameo,6CK1_D,1,perm0,pert35m_p0,0.7200
ESM2-35M,cameo,6CMK_A,1,perm0,pert35m_p0,0.8267
ESM2-35M,cameo,6CP8_B,1,perm0,pert35m_p0,0.6562
ESM2-35M,cameo,6CP8_D,1,perm0,pert35m_p0,0.5484
ESM2-35M,cameo,6CP9_G,1,perm0,pert35m_p0,0.6190
ESM2-35M,cameo,6CP9_H,1,perm0,pert35m_p0,0.0455
ESM2-35M,cameo,6CSV_D,1,perm0,pert35m_p0,0.0588
ESM2-35M,cameo,6CUL_H,1,perm0,pert35m_p0,0.6981
ESM2-35M,cameo,6CZ6_D,1,perm0,pert35m_p0,0.2000
ESM2-35M,cameo,6CZT_A,1,perm0,pert35m_p0,0.5625
ESM2-35M,cameo,6D0I_C,1,perm0,pert35m_p0,0.0645
ESM2-35M,cameo,6D0I_D,1,perm0,pert35m_p0,0.1429
ESM2-35M,cameo,6D2S_A,1,perm0,pert35m_p0,0.3636
ESM2-35M,cameo,6D7Y_A,1,perm0,pert35m_p0,0.4444
ESM2-35M,cameo,6D7Y_B,1,perm0,pert35m_p0,0.4839
ESM2-35M,cameo,6D9F_B,1,perm0,pert35m_p0,0.3750
ESM2-35M,cameo,6D9M_A,1,perm0,pert35m_p0,0.6923
ESM2-35M,cameo,6DAN_D,1,perm0,pert35m_p0,0.9531
ESM2-35M,cameo,6DFL_A,1,perm0,pert35m_p0,0.5000
ESM2-35M,cameo,6DGN_B,1,perm0,pert35m_p0,0.4444
ESM2-35M,cameo,6DKA_I,1,perm0,pert35m_p0,0.6667
ESM2-35M,cameo,6DKM_G,1,perm0,pert35m_p0,0.0000
ESM2-35M,cameo,6DLC_A,1,perm0,pert35m_p0,0.0476
ESM2-35M,cameo,6DLO_A,1,perm0,pert35m_p0,0.9032
ESM2-35M,cameo,6DRF_A,1,perm0,pert35m_p0,0.0357
ESM2-35M,cameo,6E0K_A,1,perm0,pert35m_p0,0.5763
ESM2-35M,cameo,6E0M_A,1,perm0,pert35m_p0,0.4444
ESM2-35M,cameo,6E3C_C,1,perm0,pert35m_p0,0.0769
ESM2-35M,cameo,6E9B_D,1,perm0,pert35m_p0,0.5753
ESM2-35M,cameo,6E9O_A,1,perm0,pert35m_p0,0.3077
ESM2-35M,cameo,6EAZ_B,1,perm0,pert35m_p0,0.3385
ESM2-35M,cameo,6EDB_B,1,perm0,pert35m_p0,0.4615
ESM2-35M,cameo,6EGC_A,1,perm0,pert35m_p0,0.0690
ESM2-35M,cameo,6FCG_F,1,perm0,pert35m_p0,0.6538
ESM2-35M,cameo,6FTO_C,1,perm0,pert35m_p0,0.0000
ESM2-35M,cameo,6FXD_B,1,perm0,pert35m_p0,0.5417
ESM2-35M,cameo,6G1H_A,1,perm0,pert35m_p0,0.8382
ESM2-35M,cameo,6G3B_B,1,perm0,pert35m_p0,0.3333
ESM2-35M,cameo,6G70_B,1,perm0,pert35m_p0,0.7451
ESM2-35M,cameo,6G7G_A,1,perm0,pert35m_p0,0.3043
ESM2-35M,cameo,6G7O_A,1,perm0,pert35m_p0,0.3857
ESM2-35M,cameo,6G8Y_A,1,perm0,pert35m_p0,0.0000
ESM2-35M,cameo,6GCJ_A,1,perm0,pert35m_p0,0.2917
ESM2-35M,cameo,6GDJ_B,1,perm0,pert35m_p0,0.6923
ESM2-35M,cameo,6GHO_B,1,perm0,pert35m_p0,0.7407
ESM2-35M,cameo,6GMA_F,1,perm0,pert35m_p0,0.4167
ESM2-35M,cameo,6GMS_A,1,perm0,pert35m_p0,0.0769
ESM2-35M,cameo,6GW7_A,1,perm0,pert35m_p0,0.0000
ESM2-35M,cameo,6H2X_A,1,perm0,pert35m_p0,0.0857
ESM2-35M,cameo,6H6N_B,1,perm0,pert35m_p0,0.3043
ESM2-35M,cameo,6HC2_X,1,perm0,pert35m_p0,0.0000
ESM2-35M,cameo,6HPV_A,1,perm0,pert35m_p0,0.0508
ESM2-35M,cameo,6I1R_B,1,perm0,pert35m_p0,0.2581
ESM2-35M,cameo,6I9H_A,1,perm0,pert35m_p0,0.3889
ESM2-35M,cameo,6IAI_D,1,perm0,pert35m_p0,0.5238
ESM2-35M,cameo,6IEH_A,1,perm0,pert35m_p0,0.0000
ESM2-35M,cameo,6N0T_A,1,perm0,pert35m_p0,0.1842
ESM2-35M,cameo,6NU4_A,1,perm0,pert35m_p0,0.0000
ESM2-35M,cameo,6NX4_A,1,perm0,pert35m_p0,0.6667
ESM2-35M,cameo,6OHZ_A,1,perm0,pert35m_p0,0.2619
ESM2-35M,cameo,5OD1_A,2,perm0,pert35m_p0,0.5556
ESM2-35M,cameo,5OD9_B,2,perm0,pert35m_p0,0.7059
ESM2-35M,cameo,5OQK_A,2,perm0,pert35m_p0,0.0690
ESM2-35M,cameo,5OVM_A,2,perm0,pert35m_p0,0.0000
ESM2-35M,cameo,5WB4_H,2,perm0,pert35m_p0,0.8158
ESM2-35M,cameo,5XJO_E,2,perm0,pert35m_p0,0.0000
ESM2-35M,cameo,5XKJ_F,2,perm0,pert35m_p0,0.2222
ESM2-35M,cameo,5XKN_F,2,perm0,pert35m_p0,0.0000
ESM2-35M,cameo,5Y08_A,2,perm0,pert35m_p0,0.5122
ESM2-35M,cameo,5YA6_B,2,perm0,pert35m_p0,0.2424
ESM2-35M,cameo,5YRQ_E,2,perm0,pert35m_p0,0.3333
ESM2-35M,cameo,5YVQ_A,2,perm0,pert35m_p0,0.4507
ESM2-35M,cameo,5YVQ_B,2,perm0,pert35m_p0,0.2000
ESM2-35M,cameo,5Z2H_B,2,perm0,pert35m_p0,0.4444
ESM2-35M,cameo,5Z2I_D,2,perm0,pert35m_p0,0.4444
ESM2-35M,cameo,5Z34_A,2,perm0,pert35m_p0,0.5556
ESM2-35M,cameo,5Z36_A,2,perm0,pert35m_p0,0.7333
ESM2-35M,cameo,5Z3F_A,2,perm0,pert35m_p0,0.6216
ESM2-35M,cameo,5Z3K_B,2,perm0,pert35m_p0,0.7917
ESM2-35M,cameo,5Z6D_B,2,perm0,pert35m_p0,0.4000
ESM2-35M,cameo,5Z7C_A,2,perm0,pert35m_p0,0.3049
ESM2-35M,cameo,5Z8B_B,2,perm0,pert35m_p0,0.5000
ESM2-35M,cameo,5Z9T_B,2,perm0,pert35m_p0,0.9192
ESM2-35M,cameo,5ZB2_A,2,perm0,pert35m_p0,0.9375
ESM2-35M,cameo,5ZER_B,2,perm0,pert35m_p0,0.9130
ESM2-35M,cameo,5ZKE_A,2,perm0,pert35m_p0,0.2647
ESM2-35M,cameo,5ZKH_B,2,perm0,pert35m_p0,0.1818
ESM2-35M,cameo,5ZKT_B,2,perm0,pert35m_p0,0.0000
ESM2-35M,cameo,5ZNS_A,2,perm0,pert35m_p0,0.6316
ESM2-35M,cameo,5ZOR_A,2,perm0,pert35m_p0,0.4138
ESM2-35M,cameo,5ZT7_B,2,perm0,pert35m_p0,0.9000
ESM2-35M,cameo,5ZX9_A,2,perm0,pert35m_p0,0.8485
ESM2-35M,cameo,5ZYO_D,2,perm0,pert35m_p0,0.0000
ESM2-35M,cameo,6A2W_A,2,perm0,pert35m_p0,0.0909
ESM2-35M,cameo,6A5F_B,2,perm0,pert35m_p0,0.8667
ESM2-35M,cameo,6A5G_B,2,perm0,pert35m_p0,0.8065
ESM2-35M,cameo,6A68_A,2,perm0,pert35m_p0,0.0000
ESM2-35M,cameo,6A83_A,2,perm0,pert35m_p0,0.5775
ESM2-35M,cameo,6A9J_B,2,perm0,pert35m_p0,0.1194
ESM2-35M,cameo,6A9W_A,2,perm0,pert35m_p0,0.3929
ESM2-35M,cameo,6AE1_B,2,perm0,pert35m_p0,0.2727
ESM2-35M,cameo,6AE9_B,2,perm0,pert35m_p0,0.7200
ESM2-35M,cameo,6AEF_A,2,perm0,pert35m_p0,0.4396
ESM2-35M,cameo,6AGH_B,2,perm0,pert35m_p0,0.1111
ESM2-35M,cameo,6AGJ_B,2,perm0,pert35m_p0,0.3333
ESM2-35M,cameo,6AHQ_T,2,perm0,pert35m_p0,0.5714
ESM2-35M,cameo,6AIT_F,2,perm0,pert35m_p0,0.7654
ESM2-35M,cameo,6AKJ_B,2,perm0,pert35m_p0,0.0455
ESM2-35M,cameo,6BEA_A,2,perm0,pert35m_p0,0.6744
ESM2-35M,cameo,6BS5_A,2,perm0,pert35m_p0,0.6667
ESM2-35M,cameo,6BS5_B,2,perm0,pert35m_p0,0.4507
ESM2-35M,cameo,6BWH_C,2,perm0,pert35m_p0,0.5500
ESM2-35M,cameo,6BXS_C,2,perm0,pert35m_p0,0.3889
ESM2-35M,cameo,6BXW_A,2,perm0,pert35m_p0,0.1321
ESM2-35M,cameo,6BZJ_A,2,perm0,pert35m_p0,0.0000
ESM2-35M,cameo,6BZK_A,2,perm0,pert35m_p0,0.0000
ESM2-35M,cameo,6BZT_D,2,perm0,pert35m_p0,0.7100
ESM2-35M,cameo,6CB6_A,2,perm0,pert35m_p0,0.0000
ESM2-35M,cameo,6CCI_A,2,perm0,pert35m_p0,0.7286
ESM2-35M,cameo,6CGO_B,2,perm0,pert35m_p0,0.5644
ESM2-35M,cameo,6CK1_D,2,perm0,pert35m_p0,0.8000
ESM2-35M,cameo,6CMK_A,2,perm0,pert35m_p0,0.8000
ESM2-35M,cameo,6CP8_B,2,perm0,pert35m_p0,0.7500
ESM2-35M,cameo,6CP8_D,2,perm0,pert35m_p0,0.4839
ESM2-35M,cameo,6CP9_G,2,perm0,pert35m_p0,0.8095
ESM2-35M,cameo,6CP9_H,2,perm0,pert35m_p0,0.4545
ESM2-35M,cameo,6CSV_D,2,perm0,pert35m_p0,0.0000
ESM2-35M,cameo,6CUL_H,2,perm0,pert35m_p0,0.6981
ESM2-35M,cameo,6CZ6_D,2,perm0,pert35m_p0,0.2154
ESM2-35M,cameo,6CZT_A,2,perm0,pert35m_p0,0.5625
ESM2-35M,cameo,6D0I_C,2,perm0,pert35m_p0,0.0968
ESM2-35M,cameo,6D0I_D,2,perm0,pert35m_p0,0.0000
ESM2-35M,cameo,6D2S_A,2,perm0,pert35m_p0,0.3091
ESM2-35M,cameo,6D7Y_A,2,perm0,pert35m_p0,0.1111
ESM2-35M,cameo,6D7Y_B,2,perm0,pert35m_p0,0.7097
ESM2-35M,cameo,6D9F_B,2,perm0,pert35m_p0,0.1719
ESM2-35M,cameo,6D9M_A,2,perm0,pert35m_p0,0.6923
ESM2-35M,cameo,6DAN_D,2,perm0,pert35m_p0,0.8906
ESM2-35M,cameo,6DFL_A,2,perm0,pert35m_p0,0.8333
ESM2-35M,cameo,6DGN_B,2,perm0,pert35m_p0,0.0556
ESM2-35M,cameo,6DKA_I,2,perm0,pert35m_p0,0.4667
ESM2-35M,cameo,6DKM_G,2,perm0,pert35m_p0,0.0000
ESM2-35M,cameo,6DLC_A,2,perm0,pert35m_p0,0.5238
ESM2-35M,cameo,6DLO_A,2,perm0,pert35m_p0,0.8710
ESM2-35M,cameo,6DRF_A,2,perm0,pert35m_p0,0.0000
ESM2-35M,cameo,6E0K_A,2,perm0,pert35m_p0,0.6102
ESM2-35M,cameo,6E0M_A,2,perm0,pert35m_p0,0.5741
ESM2-35M,cameo,6E3C_C,2,perm0,pert35m_p0,0.1923
ESM2-35M,cameo,6E9B_D,2,perm0,pert35m_p0,0.6027
ESM2-35M,cameo,6E9O_A,2,perm0,pert35m_p0,0.3718
ESM2-35M,cameo,6EAZ_B,2,perm0,pert35m_p0,0.3231
ESM2-35M,cameo,6EDB_B,2,perm0,pert35m_p0,0.1538
ESM2-35M,cameo,6EGC_A,2,perm0,pert35m_p0,0.3793
ESM2-35M,cameo,6FCG_F,2,perm0,pert35m_p0,0.7051
ESM2-35M,cameo,6FTO_C,2,perm0,pert35m_p0,0.0000
ESM2-35M,cameo,6FXD_B,2,perm0,pert35m_p0,0.7917
ESM2-35M,cameo,6G1H_A,2,perm0,pert35m_p0,0.8088
ESM2-35M,cameo,6G3B_B,2,perm0,pert35m_p0,0.3556
ESM2-35M,cameo,6G70_B,2,perm0,pert35m_p0,0.7255
ESM2-35M,cameo,6G7G_A,2,perm0,pert35m_p0,0.3913
ESM2-35M,cameo,6G7O_A,2,perm0,pert35m_p0,0.2571
ESM2-35M,cameo,6G8Y_A,2,perm0,pert35m_p0,0.0000
ESM2-35M,cameo,6GCJ_A,2,perm0,pert35m_p0,0.1250
ESM2-35M,cameo,6GDJ_B,2,perm0,pert35m_p0,0.3077
ESM2-35M,cameo,6GHO_B,2,perm0,pert35m_p0,0.8148
ESM2-35M,cameo,6GMA_F,2,perm0,pert35m_p0,0.2083
ESM2-35M,cameo,6GMS_A,2,perm0,pert35m_p0,0.0385
ESM2-35M,cameo,6GW7_A,2,perm0,pert35m_p0,0.0000
ESM2-35M,cameo,6H2X_A,2,perm0,pert35m_p0,0.1429
ESM2-35M,cameo,6H6N_B,2,perm0,pert35m_p0,0.1739
ESM2-35M,cameo,6HC2_X,2,perm0,pert35m_p0,0.0000
ESM2-35M,cameo,6HPV_A,2,perm0,pert35m_p0,0.1864
ESM2-35M,cameo,6I1R_B,2,perm0,pert35m_p0,0.0968
ESM2-35M,cameo,6I9H_A,2,perm0,pert35m_p0,0.1667
ESM2-35M,cameo,6IAI_D,2,perm0,pert35m_p0,0.3810
ESM2-35M,cameo,6IEH_A,2,perm0,pert35m_p0,0.0000
ESM2-35M,cameo,6N0T_A,2,perm0,pert35m_p0,0.1711
ESM2-35M,cameo,6NU4_A,2,perm0,pert35m_p0,0.0000
ESM2-35M,cameo,6NX4_A,2,perm0,pert35m_p0,0.6364
ESM2-35M,cameo,6OHZ_A,2,perm0,pert35m_p0,0.4048
ESM2-35M,cameo,5OD1_A,0,perm1,pert35m_p1,0.0556
ESM2-35M,cameo,5OD9_B,0,perm1,pert35m_p1,0.1176
ESM2-35M,cameo,5OQK_A,0,perm1,pert35m_p1,0.0690
ESM2-35M,cameo,5OVM_A,0,perm1,pert35m_p1,0.0000
ESM2-35M,cameo,5WB4_H,0,perm1,pert35m_p1,0.8684
ESM2-35M,cameo,5XJO_E,0,perm1,pert35m_p1,0.6250
ESM2-35M,cameo,5XKJ_F,0,perm1,pert35m_p1,0.1111
ESM2-35M,cameo,5XKN_F,0,perm1,pert35m_p1,0.0000
ESM2-35M,cameo,5Y08_A,0,perm1,pert35m_p1,0.5122
ESM2-35M,cameo,5YA6_B,0,perm1,pert35m_p1,0.1515
ESM2-35M,cameo,5YRQ_E,0,perm1,pert35m_p1,0.3750
ESM2-35M,cameo,5YVQ_A,0,perm1,pert35m_p1,0.4648
ESM2-35M,cameo,5YVQ_B,0,perm1,pert35m_p1,0.2500
ESM2-35M,cameo,5Z2H_B,0,perm1,pert35m_p1,0.1111
ESM2-35M,cameo,5Z2I_D,0,perm1,pert35m_p1,0.1111
ESM2-35M,cameo,5Z34_A,0,perm1,pert35m_p1,0.7222
ESM2-35M,cameo,5Z36_A,0,perm1,pert35m_p1,0.7333
ESM2-35M,cameo,5Z3F_A,0,perm1,pert35m_p1,0.5405
ESM2-35M,cameo,5Z3K_B,0,perm1,pert35m_p1,0.7500
ESM2-35M,cameo,5Z6D_B,0,perm1,pert35m_p1,0.4750
ESM2-35M,cameo,5Z7C_A,0,perm1,pert35m_p1,0.2683
ESM2-35M,cameo,5Z8B_B,0,perm1,pert35m_p1,0.5750
ESM2-35M,cameo,5Z9T_B,0,perm1,pert35m_p1,0.7879
ESM2-35M,cameo,5ZB2_A,0,perm1,pert35m_p1,0.9375
ESM2-35M,cameo,5ZER_B,0,perm1,pert35m_p1,0.7971
ESM2-35M,cameo,5ZKE_A,0,perm1,pert35m_p1,0.1471
ESM2-35M,cameo,5ZKH_B,0,perm1,pert35m_p1,0.0909
ESM2-35M,cameo,5ZKT_B,0,perm1,pert35m_p1,0.0909
ESM2-35M,cameo,5ZNS_A,0,perm1,pert35m_p1,0.6053
ESM2-35M,cameo,5ZOR_A,0,perm1,pert35m_p1,0.3448
ESM2-35M,cameo,5ZT7_B,0,perm1,pert35m_p1,0.8200
ESM2-35M,cameo,5ZX9_A,0,perm1,pert35m_p1,0.8182
ESM2-35M,cameo,5ZYO_D,0,perm1,pert35m_p1,0.0000
ESM2-35M,cameo,6A2W_A,0,perm1,pert35m_p1,0.0000
ESM2-35M,cameo,6A5F_B,0,perm1,pert35m_p1,0.8333
ESM2-35M,cameo,6A5G_B,0,perm1,pert35m_p1,0.9032
ESM2-35M,cameo,6A68_A,0,perm1,pert35m_p1,0.1250
ESM2-35M,cameo,6A83_A,0,perm1,pert35m_p1,0.6197
ESM2-35M,cameo,6A9J_B,0,perm1,pert35m_p1,0.1343
ESM2-35M,cameo,6A9W_A,0,perm1,pert35m_p1,0.3036
ESM2-35M,cameo,6AE1_B,0,perm1,pert35m_p1,0.2273
ESM2-35M,cameo,6AE9_B,0,perm1,pert35m_p1,0.8000
ESM2-35M,cameo,6AEF_A,0,perm1,pert35m_p1,0.2857
ESM2-35M,cameo,6AGH_B,0,perm1,pert35m_p1,0.2407
ESM2-35M,cameo,6AGJ_B,0,perm1,pert35m_p1,0.3968
ESM2-35M,cameo,6AHQ_T,0,perm1,pert35m_p1,0.5714
ESM2-35M,cameo,6AIT_F,0,perm1,pert35m_p1,0.7654
ESM2-35M,cameo,6AKJ_B,0,perm1,pert35m_p1,0.0455
ESM2-35M,cameo,6BEA_A,0,perm1,pert35m_p1,0.6512
ESM2-35M,cameo,6BS5_A,0,perm1,pert35m_p1,0.7273
ESM2-35M,cameo,6BS5_B,0,perm1,pert35m_p1,0.5634
ESM2-35M,cameo,6BWH_C,0,perm1,pert35m_p1,0.8000
ESM2-35M,cameo,6BXS_C,0,perm1,pert35m_p1,0.5185
ESM2-35M,cameo,6BXW_A,0,perm1,pert35m_p1,0.0755
ESM2-35M,cameo,6BZJ_A,0,perm1,pert35m_p1,0.0000
ESM2-35M,cameo,6BZK_A,0,perm1,pert35m_p1,0.0000
ESM2-35M,cameo,6BZT_D,0,perm1,pert35m_p1,0.6800
ESM2-35M,cameo,6CB6_A,0,perm1,pert35m_p1,0.1304
ESM2-35M,cameo,6CCI_A,0,perm1,pert35m_p1,0.7143
ESM2-35M,cameo,6CGO_B,0,perm1,pert35m_p1,0.3366
ESM2-35M,cameo,6CK1_D,0,perm1,pert35m_p1,0.8800
ESM2-35M,cameo,6CMK_A,0,perm1,pert35m_p1,0.8133
ESM2-35M,cameo,6CP8_B,0,perm1,pert35m_p1,0.5625
ESM2-35M,cameo,6CP8_D,0,perm1,pert35m_p1,0.5484
ESM2-35M,cameo,6CP9_G,0,perm1,pert35m_p1,0.7619
ESM2-35M,cameo,6CP9_H,0,perm1,pert35m_p1,0.3182
ESM2-35M,cameo,6CSV_D,0,perm1,pert35m_p1,0.0588
ESM2-35M,cameo,6CUL_H,0,perm1,pert35m_p1,0.6038
ESM2-35M,cameo,6CZ6_D,0,perm1,pert35m_p1,0.2308
ESM2-35M,cameo,6CZT_A,0,perm1,pert35m_p1,0.8125
ESM2-35M,cameo,6D0I_C,0,perm1,pert35m_p1,0.0645
ESM2-35M,cameo,6D0I_D,0,perm1,pert35m_p1,0.1429
ESM2-35M,cameo,6D2S_A,0,perm1,pert35m_p1,0.1455
ESM2-35M,cameo,6D7Y_A,0,perm1,pert35m_p1,0.1111
ESM2-35M,cameo,6D7Y_B,0,perm1,pert35m_p1,0.4839
ESM2-35M,cameo,6D9F_B,0,perm1,pert35m_p1,0.1250
ESM2-35M,cameo,6D9M_A,0,perm1,pert35m_p1,0.5231
ESM2-35M,cameo,6DAN_D,0,perm1,pert35m_p1,0.8906
ESM2-35M,cameo,6DFL_A,0,perm1,pert35m_p1,0.6250
ESM2-35M,cameo,6DGN_B,0,perm1,pert35m_p1,0.1667
ESM2-35M,cameo,6DKA_I,0,perm1,pert35m_p1,0.3556
ESM2-35M,cameo,6DKM_G,0,perm1,pert35m_p1,0.0000
ESM2-35M,cameo,6DLC_A,0,perm1,pert35m_p1,0.2381
ESM2-35M,cameo,6DLO_A,0,perm1,pert35m_p1,0.8710
ESM2-35M,cameo,6DRF_A,0,perm1,pert35m_p1,0.0000
ESM2-35M,cameo,6E0K_A,0,perm1,pert35m_p1,0.5424
ESM2-35M,cameo,6E0M_A,0,perm1,pert35m_p1,0.5185
ESM2-35M,cameo,6E3C_C,0,perm1,pert35m_p1,0.0000
ESM2-35M,cameo,6E9B_D,0,perm1,pert35m_p1,0.4795
ESM2-35M,cameo,6E9O_A,0,perm1,pert35m_p1,0.1667
ESM2-35M,cameo,6EAZ_B,0,perm1,pert35m_p1,0.4000
ESM2-35M,cameo,6EDB_B,0,perm1,pert35m_p1,0.2308
ESM2-35M,cameo,6EGC_A,0,perm1,pert35m_p1,0.0000
ESM2-35M,cameo,6FCG_F,0,perm1,pert35m_p1,0.6026
ESM2-35M,cameo,6FTO_C,0,perm1,pert35m_p1,0.0000
ESM2-35M,cameo,6FXD_B,0,perm1,pert35m_p1,0.5417
ESM2-35M,cameo,6G1H_A,0,perm1,pert35m_p1,0.8235
ESM2-35M,cameo,6G3B_B,0,perm1,pert35m_p1,0.4444
ESM2-35M,cameo,6G70_B,0,perm1,pert35m_p1,0.7059
ESM2-35M,cameo,6G7G_A,0,perm1,pert35m_p1,0.1739
ESM2-35M,cameo,6G7O_A,0,perm1,pert35m_p1,0.1429
ESM2-35M,cameo,6G8Y_A,0,perm1,pert35m_p1,0.0000
ESM2-35M,cameo,6GCJ_A,0,perm1,pert35m_p1,0.1250
ESM2-35M,cameo,6GDJ_B,0,perm1,pert35m_p1,0.4615
ESM2-35M,cameo,6GHO_B,0,perm1,pert35m_p1,0.7037
ESM2-35M,cameo,6GMA_F,0,perm1,pert35m_p1,0.4167
ESM2-35M,cameo,6GMS_A,0,perm1,pert35m_p1,0.0385
ESM2-35M,cameo,6GW7_A,0,perm1,pert35m_p1,0.0000
ESM2-35M,cameo,6H2X_A,0,perm1,pert35m_p1,0.1143
ESM2-35M,cameo,6H6N_B,0,perm1,pert35m_p1,0.2174
ESM2-35M,cameo,6HC2_X,0,perm1,pert35m_p1,0.0000
ESM2-35M,cameo,6HPV_A,0,perm1,pert35m_p1,0.1525
ESM2-35M,cameo,6I1R_B,0,perm1,pert35m_p1,0.1452
ESM2-35M,cameo,6I9H_A,0,perm1,pert35m_p1,0.5000
ESM2-35M,cameo,6IAI_D,0,perm1,pert35m_p1,0.5238
ESM2-35M,cameo,6IEH_A,0,perm1,pert35m_p1,0.0000
ESM2-35M,cameo,6N0T_A,0,perm1,pert35m_p1,0.2500
ESM2-35M,cameo,6NU4_A,0,perm1,pert35m_p1,0.0000
ESM2-35M,cameo,6NX4_A,0,perm1,pert35m_p1,0.5455
ESM2-35M,cameo,6OHZ_A,0,perm1,pert35m_p1,0.4048
ESM2-35M,cameo,5OD1_A,1,perm1,pert35m_p1,0.7778
ESM2-35M,cameo,5OD9_B,1,perm1,pert35m_p1,0.7647
ESM2-35M,cameo,5OQK_A,1,perm1,pert35m_p1,0.1034
ESM2-35M,cameo,5OVM_A,1,perm1,pert35m_p1,0.0000
ESM2-35M,cameo,5WB4_H,1,perm1,pert35m_p1,0.8158
ESM2-35M,cameo,5XJO_E,1,perm1,pert35m_p1,0.0000
ESM2-35M,cameo,5XKJ_F,1,perm1,pert35m_p1,0.1111
ESM2-35M,cameo,5XKN_F,1,perm1,pert35m_p1,0.0000
ESM2-35M,cameo,5Y08_A,1,perm1,pert35m_p1,0.4390
ESM2-35M,cameo,5YA6_B,1,perm1,pert35m_p1,0.2121
ESM2-35M,cameo,5YRQ_E,1,perm1,pert35m_p1,0.2083
ESM2-35M,cameo,5YVQ_A,1,perm1,pert35m_p1,0.3944
ESM2-35M,cameo,5YVQ_B,1,perm1,pert35m_p1,0.2000
ESM2-35M,cameo,5Z2H_B,1,perm1,pert35m_p1,0.4444
ESM2-35M,cameo,5Z2I_D,1,perm1,pert35m_p1,0.5556
ESM2-35M,cameo,5Z34_A,1,perm1,pert35m_p1,0.6528
ESM2-35M,cameo,5Z36_A,1,perm1,pert35m_p1,0.6333
ESM2-35M,cameo,5Z3F_A,1,perm1,pert35m_p1,0.7568
ESM2-35M,cameo,5Z3K_B,1,perm1,pert35m_p1,0.8229
ESM2-35M,cameo,5Z6D_B,1,perm1,pert35m_p1,0.4500
ESM2-35M,cameo,5Z7C_A,1,perm1,pert35m_p1,0.3780
ESM2-35M,cameo,5Z8B_B,1,perm1,pert35m_p1,0.4250
ESM2-35M,cameo,5Z9T_B,1,perm1,pert35m_p1,0.7576
ESM2-35M,cameo,5ZB2_A,1,perm1,pert35m_p1,0.9625
ESM2-35M,cameo,5ZER_B,1,perm1,pert35m_p1,0.8696
ESM2-35M,cameo,5ZKE_A,1,perm1,pert35m_p1,0.0000
ESM2-35M,cameo,5ZKH_B,1,perm1,pert35m_p1,0.1515
ESM2-35M,cameo,5ZKT_B,1,perm1,pert35m_p1,0.0000
ESM2-35M,cameo,5ZNS_A,1,perm1,pert35m_p1,0.5789
ESM2-35M,cameo,5ZOR_A,1,perm1,pert35m_p1,0.3793
ESM2-35M,cameo,5ZT7_B,1,perm1,pert35m_p1,0.9400
ESM2-35M,cameo,5ZX9_A,1,perm1,pert35m_p1,0.7879
ESM2-35M,cameo,5ZYO_D,1,perm1,pert35m_p1,0.0333
ESM2-35M,cameo,6A2W_A,1,perm1,pert35m_p1,0.0000
ESM2-35M,cameo,6A5F_B,1,perm1,pert35m_p1,0.6667
ESM2-35M,cameo,6A5G_B,1,perm1,pert35m_p1,0.6774
ESM2-35M,cameo,6A68_A,1,perm1,pert35m_p1,0.0625
ESM2-35M,cameo,6A83_A,1,perm1,pert35m_p1,0.5493
ESM2-35M,cameo,6A9J_B,1,perm1,pert35m_p1,0.1642
ESM2-35M,cameo,6A9W_A,1,perm1,pert35m_p1,0.3750
ESM2-35M,cameo,6AE1_B,1,perm1,pert35m_p1,0.3182
ESM2-35M,cameo,6AE9_B,1,perm1,pert35m_p1,0.7800
ESM2-35M,cameo,6AEF_A,1,perm1,pert35m_p1,0.3626
ESM2-35M,cameo,6AGH_B,1,perm1,pert35m_p1,0.1481
ESM2-35M,cameo,6AGJ_B,1,perm1,pert35m_p1,0.3175
ESM2-35M,cameo,6AHQ_T,1,perm1,pert35m_p1,0.3810
ESM2-35M,cameo,6AIT_F,1,perm1,pert35m_p1,0.8272
ESM2-35M,cameo,6AKJ_B,1,perm1,pert35m_p1,0.0000
ESM2-35M,cameo,6BEA_A,1,perm1,pert35m_p1,0.7326
ESM2-35M,cameo,6BS5_A,1,perm1,pert35m_p1,0.7121
ESM2-35M,cameo,6BS5_B,1,perm1,pert35m_p1,0.5775
ESM2-35M,cameo,6BWH_C,1,perm1,pert35m_p1,0.8000
ESM2-35M,cameo,6BXS_C,1,perm1,pert35m_p1,0.4815
ESM2-35M,cameo,6BXW_A,1,perm1,pert35m_p1,0.0377
ESM2-35M,cameo,6BZJ_A,1,perm1,pert35m_p1,0.0000
ESM2-35M,cameo,6BZK_A,1,perm1,pert35m_p1,0.0000
ESM2-35M,cameo,6BZT_D,1,perm1,pert35m_p1,0.7400
ESM2-35M,cameo,6CB6_A,1,perm1,pert35m_p1,0.0870
ESM2-35M,cameo,6CCI_A,1,perm1,pert35m_p1,0.7286
ESM2-35M,cameo,6CGO_B,1,perm1,pert35m_p1,0.4752
ESM2-35M,cameo,6CK1_D,1,perm1,pert35m_p1,0.7467
ESM2-35M,cameo,6CMK_A,1,perm1,pert35m_p1,0.8000
ESM2-35M,cameo,6CP8_B,1,perm1,pert35m_p1,0.4688
ESM2-35M,cameo,6CP8_D,1,perm1,pert35m_p1,0.5484
ESM2-35M,cameo,6CP9_G,1,perm1,pert35m_p1,0.6667
ESM2-35M,cameo,6CP9_H,1,perm1,pert35m_p1,0.1818
ESM2-35M,cameo,6CSV_D,1,perm1,pert35m_p1,0.0000
ESM2-35M,cameo,6CUL_H,1,perm1,pert35m_p1,0.6981
ESM2-35M,cameo,6CZ6_D,1,perm1,pert35m_p1,0.2154
ESM2-35M,cameo,6CZT_A,1,perm1,pert35m_p1,0.5000
ESM2-35M,cameo,6D0I_C,1,perm1,pert35m_p1,0.0323
ESM2-35M,cameo,6D0I_D,1,perm1,pert35m_p1,0.0714
ESM2-35M,cameo,6D2S_A,1,perm1,pert35m_p1,0.3636
ESM2-35M,cameo,6D7Y_A,1,perm1,pert35m_p1,0.4444
ESM2-35M,cameo,6D7Y_B,1,perm1,pert35m_p1,0.4839
ESM2-35M,cameo,6D9F_B,1,perm1,pert35m_p1,0.4062
ESM2-35M,cameo,6D9M_A,1,perm1,pert35m_p1,0.5846
ESM2-35M,cameo,6DAN_D,1,perm1,pert35m_p1,0.9375
ESM2-35M,cameo,6DFL_A,1,perm1,pert35m_p1,0.6250
ESM2-35M,cameo,6DGN_B,1,perm1,pert35m_p1,0.1111
ESM2-35M,cameo,6DKA_I,1,perm1,pert35m_p1,0.6000
ESM2-35M,cameo,6DKM_G,1,perm1,pert35m_p1,0.0000
ESM2-35M,cameo,6DLC_A,1,perm1,pert35m_p1,0.1905
ESM2-35M,cameo,6DLO_A,1,perm1,pert35m_p1,0.9355
ESM2-35M,cameo,6DRF_A,1,perm1,pert35m_p1,0.0714
ESM2-35M,cameo,6E0K_A,1,perm1,pert35m_p1,0.6102
ESM2-35M,cameo,6E0M_A,1,perm1,pert35m_p1,0.6296
ESM2-35M,cameo,6E3C_C,1,perm1,pert35m_p1,0.0000
ESM2-35M,cameo,6E9B_D,1,perm1,pert35m_p1,0.5616
ESM2-35M,cameo,6E9O_A,1,perm1,pert35m_p1,0.4359
ESM2-35M,cameo,6EAZ_B,1,perm1,pert35m_p1,0.3077
ESM2-35M,cameo,6EDB_B,1,perm1,pert35m_p1,0.4615
ESM2-35M,cameo,6EGC_A,1,perm1,pert35m_p1,0.0690
ESM2-35M,cameo,6FCG_F,1,perm1,pert35m_p1,0.7051
ESM2-35M,cameo,6FTO_C,1,perm1,pert35m_p1,0.0000
ESM2-35M,cameo,6FXD_B,1,perm1,pert35m_p1,0.6250
ESM2-35M,cameo,6G1H_A,1,perm1,pert35m_p1,0.8971
ESM2-35M,cameo,6G3B_B,1,perm1,pert35m_p1,0.3111
ESM2-35M,cameo,6G70_B,1,perm1,pert35m_p1,0.7647
ESM2-35M,cameo,6G7G_A,1,perm1,pert35m_p1,0.3913
ESM2-35M,cameo,6G7O_A,1,perm1,pert35m_p1,0.4571
ESM2-35M,cameo,6G8Y_A,1,perm1,pert35m_p1,0.0000
ESM2-35M,cameo,6GCJ_A,1,perm1,pert35m_p1,0.0833
ESM2-35M,cameo,6GDJ_B,1,perm1,pert35m_p1,0.4615
ESM2-35M,cameo,6GHO_B,1,perm1,pert35m_p1,0.7778
ESM2-35M,cameo,6GMA_F,1,perm1,pert35m_p1,0.4167
ESM2-35M,cameo,6GMS_A,1,perm1,pert35m_p1,0.0385
ESM2-35M,cameo,6GW7_A,1,perm1,pert35m_p1,0.1818
ESM2-35M,cameo,6H2X_A,1,perm1,pert35m_p1,0.1571
ESM2-35M,cameo,6H6N_B,1,perm1,pert35m_p1,0.3043
ESM2-35M,cameo,6HC2_X,1,perm1,pert35m_p1,0.0000
ESM2-35M,cameo,6HPV_A,1,perm1,pert35m_p1,0.1525
ESM2-35M,cameo,6I1R_B,1,perm1,pert35m_p1,0.2581
ESM2-35M,cameo,6I9H_A,1,perm1,pert35m_p1,0.5000
ESM2-35M,cameo,6IAI_D,1,perm1,pert35m_p1,0.5238
ESM2-35M,cameo,6IEH_A,1,perm1,pert35m_p1,0.0000
ESM2-35M,cameo,6N0T_A,1,perm1,pert35m_p1,0.1447
ESM2-35M,cameo,6NU4_A,1,perm1,pert35m_p1,0.0000
ESM2-35M,cameo,6NX4_A,1,perm1,pert35m_p1,0.7273
ESM2-35M,cameo,6OHZ_A,1,perm1,pert35m_p1,0.3333
ESM2-35M,cameo,5OD1_A,2,perm1,pert35m_p1,0.7222
ESM2-35M,cameo,5OD9_B,2,perm1,pert35m_p1,0.7059
ESM2-35M,cameo,5OQK_A,2,perm1,pert35m_p1,0.1034
ESM2-35M,cameo,5OVM_A,2,perm1,pert35m_p1,0.1250
ESM2-35M,cameo,5WB4_H,2,perm1,pert35m_p1,0.7632
ESM2-35M,cameo,5XJO_E,2,perm1,pert35m_p1,0.5000
ESM2-35M,cameo,5XKJ_F,2,perm1,pert35m_p1,0.0000
ESM2-35M,cameo,5XKN_F,2,perm1,pert35m_p1,0.1667
ESM2-35M,cameo,5Y08_A,2,perm1,pert35m_p1,0.5122
ESM2-35M,cameo,5YA6_B,2,perm1,pert35m_p1,0.1818
ESM2-35M,cameo,5YRQ_E,2,perm1,pert35m_p1,0.2917
ESM2-35M,cameo,5YVQ_A,2,perm1,pert35m_p1,0.3380
ESM2-35M,cameo,5YVQ_B,2,perm1,pert35m_p1,0.1500
ESM2-35M,cameo,5Z2H_B,2,perm1,pert35m_p1,0.1111
ESM2-35M,cameo,5Z2I_D,2,perm1,pert35m_p1,0.1111
ESM2-35M,cameo,5Z34_A,2,perm1,pert35m_p1,0.6528
ESM2-35M,cameo,5Z36_A,2,perm1,pert35m_p1,0.6000
ESM2-35M,cameo,5Z3F_A,2,perm1,pert35m_p1,0.7027
ESM2-35M,cameo,5Z3K_B,2,perm1,pert35m_p1,0.8021
ESM2-35M,cameo,5Z6D_B,2,perm1,pert35m_p1,0.4000
ESM2-35M,cameo,5Z7C_A,2,perm1,pert35m_p1,0.3415
ESM2-35M,cameo,5Z8B_B,2,perm1,pert35m_p1,0.5000
ESM2-35M,cameo,5Z9T_B,2,perm1,pert35m_p1,0.8990
ESM2-35M,cameo,5ZB2_A,2,perm1,pert35m_p1,0.9500
ESM2-35M,cameo,5ZER_B,2,perm1,pert35m_p1,0.8406
ESM2-35M,cameo,5ZKE_A,2,perm1,pert35m_p1,0.0882
ESM2-35M,cameo,5ZKH_B,2,perm1,pert35m_p1,0.1212
ESM2-35M,cameo,5ZKT_B,2,perm1,pert35m_p1,0.0000
ESM2-35M,cameo,5ZNS_A,2,perm1,pert35m_p1,0.5921
ESM2-35M,cameo,5ZOR_A,2,perm1,pert35m_p1,0.2759
ESM2-35M,cameo,5ZT7_B,2,perm1,pert35m_p1,0.8000
ESM2-35M,cameo,5ZX9_A,2,perm1,pert35m_p1,0.8485
ESM2-35M,cameo,5ZYO_D,2,perm1,pert35m_p1,0.0333
ESM2-35M,cameo,6A2W_A,2,perm1,pert35m_p1,0.0000
ESM2-35M,cameo,6A5F_B,2,perm1,pert35m_p1,0.9333
ESM2-35M,cameo,6A5G_B,2,perm1,pert35m_p1,0.9032
ESM2-35M,cameo,6A68_A,2,perm1,pert35m_p1,0.0312
ESM2-35M,cameo,6A83_A,2,perm1,pert35m_p1,0.6620
ESM2-35M,cameo,6A9J_B,2,perm1,pert35m_p1,0.1194
ESM2-35M,cameo,6A9W_A,2,perm1,pert35m_p1,0.4464
ESM2-35M,cameo,6AE1_B,2,perm1,pert35m_p1,0.2273
ESM2-35M,cameo,6AE9_B,2,perm1,pert35m_p1,0.7400
ESM2-35M,cameo,6AEF_A,2,perm1,pert35m_p1,0.4725
ESM2-35M,cameo,6AGH_B,2,perm1,pert35m_p1,0.1852
ESM2-35M,cameo,6AGJ_B,2,perm1,pert35m_p1,0.3175
ESM2-35M,cameo,6AHQ_T,2,perm1,pert35m_p1,0.5714
ESM2-35M,cameo,6AIT_F,2,perm1,pert35m_p1,0.7160
ESM2-35M,cameo,6AKJ_B,2,perm1,pert35m_p1,0.2727
ESM2-35M,cameo,6BEA_A,2,perm1,pert35m_p1,0.8140
ESM2-35M,cameo,6BS5_A,2,perm1,pert35m_p1,0.6364
ESM2-35M,cameo,6BS5_B,2,perm1,pert35m_p1,0.5493
ESM2-35M,cameo,6BWH_C,2,perm1,pert35m_p1,0.7500
ESM2-35M,cameo,6BXS_C,2,perm1,pert35m_p1,0.5000
ESM2-35M,cameo,6BXW_A,2,perm1,pert35m_p1,0.1321
ESM2-35M,cameo,6BZJ_A,2,perm1,pert35m_p1,0.0000
ESM2-35M,cameo,6BZK_A,2,perm1,pert35m_p1,0.0000
ESM2-35M,cameo,6BZT_D,2,perm1,pert35m_p1,0.6400
ESM2-35M,cameo,6CB6_A,2,perm1,pert35m_p1,0.0435
ESM2-35M,cameo,6CCI_A,2,perm1,pert35m_p1,0.5714
ESM2-35M,cameo,6CGO_B,2,perm1,pert35m_p1,0.4356
ESM2-35M,cameo,6CK1_D,2,perm1,pert35m_p1,0.7867
ESM2-35M,cameo,6CMK_A,2,perm1,pert35m_p1,0.8133
ESM2-35M,cameo,6CP8_B,2,perm1,pert35m_p1,0.5312
ESM2-35M,cameo,6CP8_D,2,perm1,pert35m_p1,0.5806
ESM2-35M,cameo,6CP9_G,2,perm1,pert35m_p1,0.8095
ESM2-35M,cameo,6CP9_H,2,perm1,pert35m_p1,0.4091
ESM2-35M,cameo,6CSV_D,2,perm1,pert35m_p1,0.0000
ESM2-35M,cameo,6CUL_H,2,perm1,pert35m_p1,0.7358
ESM2-35M,cameo,6CZ6_D,2,perm1,pert35m_p1,0.3077
ESM2-35M,cameo,6CZT_A,2,perm1,pert35m_p1,0.5625
ESM2-35M,cameo,6D0I_C,2,perm1,pert35m_p1,0.0323
ESM2-35M,cameo,6D0I_D,2,perm1,pert35m_p1,0.2857
ESM2-35M,cameo,6D2S_A,2,perm1,pert35m_p1,0.1273
ESM2-35M,cameo,6D7Y_A,2,perm1,pert35m_p1,0.2778
ESM2-35M,cameo,6D7Y_B,2,perm1,pert35m_p1,0.6452
ESM2-35M,cameo,6D9F_B,2,perm1,pert35m_p1,0.2031
ESM2-35M,cameo,6D9M_A,2,perm1,pert35m_p1,0.7846
ESM2-35M,cameo,6DAN_D,2,perm1,pert35m_p1,0.8438
ESM2-35M,cameo,6DFL_A,2,perm1,pert35m_p1,0.7708
ESM2-35M,cameo,6DGN_B,2,perm1,pert35m_p1,0.0556
ESM2-35M,cameo,6DKA_I,2,perm1,pert35m_p1,0.6000
ESM2-35M,cameo,6DKM_G,2,perm1,pert35m_p1,0.0000
ESM2-35M,cameo,6DLC_A,2,perm1,pert35m_p1,0.6190
ESM2-35M,cameo,6DLO_A,2,perm1,pert35m_p1,0.9516
ESM2-35M,cameo,6DRF_A,2,perm1,pert35m_p1,0.0357
ESM2-35M,cameo,6E0K_A,2,perm1,pert35m_p1,0.6271
ESM2-35M,cameo,6E0M_A,2,perm1,pert35m_p1,0.6296
ESM2-35M,cameo,6E3C_C,2,perm1,pert35m_p1,0.3077
ESM2-35M,cameo,6E9B_D,2,perm1,pert35m_p1,0.6438
ESM2-35M,cameo,6E9O_A,2,perm1,pert35m_p1,0.2949
ESM2-35M,cameo,6EAZ_B,2,perm1,pert35m_p1,0.3385
ESM2-35M,cameo,6EDB_B,2,perm1,pert35m_p1,0.3077
ESM2-35M,cameo,6EGC_A,2,perm1,pert35m_p1,0.2759
ESM2-35M,cameo,6FCG_F,2,perm1,pert35m_p1,0.6923
ESM2-35M,cameo,6FTO_C,2,perm1,pert35m_p1,0.0000
ESM2-35M,cameo,6FXD_B,2,perm1,pert35m_p1,0.8333
ESM2-35M,cameo,6G1H_A,2,perm1,pert35m_p1,0.6765
ESM2-35M,cameo,6G3B_B,2,perm1,pert35m_p1,0.3333
ESM2-35M,cameo,6G70_B,2,perm1,pert35m_p1,0.7549
ESM2-35M,cameo,6G7G_A,2,perm1,pert35m_p1,0.3913
ESM2-35M,cameo,6G7O_A,2,perm1,pert35m_p1,0.2571
ESM2-35M,cameo,6G8Y_A,2,perm1,pert35m_p1,0.0000
ESM2-35M,cameo,6GCJ_A,2,perm1,pert35m_p1,0.0000
ESM2-35M,cameo,6GDJ_B,2,perm1,pert35m_p1,0.5385
ESM2-35M,cameo,6GHO_B,2,perm1,pert35m_p1,0.7222
ESM2-35M,cameo,6GMA_F,2,perm1,pert35m_p1,0.3333
ESM2-35M,cameo,6GMS_A,2,perm1,pert35m_p1,0.0769
ESM2-35M,cameo,6GW7_A,2,perm1,pert35m_p1,0.0000
ESM2-35M,cameo,6H2X_A,2,perm1,pert35m_p1,0.1714
ESM2-35M,cameo,6H6N_B,2,perm1,pert35m_p1,0.1304
ESM2-35M,cameo,6HC2_X,2,perm1,pert35m_p1,0.0000
ESM2-35M,cameo,6HPV_A,2,perm1,pert35m_p1,0.0339
ESM2-35M,cameo,6I1R_B,2,perm1,pert35m_p1,0.1613
ESM2-35M,cameo,6I9H_A,2,perm1,pert35m_p1,0.3333
ESM2-35M,cameo,6IAI_D,2,perm1,pert35m_p1,0.4286
ESM2-35M,cameo,6IEH_A,2,perm1,pert35m_p1,0.0000
ESM2-35M,cameo,6N0T_A,2,perm1,pert35m_p1,0.1447
ESM2-35M,cameo,6NU4_A,2,perm1,pert35m_p1,0.0000
ESM2-35M,cameo,6NX4_A,2,perm1,pert35m_p1,0.5758
ESM2-35M,cameo,6OHZ_A,2,perm1,pert35m_p1,0.2857
ESM2-35M,cameo,5OD1_A,0,perm2,pert35m_p2,0.2222
ESM2-35M,cameo,5OD9_B,0,perm2,pert35m_p2,0.4118
ESM2-35M,cameo,5OQK_A,0,perm2,pert35m_p2,0.0345
ESM2-35M,cameo,5OVM_A,0,perm2,pert35m_p2,0.0000
ESM2-35M,cameo,5WB4_H,0,perm2,pert35m_p2,0.7632
ESM2-35M,cameo,5XJO_E,0,perm2,pert35m_p2,0.1250
ESM2-35M,cameo,5XKJ_F,0,perm2,pert35m_p2,0.0000
ESM2-35M,cameo,5XKN_F,0,perm2,pert35m_p2,0.0000
ESM2-35M,cameo,5Y08_A,0,perm2,pert35m_p2,0.4146
ESM2-35M,cameo,5YA6_B,0,perm2,pert35m_p2,0.1515
ESM2-35M,cameo,5YRQ_E,0,perm2,pert35m_p2,0.5000
ESM2-35M,cameo,5YVQ_A,0,perm2,pert35m_p2,0.4930
ESM2-35M,cameo,5YVQ_B,0,perm2,pert35m_p2,0.1500
ESM2-35M,cameo,5Z2H_B,0,perm2,pert35m_p2,0.2222
ESM2-35M,cameo,5Z2I_D,0,perm2,pert35m_p2,0.2778
ESM2-35M,cameo,5Z34_A,0,perm2,pert35m_p2,0.5139
ESM2-35M,cameo,5Z36_A,0,perm2,pert35m_p2,0.7000
ESM2-35M,cameo,5Z3F_A,0,perm2,pert35m_p2,0.7432
ESM2-35M,cameo,5Z3K_B,0,perm2,pert35m_p2,0.8125
ESM2-35M,cameo,5Z6D_B,0,perm2,pert35m_p2,0.3500
ESM2-35M,cameo,5Z7C_A,0,perm2,pert35m_p2,0.3537
ESM2-35M,cameo,5Z8B_B,0,perm2,pert35m_p2,0.6500
ESM2-35M,cameo,5Z9T_B,0,perm2,pert35m_p2,0.8485
ESM2-35M,cameo,5ZB2_A,0,perm2,pert35m_p2,0.9625
ESM2-35M,cameo,5ZER_B,0,perm2,pert35m_p2,0.7536
ESM2-35M,cameo,5ZKE_A,0,perm2,pert35m_p2,0.0588
ESM2-35M,cameo,5ZKH_B,0,perm2,pert35m_p2,0.1515
ESM2-35M,cameo,5ZKT_B,0,perm2,pert35m_p2,0.0909
ESM2-35M,cameo,5ZNS_A,0,perm2,pert35m_p2,0.5658
ESM2-35M,cameo,5ZOR_A,0,perm2,pert35m_p2,0.1379
ESM2-35M,cameo,5ZT7_B,0,perm2,pert35m_p2,0.7400
ESM2-35M,cameo,5ZX9_A,0,perm2,pert35m_p2,0.7273
ESM2-35M,cameo,5ZYO_D,0,perm2,pert35m_p2,0.0000
ESM2-35M,cameo,6A2W_A,0,perm2,pert35m_p2,0.0000
ESM2-35M,cameo,6A5F_B,0,perm2,pert35m_p2,0.8000
ESM2-35M,cameo,6A5G_B,0,perm2,pert35m_p2,0.7742
ESM2-35M,cameo,6A68_A,0,perm2,pert35m_p2,0.0312
ESM2-35M,cameo,6A83_A,0,perm2,pert35m_p2,0.6901
ESM2-35M,cameo,6A9J_B,0,perm2,pert35m_p2,0.1045
ESM2-35M,cameo,6A9W_A,0,perm2,pert35m_p2,0.2679
ESM2-35M,cameo,6AE1_B,0,perm2,pert35m_p2,0.3182
ESM2-35M,cameo,6AE9_B,0,perm2,pert35m_p2,0.7800
ESM2-35M,cameo,6AEF_A,0,perm2,pert35m_p2,0.3187
ESM2-35M,cameo,6AGH_B,0,perm2,pert35m_p2,0.0741
ESM2-35M,cameo,6AGJ_B,0,perm2,pert35m_p2,0.3333
ESM2-35M,cameo,6AHQ_T,0,perm2,pert35m_p2,0.3333
ESM2-35M,cameo,6AIT_F,0,perm2,pert35m_p2,0.8025
ESM2-35M,cameo,6AKJ_B,0,perm2,pert35m_p2,0.0000
ESM2-35M,cameo,6BEA_A,0,perm2,pert35m_p2,0.7442
ESM2-35M,cameo,6BS5_A,0,perm2,pert35m_p2,0.7879
ESM2-35M,cameo,6BS5_B,0,perm2,pert35m_p2,0.6761
ESM2-35M,cameo,6BWH_C,0,perm2,pert35m_p2,0.8000
ESM2-35M,cameo,6BXS_C,0,perm2,pert35m_p2,0.4259
ESM2-35M,cameo,6BXW_A,0,perm2,pert35m_p2,0.1698
ESM2-35M,cameo,6BZJ_A,0,perm2,pert35m_p2,0.0000
ESM2-35M,cameo,6BZK_A,0,perm2,pert35m_p2,0.0000
ESM2-35M,cameo,6BZT_D,0,perm2,pert35m_p2,0.7000
ESM2-35M,cameo,6CB6_A,0,perm2,pert35m_p2,0.2609
ESM2-35M,cameo,6CCI_A,0,perm2,pert35m_p2,0.5857
ESM2-35M,cameo,6CGO_B,0,perm2,pert35m_p2,0.3960
ESM2-35M,cameo,6CK1_D,0,perm2,pert35m_p2,0.8133
ESM2-35M,cameo,6CMK_A,0,perm2,pert35m_p2,0.7867
ESM2-35M,cameo,6CP8_B,0,perm2,pert35m_p2,0.4375
ESM2-35M,cameo,6CP8_D,0,perm2,pert35m_p2,0.4194
ESM2-35M,cameo,6CP9_G,0,perm2,pert35m_p2,0.8095
ESM2-35M,cameo,6CP9_H,0,perm2,pert35m_p2,0.3636
ESM2-35M,cameo,6CSV_D,0,perm2,pert35m_p2,0.0588
ESM2-35M,cameo,6CUL_H,0,perm2,pert35m_p2,0.7547
ESM2-35M,cameo,6CZ6_D,0,perm2,pert35m_p2,0.2154
ESM2-35M,cameo,6CZT_A,0,perm2,pert35m_p2,0.5625
ESM2-35M,cameo,6D0I_C,0,perm2,pert35m_p2,0.0968
ESM2-35M,cameo,6D0I_D,0,perm2,pert35m_p2,0.0000
ESM2-35M,cameo,6D2S_A,0,perm2,pert35m_p2,0.2727
ESM2-35M,cameo,6D7Y_A,0,perm2,pert35m_p2,0.1111
ESM2-35M,cameo,6D7Y_B,0,perm2,pert35m_p2,0.5484
ESM2-35M,cameo,6D9F_B,0,perm2,pert35m_p2,0.3438
ESM2-35M,cameo,6D9M_A,0,perm2,pert35m_p2,0.5846
ESM2-35M,cameo,6DAN_D,0,perm2,pert35m_p2,0.8438
ESM2-35M,cameo,6DFL_A,0,perm2,pert35m_p2,0.8125
ESM2-35M,cameo,6DGN_B,0,perm2,pert35m_p2,0.5000
ESM2-35M,cameo,6DKA_I,0,perm2,pert35m_p2,0.5111
ESM2-35M,cameo,6DKM_G,0,perm2,pert35m_p2,0.0000
ESM2-35M,cameo,6DLC_A,0,perm2,pert35m_p2,0.3333
ESM2-35M,cameo,6DLO_A,0,perm2,pert35m_p2,0.9355
ESM2-35M,cameo,6DRF_A,0,perm2,pert35m_p2,0.0357
ESM2-35M,cameo,6E0K_A,0,perm2,pert35m_p2,0.5763
ESM2-35M,cameo,6E0M_A,0,perm2,pert35m_p2,0.6111
ESM2-35M,cameo,6E3C_C,0,perm2,pert35m_p2,0.0385
ESM2-35M,cameo,6E9B_D,0,perm2,pert35m_p2,0.5479
ESM2-35M,cameo,6E9O_A,0,perm2,pert35m_p2,0.2436
ESM2-35M,cameo,6EAZ_B,0,perm2,pert35m_p2,0.3231
ESM2-35M,cameo,6EDB_B,0,perm2,pert35m_p2,0.0769
ESM2-35M,cameo,6EGC_A,0,perm2,pert35m_p2,0.0000
ESM2-35M,cameo,6FCG_F,0,perm2,pert35m_p2,0.6923
ESM2-35M,cameo,6FTO_C,0,perm2,pert35m_p2,0.0000
ESM2-35M,cameo,6FXD_B,0,perm2,pert35m_p2,0.7083
ESM2-35M,cameo,6G1H_A,0,perm2,pert35m_p2,0.7500
ESM2-35M,cameo,6G3B_B,0,perm2,pert35m_p2,0.3778
ESM2-35M,cameo,6G70_B,0,perm2,pert35m_p2,0.7451
ESM2-35M,cameo,6G7G_A,0,perm2,pert35m_p2,0.3043
ESM2-35M,cameo,6G7O_A,0,perm2,pert35m_p2,0.3714
ESM2-35M,cameo,6G8Y_A,0,perm2,pert35m_p2,0.0556
ESM2-35M,cameo,6GCJ_A,0,perm2,pert35m_p2,0.0417
ESM2-35M,cameo,6GDJ_B,0,perm2,pert35m_p2,0.4615
ESM2-35M,cameo,6GHO_B,0,perm2,pert35m_p2,0.6111
ESM2-35M,cameo,6GMA_F,0,perm2,pert35m_p2,0.4167
ESM2-35M,cameo,6GMS_A,0,perm2,pert35m_p2,0.0769
ESM2-35M,cameo,6GW7_A,0,perm2,pert35m_p2,0.0000
ESM2-35M,cameo,6H2X_A,0,perm2,pert35m_p2,0.1857
ESM2-35M,cameo,6H6N_B,0,perm2,pert35m_p2,0.3043
ESM2-35M,cameo,6HC2_X,0,perm2,pert35m_p2,0.0000
ESM2-35M,cameo,6HPV_A,0,perm2,pert35m_p2,0.0847
ESM2-35M,cameo,6I1R_B,0,perm2,pert35m_p2,0.1774
ESM2-35M,cameo,6I9H_A,0,perm2,pert35m_p2,0.4444
ESM2-35M,cameo,6IAI_D,0,perm2,pert35m_p2,0.3810
ESM2-35M,cameo,6IEH_A,0,perm2,pert35m_p2,0.0000
ESM2-35M,cameo,6N0T_A,0,perm2,pert35m_p2,0.2763
ESM2-35M,cameo,6NU4_A,0,perm2,pert35m_p2,0.0000
ESM2-35M,cameo,6NX4_A,0,perm2,pert35m_p2,0.6667
ESM2-35M,cameo,6OHZ_A,0,perm2,pert35m_p2,0.3810
ESM2-35M,cameo,5OD1_A,1,perm2,pert35m_p2,0.6111
ESM2-35M,cameo,5OD9_B,1,perm2,pert35m_p2,0.1765
ESM2-35M,cameo,5OQK_A,1,perm2,pert35m_p2,0.0690
ESM2-35M,cameo,5OVM_A,1,perm2,pert35m_p2,0.3125
ESM2-35M,cameo,5WB4_H,1,perm2,pert35m_p2,0.8684
ESM2-35M,cameo,5XJO_E,1,perm2,pert35m_p2,0.0000
ESM2-35M,cameo,5XKJ_F,1,perm2,pert35m_p2,0.2222
ESM2-35M,cameo,5XKN_F,1,perm2,pert35m_p2,0.0000
ESM2-35M,cameo,5Y08_A,1,perm2,pert35m_p2,0.3659
ESM2-35M,cameo,5YA6_B,1,perm2,pert35m_p2,0.2424
ESM2-35M,cameo,5YRQ_E,1,perm2,pert35m_p2,0.4167
ESM2-35M,cameo,5YVQ_A,1,perm2,pert35m_p2,0.4225
ESM2-35M,cameo,5YVQ_B,1,perm2,pert35m_p2,0.2500
ESM2-35M,cameo,5Z2H_B,1,perm2,pert35m_p2,0.3333
ESM2-35M,cameo,5Z2I_D,1,perm2,pert35m_p2,0.4444
ESM2-35M,cameo,5Z34_A,1,perm2,pert35m_p2,0.6667
ESM2-35M,cameo,5Z36_A,1,perm2,pert35m_p2,0.7667
ESM2-35M,cameo,5Z3F_A,1,perm2,pert35m_p2,0.7027
ESM2-35M,cameo,5Z3K_B,1,perm2,pert35m_p2,0.7812
ESM2-35M,cameo,5Z6D_B,1,perm2,pert35m_p2,0.5000
ESM2-35M,cameo,5Z7C_A,1,perm2,pert35m_p2,0.3902
ESM2-35M,cameo,5Z8B_B,1,perm2,pert35m_p2,0.7500
ESM2-35M,cameo,5Z9T_B,1,perm2,pert35m_p2,0.8283
ESM2-35M,cameo,5ZB2_A,1,perm2,pert35m_p2,0.9875
ESM2-35M,cameo,5ZER_B,1,perm2,pert35m_p2,0.7826
ESM2-35M,cameo,5ZKE_A,1,perm2,pert35m_p2,0.1765
ESM2-35M,cameo,5ZKH_B,1,perm2,pert35m_p2,0.2121
ESM2-35M,cameo,5ZKT_B,1,perm2,pert35m_p2,0.0000
ESM2-35M,cameo,5ZNS_A,1,perm2,pert35m_p2,0.6053
ESM2-35M,cameo,5ZOR_A,1,perm2,pert35m_p2,0.2759
ESM2-35M,cameo,5ZT7_B,1,perm2,pert35m_p2,0.8600
ESM2-35M,cameo,5ZX9_A,1,perm2,pert35m_p2,0.8182
ESM2-35M,cameo,5ZYO_D,1,perm2,pert35m_p2,0.0000
ESM2-35M,cameo,6A2W_A,1,perm2,pert35m_p2,0.0000
ESM2-35M,cameo,6A5F_B,1,perm2,pert35m_p2,0.6667
ESM2-35M,cameo,6A5G_B,1,perm2,pert35m_p2,0.4839
ESM2-35M,cameo,6A68_A,1,perm2,pert35m_p2,0.0312
ESM2-35M,cameo,6A83_A,1,perm2,pert35m_p2,0.5775
ESM2-35M,cameo,6A9J_B,1,perm2,pert35m_p2,0.1045
ESM2-35M,cameo,6A9W_A,1,perm2,pert35m_p2,0.4107
ESM2-35M,cameo,6AE1_B,1,perm2,pert35m_p2,0.3182
ESM2-35M,cameo,6AE9_B,1,perm2,pert35m_p2,0.6800
ESM2-35M,cameo,6AEF_A,1,perm2,pert35m_p2,0.3187
ESM2-35M,cameo,6AGH_B,1,perm2,pert35m_p2,0.2037
ESM2-35M,cameo,6AGJ_B,1,perm2,pert35m_p2,0.2222
ESM2-35M,cameo,6AHQ_T,1,perm2,pert35m_p2,0.6667
ESM2-35M,cameo,6AIT_F,1,perm2,pert35m_p2,0.7654
ESM2-35M,cameo,6AKJ_B,1,perm2,pert35m_p2,0.0909
ESM2-35M,cameo,6BEA_A,1,perm2,pert35m_p2,0.6977
ESM2-35M,cameo,6BS5_A,1,perm2,pert35m_p2,0.6515
ESM2-35M,cameo,6BS5_B,1,perm2,pert35m_p2,0.6479
ESM2-35M,cameo,6BWH_C,1,perm2,pert35m_p2,0.8000
ESM2-35M,cameo,6BXS_C,1,perm2,pert35m_p2,0.5185
ESM2-35M,cameo,6BXW_A,1,perm2,pert35m_p2,0.0189
ESM2-35M,cameo,6BZJ_A,1,perm2,pert35m_p2,0.0000
ESM2-35M,cameo,6BZK_A,1,perm2,pert35m_p2,0.0000
ESM2-35M,cameo,6BZT_D,1,perm2,pert35m_p2,0.7500
ESM2-35M,cameo,6CB6_A,1,perm2,pert35m_p2,0.1304
ESM2-35M,cameo,6CCI_A,1,perm2,pert35m_p2,0.7143
ESM2-35M,cameo,6CGO_B,1,perm2,pert35m_p2,0.3762
ESM2-35M,cameo,6CK1_D,1,perm2,pert35m_p2,0.7867
ESM2-35M,cameo,6CMK_A,1,perm2,pert35m_p2,0.8533
ESM2-35M,cameo,6CP8_B,1,perm2,pert35m_p2,0.6562
ESM2-35M,cameo,6CP8_D,1,perm2,pert35m_p2,0.6129
ESM2-35M,cameo,6CP9_G,1,perm2,pert35m_p2,0.6667
ESM2-35M,cameo,6CP9_H,1,perm2,pert35m_p2,0.5000
ESM2-35M,cameo,6CSV_D,1,perm2,pert35m_p2,0.0000
ESM2-35M,cameo,6CUL_H,1,perm2,pert35m_p2,0.7736
ESM2-35M,cameo,6CZ6_D,1,perm2,pert35m_p2,0.1385
ESM2-35M,cameo,6CZT_A,1,perm2,pert35m_p2,0.5000
ESM2-35M,cameo,6D0I_C,1,perm2,pert35m_p2,0.0645
ESM2-35M,cameo,6D0I_D,1,perm2,pert35m_p2,0.0714
ESM2-35M,cameo,6D2S_A,1,perm2,pert35m_p2,0.4000
ESM2-35M,cameo,6D7Y_A,1,perm2,pert35m_p2,0.4444
ESM2-35M,cameo,6D7Y_B,1,perm2,pert35m_p2,0.5806
ESM2-35M,cameo,6D9F_B,1,perm2,pert35m_p2,0.2656
ESM2-35M,cameo,6D9M_A,1,perm2,pert35m_p2,0.6000
ESM2-35M,cameo,6DAN_D,1,perm2,pert35m_p2,0.9375
ESM2-35M,cameo,6DFL_A,1,perm2,pert35m_p2,0.7292
ESM2-35M,cameo,6DGN_B,1,perm2,pert35m_p2,0.1111
ESM2-35M,cameo,6DKA_I,1,perm2,pert35m_p2,0.5333
ESM2-35M,cameo,6DKM_G,1,perm2,pert35m_p2,0.0000
ESM2-35M,cameo,6DLC_A,1,perm2,pert35m_p2,0.3810
ESM2-35M,cameo,6DLO_A,1,perm2,pert35m_p2,0.9032
ESM2-35M,cameo,6DRF_A,1,perm2,pert35m_p2,0.0714
ESM2-35M,cameo,6E0K_A,1,perm2,pert35m_p2,0.6780
ESM2-35M,cameo,6E0M_A,1,perm2,pert35m_p2,0.6296
ESM2-35M,cameo,6E3C_C,1,perm2,pert35m_p2,0.0385
ESM2-35M,cameo,6E9B_D,1,perm2,pert35m_p2,0.5753
ESM2-35M,cameo,6E9O_A,1,perm2,pert35m_p2,0.4231
ESM2-35M,cameo,6EAZ_B,1,perm2,pert35m_p2,0.3077
ESM2-35M,cameo,6EDB_B,1,perm2,pert35m_p2,0.4615
ESM2-35M,cameo,6EGC_A,1,perm2,pert35m_p2,0.0690
ESM2-35M,cameo,6FCG_F,1,perm2,pert35m_p2,0.6923
ESM2-35M,cameo,6FTO_C,1,perm2,pert35m_p2,0.0000
ESM2-35M,cameo,6FXD_B,1,perm2,pert35m_p2,0.6667
ESM2-35M,cameo,6G1H_A,1,perm2,pert35m_p2,0.7941
ESM2-35M,cameo,6G3B_B,1,perm2,pert35m_p2,0.3111
ESM2-35M,cameo,6G70_B,1,perm2,pert35m_p2,0.7745
ESM2-35M,cameo,6G7G_A,1,perm2,pert35m_p2,0.3043
ESM2-35M,cameo,6G7O_A,1,perm2,pert35m_p2,0.3000
ESM2-35M,cameo,6G8Y_A,1,perm2,pert35m_p2,0.0000
ESM2-35M,cameo,6GCJ_A,1,perm2,pert35m_p2,0.3333
ESM2-35M,cameo,6GDJ_B,1,perm2,pert35m_p2,0.3846
ESM2-35M,cameo,6GHO_B,1,perm2,pert35m_p2,0.7778
ESM2-35M,cameo,6GMA_F,1,perm2,pert35m_p2,0.6250
ESM2-35M,cameo,6GMS_A,1,perm2,pert35m_p2,0.1923
ESM2-35M,cameo,6GW7_A,1,perm2,pert35m_p2,0.0000
ESM2-35M,cameo,6H2X_A,1,perm2,pert35m_p2,0.0714
ESM2-35M,cameo,6H6N_B,1,perm2,pert35m_p2,0.3043
ESM2-35M,cameo,6HC2_X,1,perm2,pert35m_p2,0.0000
ESM2-35M,cameo,6HPV_A,1,perm2,pert35m_p2,0.0847
ESM2-35M,cameo,6I1R_B,1,perm2,pert35m_p2,0.1452
ESM2-35M,cameo,6I9H_A,1,perm2,pert35m_p2,0.4444
ESM2-35M,cameo,6IAI_D,1,perm2,pert35m_p2,0.5238
ESM2-35M,cameo,6IEH_A,1,perm2,pert35m_p2,0.0000
ESM2-35M,cameo,6N0T_A,1,perm2,pert35m_p2,0.1184
ESM2-35M,cameo,6NU4_A,1,perm2,pert35m_p2,0.0000
ESM2-35M,cameo,6NX4_A,1,perm2,pert35m_p2,0.5758
ESM2-35M,cameo,6OHZ_A,1,perm2,pert35m_p2,0.3571
ESM2-35M,cameo,5OD1_A,2,perm2,pert35m_p2,0.6111
ESM2-35M,cameo,5OD9_B,2,perm2,pert35m_p2,0.3529
ESM2-35M,cameo,5OQK_A,2,perm2,pert35m_p2,0.0345
ESM2-35M,cameo,5OVM_A,2,perm2,pert35m_p2,0.0000
ESM2-35M,cameo,5WB4_H,2,perm2,pert35m_p2,0.7895
ESM2-35M,cameo,5XJO_E,2,perm2,pert35m_p2,0.0000
ESM2-35M,cameo,5XKJ_F,2,perm2,pert35m_p2,0.2222
ESM2-35M,cameo,5XKN_F,2,perm2,pert35m_p2,0.1667
ESM2-35M,cameo,5Y08_A,2,perm2,pert35m_p2,0.4634
ESM2-35M,cameo,5YA6_B,2,perm2,pert35m_p2,0.1818
ESM2-35M,cameo,5YRQ_E,2,perm2,pert35m_p2,0.3333
ESM2-35M,cameo,5YVQ_A,2,perm2,pert35m_p2,0.5352
ESM2-35M,cameo,5YVQ_B,2,perm2,pert35m_p2,0.0000
ESM2-35M,cameo,5Z2H_B,2,perm2,pert35m_p2,0.1667
ESM2-35M,cameo,5Z2I_D,2,perm2,pert35m_p2,0.1667
ESM2-35M,cameo,5Z34_A,2,perm2,pert35m_p2,0.6806
ESM2-35M,cameo,5Z36_A,2,perm2,pert35m_p2,0.6000
ESM2-35M,cameo,5Z3F_A,2,perm2,pert35m_p2,0.7703
ESM2-35M,cameo,5Z3K_B,2,perm2,pert35m_p2,0.7604
ESM2-35M,cameo,5Z6D_B,2,perm2,pert35m_p2,0.4750
ESM2-35M,cameo,5Z7C_A,2,perm2,pert35m_p2,0.3659
ESM2-35M,cameo,5Z8B_B,2,perm2,pert35m_p2,0.5000
ESM2-35M,cameo,5Z9T_B,2,perm2,pert35m_p2,0.8485
ESM2-35M,cameo,5ZB2_A,2,perm2,pert35m_p2,0.9750
ESM2-35M,cameo,5ZER_B,2,perm2,pert35m_p2,0.8261
ESM2-35M,cameo,5ZKE_A,2,perm2,pert35m_p2,0.2941
ESM2-35M,cameo,5ZKH_B,2,perm2,pert35m_p2,0.3333
ESM2-35M,cameo,5ZKT_B,2,perm2,pert35m_p2,0.0000
ESM2-35M,cameo,5ZNS_A,2,perm2,pert35m_p2,0.6184
ESM2-35M,cameo,5ZOR_A,2,perm2,pert35m_p2,0.4483
ESM2-35M,cameo,5ZT7_B,2,perm2,pert35m_p2,0.8800
ESM2-35M,cameo,5ZX9_A,2,perm2,pert35m_p2,0.9394
ESM2-35M,cameo,5ZYO_D,2,perm2,pert35m_p2,0.0000
ESM2-35M,cameo,6A2W_A,2,perm2,pert35m_p2,0.0000
ESM2-35M,cameo,6A5F_B,2,perm2,pert35m_p2,0.6333
ESM2-35M,cameo,6A5G_B,2,perm2,pert35m_p2,0.5484
ESM2-35M,cameo,6A68_A,2,perm2,pert35m_p2,0.0312
ESM2-35M,cameo,6A83_A,2,perm2,pert35m_p2,0.4648
ESM2-35M,cameo,6A9J_B,2,perm2,pert35m_p2,0.0896
ESM2-35M,cameo,6A9W_A,2,perm2,pert35m_p2,0.3214
ESM2-35M,cameo,6AE1_B,2,perm2,pert35m_p2,0.2273
ESM2-35M,cameo,6AE9_B,2,perm2,pert35m_p2,0.8000
ESM2-35M,cameo,6AEF_A,2,perm2,pert35m_p2,0.4945
ESM2-35M,cameo,6AGH_B,2,perm2,pert35m_p2,0.1852
ESM2-35M,cameo,6AGJ_B,2,perm2,pert35m_p2,0.3651
ESM2-35M,cameo,6AHQ_T,2,perm2,pert35m_p2,0.5714
ESM2-35M,cameo,6AIT_F,2,perm2,pert35m_p2,0.7778
ESM2-35M,cameo,6AKJ_B,2,perm2,pert35m_p2,0.1364
ESM2-35M,cameo,6BEA_A,2,perm2,pert35m_p2,0.7326
ESM2-35M,cameo,6BS5_A,2,perm2,pert35m_p2,0.6364
ESM2-35M,cameo,6BS5_B,2,perm2,pert35m_p2,0.5775
ESM2-35M,cameo,6BWH_C,2,perm2,pert35m_p2,0.8000
ESM2-35M,cameo,6BXS_C,2,perm2,pert35m_p2,0.5741
ESM2-35M,cameo,6BXW_A,2,perm2,pert35m_p2,0.0755
ESM2-35M,cameo,6BZJ_A,2,perm2,pert35m_p2,0.0000
ESM2-35M,cameo,6BZK_A,2,perm2,pert35m_p2,0.0000
ESM2-35M,cameo,6BZT_D,2,perm2,pert35m_p2,0.7700
ESM2-35M,cameo,6CB6_A,2,perm2,pert35m_p2,0.0000
ESM2-35M,cameo,6CCI_A,2,perm2,pert35m_p2,0.6286
ESM2-35M,cameo,6CGO_B,2,perm2,pert35m_p2,0.6139
ESM2-35M,cameo,6CK1_D,2,perm2,pert35m_p2,0.8400
ESM2-35M,cameo,6CMK_A,2,perm2,pert35m_p2,0.8400
ESM2-35M,cameo,6CP8_B,2,perm2,pert35m_p2,0.5312
ESM2-35M,cameo,6CP8_D,2,perm2,pert35m_p2,0.4194
ESM2-35M,cameo,6CP9_G,2,perm2,pert35m_p2,0.7143
ESM2-35M,cameo,6CP9_H,2,perm2,pert35m_p2,0.5000
ESM2-35M,cameo,6CSV_D,2,perm2,pert35m_p2,0.0000
ESM2-35M,cameo,6CUL_H,2,perm2,pert35m_p2,0.8113
ESM2-35M,cameo,6CZ6_D,2,perm2,pert35m_p2,0.2308
ESM2-35M,cameo,6CZT_A,2,perm2,pert35m_p2,0.5000
ESM2-35M,cameo,6D0I_C,2,perm2,pert35m_p2,0.0968
ESM2-35M,cameo,6D0I_D,2,perm2,pert35m_p2,0.0714
ESM2-35M,cameo,6D2S_A,2,perm2,pert35m_p2,0.2909
ESM2-35M,cameo,6D7Y_A,2,perm2,pert35m_p2,0.2778
ESM2-35M,cameo,6D7Y_B,2,perm2,pert35m_p2,0.5806
ESM2-35M,cameo,6D9F_B,2,perm2,pert35m_p2,0.1875
ESM2-35M,cameo,6D9M_A,2,perm2,pert35m_p2,0.7692
ESM2-35M,cameo,6DAN_D,2,perm2,pert35m_p2,0.8438
ESM2-35M,cameo,6DFL_A,2,perm2,pert35m_p2,0.7500
ESM2-35M,cameo,6DGN_B,2,perm2,pert35m_p2,0.0000
ESM2-35M,cameo,6DKA_I,2,perm2,pert35m_p2,0.6444
ESM2-35M,cameo,6DKM_G,2,perm2,pert35m_p2,0.0000
ESM2-35M,cameo,6DLC_A,2,perm2,pert35m_p2,0.5238
ESM2-35M,cameo,6DLO_A,2,perm2,pert35m_p2,0.9355
ESM2-35M,cameo,6DRF_A,2,perm2,pert35m_p2,0.1071
ESM2-35M,cameo,6E0K_A,2,perm2,pert35m_p2,0.6441
ESM2-35M,cameo,6E0M_A,2,perm2,pert35m_p2,0.5000
ESM2-35M,cameo,6E3C_C,2,perm2,pert35m_p2,0.2308
ESM2-35M,cameo,6E9B_D,2,perm2,pert35m_p2,0.5479
ESM2-35M,cameo,6E9O_A,2,perm2,pert35m_p2,0.2692
ESM2-35M,cameo,6EAZ_B,2,perm2,pert35m_p2,0.2615
ESM2-35M,cameo,6EDB_B,2,perm2,pert35m_p2,0.1538
ESM2-35M,cameo,6EGC_A,2,perm2,pert35m_p2,0.4138
ESM2-35M,cameo,6FCG_F,2,perm2,pert35m_p2,0.7564
ESM2-35M,cameo,6FTO_C,2,perm2,pert35m_p2,0.0000
ESM2-35M,cameo,6FXD_B,2,perm2,pert35m_p2,0.7083
ESM2-35M,cameo,6G1H_A,2,perm2,pert35m_p2,0.7794
ESM2-35M,cameo,6G3B_B,2,perm2,pert35m_p2,0.3556
ESM2-35M,cameo,6G70_B,2,perm2,pert35m_p2,0.7451
ESM2-35M,cameo,6G7G_A,2,perm2,pert35m_p2,0.1304
ESM2-35M,cameo,6G7O_A,2,perm2,pert35m_p2,0.2143
ESM2-35M,cameo,6G8Y_A,2,perm2,pert35m_p2,0.0000
ESM2-35M,cameo,6GCJ_A,2,perm2,pert35m_p2,0.2917
ESM2-35M,cameo,6GDJ_B,2,perm2,pert35m_p2,0.2308
ESM2-35M,cameo,6GHO_B,2,perm2,pert35m_p2,0.7963
ESM2-35M,cameo,6GMA_F,2,perm2,pert35m_p2,0.5417
ESM2-35M,cameo,6GMS_A,2,perm2,pert35m_p2,0.1154
ESM2-35M,cameo,6GW7_A,2,perm2,pert35m_p2,0.1818
ESM2-35M,cameo,6H2X_A,2,perm2,pert35m_p2,0.1286
ESM2-35M,cameo,6H6N_B,2,perm2,pert35m_p2,0.3043
ESM2-35M,cameo,6HC2_X,2,perm2,pert35m_p2,0.0000
ESM2-35M,cameo,6HPV_A,2,perm2,pert35m_p2,0.1356
ESM2-35M,cameo,6I1R_B,2,perm2,pert35m_p2,0.0806
ESM2-35M,cameo,6I9H_A,2,perm2,pert35m_p2,0.3333
ESM2-35M,cameo,6IAI_D,2,perm2,pert35m_p2,0.2381
ESM2-35M,cameo,6IEH_A,2,perm2,pert35m_p2,0.0000
ESM2-35M,cameo,6N0T_A,2,perm2,pert35m_p2,0.1579
ESM2-35M,cameo,6NU4_A,2,perm2,pert35m_p2,0.0000
ESM2-35M,cameo,6NX4_A,2,perm2,pert35m_p2,0.5758
ESM2-35M,cameo,6OHZ_A,2,perm2,pert35m_p2,0.4762
ESM2-35M,cameo,5OD1_A,0,perm3,pert35m_p3,0.5556
ESM2-35M,cameo,5OD9_B,0,perm3,pert35m_p3,0.5882
ESM2-35M,cameo,5OQK_A,0,perm3,pert35m_p3,0.0690
ESM2-35M,cameo,5OVM_A,0,perm3,pert35m_p3,0.1250
ESM2-35M,cameo,5WB4_H,0,perm3,pert35m_p3,0.8684
ESM2-35M,cameo,5XJO_E,0,perm3,pert35m_p3,0.1250
ESM2-35M,cameo,5XKJ_F,0,perm3,pert35m_p3,0.0000
ESM2-35M,cameo,5XKN_F,0,perm3,pert35m_p3,0.1667
ESM2-35M,cameo,5Y08_A,0,perm3,pert35m_p3,0.4634
ESM2-35M,cameo,5YA6_B,0,perm3,pert35m_p3,0.2424
ESM2-35M,cameo,5YRQ_E,0,perm3,pert35m_p3,0.2917
ESM2-35M,cameo,5YVQ_A,0,perm3,pert35m_p3,0.4648
ESM2-35M,cameo,5YVQ_B,0,perm3,pert35m_p3,0.1000
ESM2-35M,cameo,5Z2H_B,0,perm3,pert35m_p3,0.0556
ESM2-35M,cameo,5Z2I_D,0,perm3,pert35m_p3,0.2222
ESM2-35M,cameo,5Z34_A,0,perm3,pert35m_p3,0.6111
ESM2-35M,cameo,5Z36_A,0,perm3,pert35m_p3,0.7667
ESM2-35M,cameo,5Z3F_A,0,perm3,pert35m_p3,0.7027
ESM2-35M,cameo,5Z3K_B,0,perm3,pert35m_p3,0.7188
ESM2-35M,cameo,5Z6D_B,0,perm3,pert35m_p3,0.4000
ESM2-35M,cameo,5Z7C_A,0,perm3,pert35m_p3,0.3049
ESM2-35M,cameo,5Z8B_B,0,perm3,pert35m_p3,0.5250
ESM2-35M,cameo,5Z9T_B,0,perm3,pert35m_p3,0.8283
ESM2-35M,cameo,5ZB2_A,0,perm3,pert35m_p3,0.8875
ESM2-35M,cameo,5ZER_B,0,perm3,pert35m_p3,0.8551
ESM2-35M,cameo,5ZKE_A,0,perm3,pert35m_p3,0.1471
ESM2-35M,cameo,5ZKH_B,0,perm3,pert35m_p3,0.0606
ESM2-35M,cameo,5ZKT_B,0,perm3,pert35m_p3,0.0000
ESM2-35M,cameo,5ZNS_A,0,perm3,pert35m_p3,0.6316
ESM2-35M,cameo,5ZOR_A,0,perm3,pert35m_p3,0.4138
ESM2-35M,cameo,5ZT7_B,0,perm3,pert35m_p3,0.8200
ESM2-35M,cameo,5ZX9_A,0,perm3,pert35m_p3,0.8182
ESM2-35M,cameo,5ZYO_D,0,perm3,pert35m_p3,0.0000
ESM2-35M,cameo,6A2W_A,0,perm3,pert35m_p3,0.0606
ESM2-35M,cameo,6A5F_B,0,perm3,pert35m_p3,0.7667
ESM2-35M,cameo,6A5G_B,0,perm3,pert35m_p3,0.7419
ESM2-35M,cameo,6A68_A,0,perm3,pert35m_p3,0.2188
ESM2-35M,cameo,6A83_A,0,perm3,pert35m_p3,0.6761
ESM2-35M,cameo,6A9J_B,0,perm3,pert35m_p3,0.2090
ESM2-35M,cameo,6A9W_A,0,perm3,pert35m_p3,0.4286
ESM2-35M,cameo,6AE1_B,0,perm3,pert35m_p3,0.1818
ESM2-35M,cameo,6AE9_B,0,perm3,pert35m_p3,0.7600
ESM2-35M,cameo,6AEF_A,0,perm3,pert35m_p3,0.4615
ESM2-35M,cameo,6AGH_B,0,perm3,pert35m_p3,0.2407
ESM2-35M,cameo,6AGJ_B,0,perm3,pert35m_p3,0.2698
ESM2-35M,cameo,6AHQ_T,0,perm3,pert35m_p3,0.6190
ESM2-35M,cameo,6AIT_F,0,perm3,pert35m_p3,0.7654
ESM2-35M,cameo,6AKJ_B,0,perm3,pert35m_p3,0.0455
ESM2-35M,cameo,6BEA_A,0,perm3,pert35m_p3,0.6628
ESM2-35M,cameo,6BS5_A,0,perm3,pert35m_p3,0.7273
ESM2-35M,cameo,6BS5_B,0,perm3,pert35m_p3,0.6197
ESM2-35M,cameo,6BWH_C,0,perm3,pert35m_p3,0.7750
ESM2-35M,cameo,6BXS_C,0,perm3,pert35m_p3,0.4815
ESM2-35M,cameo,6BXW_A,0,perm3,pert35m_p3,0.1887
ESM2-35M,cameo,6BZJ_A,0,perm3,pert35m_p3,0.0000
ESM2-35M,cameo,6BZK_A,0,perm3,pert35m_p3,0.0000
ESM2-35M,cameo,6BZT_D,0,perm3,pert35m_p3,0.6100
ESM2-35M,cameo,6CB6_A,0,perm3,pert35m_p3,0.2174
ESM2-35M,cameo,6CCI_A,0,perm3,pert35m_p3,0.6857
ESM2-35M,cameo,6CGO_B,0,perm3,pert35m_p3,0.5347
ESM2-35M,cameo,6CK1_D,0,perm3,pert35m_p3,0.8667
ESM2-35M,cameo,6CMK_A,0,perm3,pert35m_p3,0.8533
ESM2-35M,cameo,6CP8_B,0,perm3,pert35m_p3,0.5000
ESM2-35M,cameo,6CP8_D,0,perm3,pert35m_p3,0.4516
ESM2-35M,cameo,6CP9_G,0,perm3,pert35m_p3,0.7619
ESM2-35M,cameo,6CP9_H,0,perm3,pert35m_p3,0.3636
ESM2-35M,cameo,6CSV_D,0,perm3,pert35m_p3,0.0000
ESM2-35M,cameo,6CUL_H,0,perm3,pert35m_p3,0.5849
ESM2-35M,cameo,6CZ6_D,0,perm3,pert35m_p3,0.2769
ESM2-35M,cameo,6CZT_A,0,perm3,pert35m_p3,0.5000
ESM2-35M,cameo,6D0I_C,0,perm3,pert35m_p3,0.0323
ESM2-35M,cameo,6D0I_D,0,perm3,pert35m_p3,0.4286
ESM2-35M,cameo,6D2S_A,0,perm3,pert35m_p3,0.2182
ESM2-35M,cameo,6D7Y_A,0,perm3,pert35m_p3,0.2222
ESM2-35M,cameo,6D7Y_B,0,perm3,pert35m_p3,0.4194
ESM2-35M,cameo,6D9F_B,0,perm3,pert35m_p3,0.1875
ESM2-35M,cameo,6D9M_A,0,perm3,pert35m_p3,0.5538
ESM2-35M,cameo,6DAN_D,0,perm3,pert35m_p3,0.8438
ESM2-35M,cameo,6DFL_A,0,perm3,pert35m_p3,0.7292
ESM2-35M,cameo,6DGN_B,0,perm3,pert35m_p3,0.1111
ESM2-35M,cameo,6DKA_I,0,perm3,pert35m_p3,0.4667
ESM2-35M,cameo,6DKM_G,0,perm3,pert35m_p3,0.0000
ESM2-35M,cameo,6DLC_A,0,perm3,pert35m_p3,0.7143
ESM2-35M,cameo,6DLO_A,0,perm3,pert35m_p3,0.9032
ESM2-35M,cameo,6DRF_A,0,perm3,pert35m_p3,0.0714
ESM2-35M,cameo,6E0K_A,0,perm3,pert35m_p3,0.5424
ESM2-35M,cameo,6E0M_A,0,perm3,pert35m_p3,0.5370
ESM2-35M,cameo,6E3C_C,0,perm3,pert35m_p3,0.0385
ESM2-35M,cameo,6E9B_D,0,perm3,pert35m_p3,0.5753
ESM2-35M,cameo,6E9O_A,0,perm3,pert35m_p3,0.3205
ESM2-35M,cameo,6EAZ_B,0,perm3,pert35m_p3,0.3231
ESM2-35M,cameo,6EDB_B,0,perm3,pert35m_p3,0.2308
ESM2-35M,cameo,6EGC_A,0,perm3,pert35m_p3,0.2759
ESM2-35M,cameo,6FCG_F,0,perm3,pert35m_p3,0.7051
ESM2-35M,cameo,6FTO_C,0,perm3,pert35m_p3,0.0000
ESM2-35M,cameo,6FXD_B,0,perm3,pert35m_p3,0.6667
ESM2-35M,cameo,6G1H_A,0,perm3,pert35m_p3,0.8382
ESM2-35M,cameo,6G3B_B,0,perm3,pert35m_p3,0.4000
ESM2-35M,cameo,6G70_B,0,perm3,pert35m_p3,0.7647
ESM2-35M,cameo,6G7G_A,0,perm3,pert35m_p3,0.3043
ESM2-35M,cameo,6G7O_A,0,perm3,pert35m_p3,0.2571
ESM2-35M,cameo,6G8Y_A,0,perm3,pert35m_p3,0.0000
ESM2-35M,cameo,6GCJ_A,0,perm3,pert35m_p3,0.2917
ESM2-35M,cameo,6GDJ_B,0,perm3,pert35m_p3,0.3846
ESM2-35M,cameo,6GHO_B,0,perm3,pert35m_p3,0.6667
ESM2-35M,cameo,6GMA_F,0,perm3,pert35m_p3,0.2917
ESM2-35M,cameo,6GMS_A,0,perm3,pert35m_p3,0.0769
ESM2-35M,cameo,6GW7_A,0,perm3,pert35m_p3,0.0000
ESM2-35M,cameo,6H2X_A,0,perm3,pert35m_p3,0.1143
ESM2-35M,cameo,6H6N_B,0,perm3,pert35m_p3,0.1739
ESM2-35M,cameo,6HC2_X,0,perm3,pert35m_p3,0.0000
ESM2-35M,cameo,6HPV_A,0,perm3,pert35m_p3,0.1356
ESM2-35M,cameo,6I1R_B,0,perm3,pert35m_p3,0.0968
ESM2-35M,cameo,6I9H_A,0,perm3,pert35m_p3,0.3889
ESM2-35M,cameo,6IAI_D,0,perm3,pert35m_p3,0.4762
ESM2-35M,cameo,6IEH_A,0,perm3,pert35m_p3,0.0000
ESM2-35M,cameo,6N0T_A,0,perm3,pert35m_p3,0.2105
ESM2-35M,cameo,6NU4_A,0,perm3,pert35m_p3,0.0000
ESM2-35M,cameo,6NX4_A,0,perm3,pert35m_p3,0.6667
ESM2-35M,cameo,6OHZ_A,0,perm3,pert35m_p3,0.3810
ESM2-35M,cameo,5OD1_A,1,perm3,pert35m_p3,0.5556
ESM2-35M,cameo,5OD9_B,1,perm3,pert35m_p3,0.4706
ESM2-35M,cameo,5OQK_A,1,perm3,pert35m_p3,0.0345
ESM2-35M,cameo,5OVM_A,1,perm3,pert35m_p3,0.0000
ESM2-35M,cameo,5WB4_H,1,perm3,pert35m_p3,0.8158
ESM2-35M,cameo,5XJO_E,1,perm3,pert35m_p3,0.5000
ESM2-35M,cameo,5XKJ_F,1,perm3,pert35m_p3,0.1111
ESM2-35M,cameo,5XKN_F,1,perm3,pert35m_p3,0.0000
ESM2-35M,cameo,5Y08_A,1,perm3,pert35m_p3,0.4146
ESM2-35M,cameo,5YA6_B,1,perm3,pert35m_p3,0.2727
ESM2-35M,cameo,5YRQ_E,1,perm3,pert35m_p3,0.3333
ESM2-35M,cameo,5YVQ_A,1,perm3,pert35m_p3,0.3662
ESM2-35M,cameo,5YVQ_B,1,perm3,pert35m_p3,0.2000
ESM2-35M,cameo,5Z2H_B,1,perm3,pert35m_p3,0.5000
ESM2-35M,cameo,5Z2I_D,1,perm3,pert35m_p3,0.4444
ESM2-35M,cameo,5Z34_A,1,perm3,pert35m_p3,0.6111
ESM2-35M,cameo,5Z36_A,1,perm3,pert35m_p3,0.8333
ESM2-35M,cameo,5Z3F_A,1,perm3,pert35m_p3,0.6622
ESM2-35M,cameo,5Z3K_B,1,perm3,pert35m_p3,0.7812
ESM2-35M,cameo,5Z6D_B,1,perm3,pert35m_p3,0.5500
ESM2-35M,cameo,5Z7C_A,1,perm3,pert35m_p3,0.4146
ESM2-35M,cameo,5Z8B_B,1,perm3,pert35m_p3,0.7500
ESM2-35M,cameo,5Z9T_B,1,perm3,pert35m_p3,0.7374
ESM2-35M,cameo,5ZB2_A,1,perm3,pert35m_p3,0.9125
ESM2-35M,cameo,5ZER_B,1,perm3,pert35m_p3,0.8696
ESM2-35M,cameo,5ZKE_A,1,perm3,pert35m_p3,0.1176
ESM2-35M,cameo,5ZKH_B,1,perm3,pert35m_p3,0.1818
ESM2-35M,cameo,5ZKT_B,1,perm3,pert35m_p3,0.0000
ESM2-35M,cameo,5ZNS_A,1,perm3,pert35m_p3,0.4737
ESM2-35M,cameo,5ZOR_A,1,perm3,pert35m_p3,0.2759
ESM2-35M,cameo,5ZT7_B,1,perm3,pert35m_p3,0.8800
ESM2-35M,cameo,5ZX9_A,1,perm3,pert35m_p3,0.7576
ESM2-35M,cameo,5ZYO_D,1,perm3,pert35m_p3,0.0000
ESM2-35M,cameo,6A2W_A,1,perm3,pert35m_p3,0.0606
ESM2-35M,cameo,6A5F_B,1,perm3,pert35m_p3,0.6667
ESM2-35M,cameo,6A5G_B,1,perm3,pert35m_p3,0.6452
ESM2-35M,cameo,6A68_A,1,perm3,pert35m_p3,0.0625
ESM2-35M,cameo,6A83_A,1,perm3,pert35m_p3,0.6197
ESM2-35M,cameo,6A9J_B,1,perm3,pert35m_p3,0.1642
ESM2-35M,cameo,6A9W_A,1,perm3,pert35m_p3,0.3393
ESM2-35M,cameo,6AE1_B,1,perm3,pert35m_p3,0.2273
ESM2-35M,cameo,6AE9_B,1,perm3,pert35m_p3,0.6400
ESM2-35M,cameo,6AEF_A,1,perm3,pert35m_p3,0.4945
ESM2-35M,cameo,6AGH_B,1,perm3,pert35m_p3,0.2037
ESM2-35M,cameo,6AGJ_B,1,perm3,pert35m_p3,0.3175
ESM2-35M,cameo,6AHQ_T,1,perm3,pert35m_p3,0.4286
ESM2-35M,cameo,6AIT_F,1,perm3,pert35m_p3,0.8025
ESM2-35M,cameo,6AKJ_B,1,perm3,pert35m_p3,0.1364
ESM2-35M,cameo,6BEA_A,1,perm3,pert35m_p3,0.6512
ESM2-35M,cameo,6BS5_A,1,perm3,pert35m_p3,0.7424
ESM2-35M,cameo,6BS5_B,1,perm3,pert35m_p3,0.6338
ESM2-35M,cameo,6BWH_C,1,perm3,pert35m_p3,0.8000
ESM2-35M,cameo,6BXS_C,1,perm3,pert35m_p3,0.5185
ESM2-35M,cameo,6BXW_A,1,perm3,pert35m_p3,0.0943
ESM2-35M,cameo,6BZJ_A,1,perm3,pert35m_p3,0.0000
ESM2-35M,cameo,6BZK_A,1,perm3,pert35m_p3,0.0000
ESM2-35M,cameo,6BZT_D,1,perm3,pert35m_p3,0.7000
ESM2-35M,cameo,6CB6_A,1,perm3,pert35m_p3,0.0000
ESM2-35M,cameo,6CCI_A,1,perm3,pert35m_p3,0.7143
ESM2-35M,cameo,6CGO_B,1,perm3,pert35m_p3,0.5050
ESM2-35M,cameo,6CK1_D,1,perm3,pert35m_p3,0.7467
ESM2-35M,cameo,6CMK_A,1,perm3,pert35m_p3,0.8400
ESM2-35M,cameo,6CP8_B,1,perm3,pert35m_p3,0.5938
ESM2-35M,cameo,6CP8_D,1,perm3,pert35m_p3,0.7419
ESM2-35M,cameo,6CP9_G,1,perm3,pert35m_p3,0.6667
ESM2-35M,cameo,6CP9_H,1,perm3,pert35m_p3,0.2273
ESM2-35M,cameo,6CSV_D,1,perm3,pert35m_p3,0.0000
ESM2-35M,cameo,6CUL_H,1,perm3,pert35m_p3,0.6981
ESM2-35M,cameo,6CZ6_D,1,perm3,pert35m_p3,0.2000
ESM2-35M,cameo,6CZT_A,1,perm3,pert35m_p3,0.6875
ESM2-35M,cameo,6D0I_C,1,perm3,pert35m_p3,0.0645
ESM2-35M,cameo,6D0I_D,1,perm3,pert35m_p3,0.0000
ESM2-35M,cameo,6D2S_A,1,perm3,pert35m_p3,0.2545
ESM2-35M,cameo,6D7Y_A,1,perm3,pert35m_p3,0.3889
ESM2-35M,cameo,6D7Y_B,1,perm3,pert35m_p3,0.4839
ESM2-35M,cameo,6D9F_B,1,perm3,pert35m_p3,0.3750
ESM2-35M,cameo,6D9M_A,1,perm3,pert35m_p3,0.6615
ESM2-35M,cameo,6DAN_D,1,perm3,pert35m_p3,0.9062
ESM2-35M,cameo,6DFL_A,1,perm3,pert35m_p3,0.5625
ESM2-35M,cameo,6DGN_B,1,perm3,pert35m_p3,0.1111
ESM2-35M,cameo,6DKA_I,1,perm3,pert35m_p3,0.5556
ESM2-35M,cameo,6DKM_G,1,perm3,pert35m_p3,0.0000
ESM2-35M,cameo,6DLC_A,1,perm3,pert35m_p3,0.0952
ESM2-35M,cameo,6DLO_A,1,perm3,pert35m_p3,0.9194
ESM2-35M,cameo,6DRF_A,1,perm3,pert35m_p3,0.1786
ESM2-35M,cameo,6E0K_A,1,perm3,pert35m_p3,0.5932
ESM2-35M,cameo,6E0M_A,1,perm3,pert35m_p3,0.4815
ESM2-35M,cameo,6E3C_C,1,perm3,pert35m_p3,0.0769
ESM2-35M,cameo,6E9B_D,1,perm3,pert35m_p3,0.6027
ESM2-35M,cameo,6E9O_A,1,perm3,pert35m_p3,0.3462
ESM2-35M,cameo,6EAZ_B,1,perm3,pert35m_p3,0.2923
ESM2-35M,cameo,6EDB_B,1,perm3,pert35m_p3,0.6923
ESM2-35M,cameo,6EGC_A,1,perm3,pert35m_p3,0.1379
ESM2-35M,cameo,6FCG_F,1,perm3,pert35m_p3,0.7051
ESM2-35M,cameo,6FTO_C,1,perm3,pert35m_p3,0.0000
ESM2-35M,cameo,6FXD_B,1,perm3,pert35m_p3,0.6667
ESM2-35M,cameo,6G1H_A,1,perm3,pert35m_p3,0.7941
ESM2-35M,cameo,6G3B_B,1,perm3,pert35m_p3,0.3556
ESM2-35M,cameo,6G70_B,1,perm3,pert35m_p3,0.7255
ESM2-35M,cameo,6G7G_A,1,perm3,pert35m_p3,0.5652
ESM2-35M,cameo,6G7O_A,1,perm3,pert35m_p3,0.3429
ESM2-35M,cameo,6G8Y_A,1,perm3,pert35m_p3,0.0000
ESM2-35M,cameo,6GCJ_A,1,perm3,pert35m_p3,0.2083
ESM2-35M,cameo,6GDJ_B,1,perm3,pert35m_p3,0.5385
ESM2-35M,cameo,6GHO_B,1,perm3,pert35m_p3,0.8519
ESM2-35M,cameo,6GMA_F,1,perm3,pert35m_p3,0.4167
ESM2-35M,cameo,6GMS_A,1,perm3,pert35m_p3,0.1154
ESM2-35M,cameo,6GW7_A,1,perm3,pert35m_p3,0.0909
ESM2-35M,cameo,6H2X_A,1,perm3,pert35m_p3,0.1143
ESM2-35M,cameo,6H6N_B,1,perm3,pert35m_p3,0.2174
ESM2-35M,cameo,6HC2_X,1,perm3,pert35m_p3,0.0000
ESM2-35M,cameo,6HPV_A,1,perm3,pert35m_p3,0.0339
ESM2-35M,cameo,6I1R_B,1,perm3,pert35m_p3,0.1452
ESM2-35M,cameo,6I9H_A,1,perm3,pert35m_p3,0.3333
ESM2-35M,cameo,6IAI_D,1,perm3,pert35m_p3,0.3810
ESM2-35M,cameo,6IEH_A,1,perm3,pert35m_p3,0.0000
ESM2-35M,cameo,6N0T_A,1,perm3,pert35m_p3,0.2500
ESM2-35M,cameo,6NU4_A,1,perm3,pert35m_p3,0.0000
ESM2-35M,cameo,6NX4_A,1,perm3,pert35m_p3,0.6667
ESM2-35M,cameo,6OHZ_A,1,perm3,pert35m_p3,0.4286
ESM2-35M,cameo,5OD1_A,2,perm3,pert35m_p3,0.8889
ESM2-35M,cameo,5OD9_B,2,perm3,pert35m_p3,0.8235
ESM2-35M,cameo,5OQK_A,2,perm3,pert35m_p3,0.1379
ESM2-35M,cameo,5OVM_A,2,perm3,pert35m_p3,0.0000
ESM2-35M,cameo,5WB4_H,2,perm3,pert35m_p3,0.8421
ESM2-35M,cameo,5XJO_E,2,perm3,pert35m_p3,0.6250
ESM2-35M,cameo,5XKJ_F,2,perm3,pert35m_p3,0.1111
ESM2-35M,cameo,5XKN_F,2,perm3,pert35m_p3,0.0000
ESM2-35M,cameo,5Y08_A,2,perm3,pert35m_p3,0.4146
ESM2-35M,cameo,5YA6_B,2,perm3,pert35m_p3,0.2424
ESM2-35M,cameo,5YRQ_E,2,perm3,pert35m_p3,0.2917
ESM2-35M,cameo,5YVQ_A,2,perm3,pert35m_p3,0.5070
ESM2-35M,cameo,5YVQ_B,2,perm3,pert35m_p3,0.1000
ESM2-35M,cameo,5Z2H_B,2,perm3,pert35m_p3,0.2222
ESM2-35M,cameo,5Z2I_D,2,perm3,pert35m_p3,0.2222
ESM2-35M,cameo,5Z34_A,2,perm3,pert35m_p3,0.6528
ESM2-35M,cameo,5Z36_A,2,perm3,pert35m_p3,0.8667
ESM2-35M,cameo,5Z3F_A,2,perm3,pert35m_p3,0.6351
ESM2-35M,cameo,5Z3K_B,2,perm3,pert35m_p3,0.7812
ESM2-35M,cameo,5Z6D_B,2,perm3,pert35m_p3,0.4500
ESM2-35M,cameo,5Z7C_A,2,perm3,pert35m_p3,0.3049
ESM2-35M,cameo,5Z8B_B,2,perm3,pert35m_p3,0.5500
ESM2-35M,cameo,5Z9T_B,2,perm3,pert35m_p3,0.8384
ESM2-35M,cameo,5ZB2_A,2,perm3,pert35m_p3,0.9625
ESM2-35M,cameo,5ZER_B,2,perm3,pert35m_p3,0.8696
ESM2-35M,cameo,5ZKE_A,2,perm3,pert35m_p3,0.2647
ESM2-35M,cameo,5ZKH_B,2,perm3,pert35m_p3,0.3333
ESM2-35M,cameo,5ZKT_B,2,perm3,pert35m_p3,0.0000
ESM2-35M,cameo,5ZNS_A,2,perm3,pert35m_p3,0.5526
ESM2-35M,cameo,5ZOR_A,2,perm3,pert35m_p3,0.3793
ESM2-35M,cameo,5ZT7_B,2,perm3,pert35m_p3,0.8600
ESM2-35M,cameo,5ZX9_A,2,perm3,pert35m_p3,0.7576
ESM2-35M,cameo,5ZYO_D,2,perm3,pert35m_p3,0.0000
ESM2-35M,cameo,6A2W_A,2,perm3,pert35m_p3,0.0000
ESM2-35M,cameo,6A5F_B,2,perm3,pert35m_p3,0.8333
ESM2-35M,cameo,6A5G_B,2,perm3,pert35m_p3,0.7742
ESM2-35M,cameo,6A68_A,2,perm3,pert35m_p3,0.0938
ESM2-35M,cameo,6A83_A,2,perm3,pert35m_p3,0.6338
ESM2-35M,cameo,6A9J_B,2,perm3,pert35m_p3,0.1045
ESM2-35M,cameo,6A9W_A,2,perm3,pert35m_p3,0.3571
ESM2-35M,cameo,6AE1_B,2,perm3,pert35m_p3,0.2273
ESM2-35M,cameo,6AE9_B,2,perm3,pert35m_p3,0.7000
ESM2-35M,cameo,6AEF_A,2,perm3,pert35m_p3,0.5495
ESM2-35M,cameo,6AGH_B,2,perm3,pert35m_p3,0.2037
ESM2-35M,cameo,6AGJ_B,2,perm3,pert35m_p3,0.2540
ESM2-35M,cameo,6AHQ_T,2,perm3,pert35m_p3,0.5714
ESM2-35M,cameo,6AIT_F,2,perm3,pert35m_p3,0.7407
ESM2-35M,cameo,6AKJ_B,2,perm3,pert35m_p3,0.0909
ESM2-35M,cameo,6BEA_A,2,perm3,pert35m_p3,0.6977
ESM2-35M,cameo,6BS5_A,2,perm3,pert35m_p3,0.6970
ESM2-35M,cameo,6BS5_B,2,perm3,pert35m_p3,0.5775
ESM2-35M,cameo,6BWH_C,2,perm3,pert35m_p3,0.6750
ESM2-35M,cameo,6BXS_C,2,perm3,pert35m_p3,0.5556
ESM2-35M,cameo,6BXW_A,2,perm3,pert35m_p3,0.0755
ESM2-35M,cameo,6BZJ_A,2,perm3,pert35m_p3,0.0000
ESM2-35M,cameo,6BZK_A,2,perm3,pert35m_p3,0.0000
ESM2-35M,cameo,6BZT_D,2,perm3,pert35m_p3,0.6500
ESM2-35M,cameo,6CB6_A,2,perm3,pert35m_p3,0.1739
ESM2-35M,cameo,6CCI_A,2,perm3,pert35m_p3,0.6571
ESM2-35M,cameo,6CGO_B,2,perm3,pert35m_p3,0.6040
ESM2-35M,cameo,6CK1_D,2,perm3,pert35m_p3,0.7333
ESM2-35M,cameo,6CMK_A,2,perm3,pert35m_p3,0.8267
ESM2-35M,cameo,6CP8_B,2,perm3,pert35m_p3,0.7188
ESM2-35M,cameo,6CP8_D,2,perm3,pert35m_p3,0.4839
ESM2-35M,cameo,6CP9_G,2,perm3,pert35m_p3,0.7143
ESM2-35M,cameo,6CP9_H,2,perm3,pert35m_p3,0.5000
ESM2-35M,cameo,6CSV_D,2,perm3,pert35m_p3,0.0000
ESM2-35M,cameo,6CUL_H,2,perm3,pert35m_p3,0.7547
ESM2-35M,cameo,6CZ6_D,2,perm3,pert35m_p3,0.2154
ESM2-35M,cameo,6CZT_A,2,perm3,pert35m_p3,0.5000
ESM2-35M,cameo,6D0I_C,2,perm3,pert35m_p3,0.0323
ESM2-35M,cameo,6D0I_D,2,perm3,pert35m_p3,0.2857
ESM2-35M,cameo,6D2S_A,2,perm3,pert35m_p3,0.3455
ESM2-35M,cameo,6D7Y_A,2,perm3,pert35m_p3,0.3333
ESM2-35M,cameo,6D7Y_B,2,perm3,pert35m_p3,0.3871
ESM2-35M,cameo,6D9F_B,2,perm3,pert35m_p3,0.1875
ESM2-35M,cameo,6D9M_A,2,perm3,pert35m_p3,0.7231
ESM2-35M,cameo,6DAN_D,2,perm3,pert35m_p3,0.8906
ESM2-35M,cameo,6DFL_A,2,perm3,pert35m_p3,0.7708
ESM2-35M,cameo,6DGN_B,2,perm3,pert35m_p3,0.1667
ESM2-35M,cameo,6DKA_I,2,perm3,pert35m_p3,0.4444
ESM2-35M,cameo,6DKM_G,2,perm3,pert35m_p3,0.0000
ESM2-35M,cameo,6DLC_A,2,perm3,pert35m_p3,0.6667
ESM2-35M,cameo,6DLO_A,2,perm3,pert35m_p3,0.9516
ESM2-35M,cameo,6DRF_A,2,perm3,pert35m_p3,0.0000
ESM2-35M,cameo,6E0K_A,2,perm3,pert35m_p3,0.5593
ESM2-35M,cameo,6E0M_A,2,perm3,pert35m_p3,0.5000
ESM2-35M,cameo,6E3C_C,2,perm3,pert35m_p3,0.0000
ESM2-35M,cameo,6E9B_D,2,perm3,pert35m_p3,0.6575
ESM2-35M,cameo,6E9O_A,2,perm3,pert35m_p3,0.3590
ESM2-35M,cameo,6EAZ_B,2,perm3,pert35m_p3,0.2923
ESM2-35M,cameo,6EDB_B,2,perm3,pert35m_p3,0.1538
ESM2-35M,cameo,6EGC_A,2,perm3,pert35m_p3,0.2414
ESM2-35M,cameo,6FCG_F,2,perm3,pert35m_p3,0.7179
ESM2-35M,cameo,6FTO_C,2,perm3,pert35m_p3,0.1333
ESM2-35M,cameo,6FXD_B,2,perm3,pert35m_p3,0.7500
ESM2-35M,cameo,6G1H_A,2,perm3,pert35m_p3,0.7500
ESM2-35M,cameo,6G3B_B,2,perm3,pert35m_p3,0.3556
ESM2-35M,cameo,6G70_B,2,perm3,pert35m_p3,0.7647
ESM2-35M,cameo,6G7G_A,2,perm3,pert35m_p3,0.2174
ESM2-35M,cameo,6G7O_A,2,perm3,pert35m_p3,0.3143
ESM2-35M,cameo,6G8Y_A,2,perm3,pert35m_p3,0.0000
ESM2-35M,cameo,6GCJ_A,2,perm3,pert35m_p3,0.2917
ESM2-35M,cameo,6GDJ_B,2,perm3,pert35m_p3,0.2308
ESM2-35M,cameo,6GHO_B,2,perm3,pert35m_p3,0.7407
ESM2-35M,cameo,6GMA_F,2,perm3,pert35m_p3,0.2917
ESM2-35M,cameo,6GMS_A,2,perm3,pert35m_p3,0.2308
ESM2-35M,cameo,6GW7_A,2,perm3,pert35m_p3,0.0000
ESM2-35M,cameo,6H2X_A,2,perm3,pert35m_p3,0.1429
ESM2-35M,cameo,6H6N_B,2,perm3,pert35m_p3,0.3043
ESM2-35M,cameo,6HC2_X,2,perm3,pert35m_p3,0.0000
ESM2-35M,cameo,6HPV_A,2,perm3,pert35m_p3,0.0847
ESM2-35M,cameo,6I1R_B,2,perm3,pert35m_p3,0.1129
ESM2-35M,cameo,6I9H_A,2,perm3,pert35m_p3,0.1111
ESM2-35M,cameo,6IAI_D,2,perm3,pert35m_p3,0.4286
ESM2-35M,cameo,6IEH_A,2,perm3,pert35m_p3,0.0000
ESM2-35M,cameo,6N0T_A,2,perm3,pert35m_p3,0.1184
ESM2-35M,cameo,6NU4_A,2,perm3,pert35m_p3,0.0000
ESM2-35M,cameo,6NX4_A,2,perm3,pert35m_p3,0.5758
ESM2-35M,cameo,6OHZ_A,2,perm3,pert35m_p3,0.3810
ESM2-35M,cameo,5OD1_A,0,perm4,pert35m_p4,0.2778
ESM2-35M,cameo,5OD9_B,0,perm4,pert35m_p4,0.3529
ESM2-35M,cameo,5OQK_A,0,perm4,pert35m_p4,0.0000
ESM2-35M,cameo,5OVM_A,0,perm4,pert35m_p4,0.0625
ESM2-35M,cameo,5WB4_H,0,perm4,pert35m_p4,0.8421
ESM2-35M,cameo,5XJO_E,0,perm4,pert35m_p4,0.1250
ESM2-35M,cameo,5XKJ_F,0,perm4,pert35m_p4,0.0000
ESM2-35M,cameo,5XKN_F,0,perm4,pert35m_p4,0.0000
ESM2-35M,cameo,5Y08_A,0,perm4,pert35m_p4,0.3902
ESM2-35M,cameo,5YA6_B,0,perm4,pert35m_p4,0.0909
ESM2-35M,cameo,5YRQ_E,0,perm4,pert35m_p4,0.3750
ESM2-35M,cameo,5YVQ_A,0,perm4,pert35m_p4,0.4225
ESM2-35M,cameo,5YVQ_B,0,perm4,pert35m_p4,0.2000
ESM2-35M,cameo,5Z2H_B,0,perm4,pert35m_p4,0.2222
ESM2-35M,cameo,5Z2I_D,0,perm4,pert35m_p4,0.2222
ESM2-35M,cameo,5Z34_A,0,perm4,pert35m_p4,0.6667
ESM2-35M,cameo,5Z36_A,0,perm4,pert35m_p4,0.6000
ESM2-35M,cameo,5Z3F_A,0,perm4,pert35m_p4,0.6351
ESM2-35M,cameo,5Z3K_B,0,perm4,pert35m_p4,0.7396
ESM2-35M,cameo,5Z6D_B,0,perm4,pert35m_p4,0.3500
ESM2-35M,cameo,5Z7C_A,0,perm4,pert35m_p4,0.2561
ESM2-35M,cameo,5Z8B_B,0,perm4,pert35m_p4,0.6500
ESM2-35M,cameo,5Z9T_B,0,perm4,pert35m_p4,0.7071
ESM2-35M,cameo,5ZB2_A,0,perm4,pert35m_p4,0.9250
ESM2-35M,cameo,5ZER_B,0,perm4,pert35m_p4,0.7536
ESM2-35M,cameo,5ZKE_A,0,perm4,pert35m_p4,0.2941
ESM2-35M,cameo,5ZKH_B,0,perm4,pert35m_p4,0.2424
ESM2-35M,cameo,5ZKT_B,0,perm4,pert35m_p4,0.0909
ESM2-35M,cameo,5ZNS_A,0,perm4,pert35m_p4,0.6579
ESM2-35M,cameo,5ZOR_A,0,perm4,pert35m_p4,0.2414
ESM2-35M,cameo,5ZT7_B,0,perm4,pert35m_p4,0.8200
ESM2-35M,cameo,5ZX9_A,0,perm4,pert35m_p4,0.7576
ESM2-35M,cameo,5ZYO_D,0,perm4,pert35m_p4,0.0000
ESM2-35M,cameo,6A2W_A,0,perm4,pert35m_p4,0.0000
ESM2-35M,cameo,6A5F_B,0,perm4,pert35m_p4,0.8667
ESM2-35M,cameo,6A5G_B,0,perm4,pert35m_p4,0.8710
ESM2-35M,cameo,6A68_A,0,perm4,pert35m_p4,0.3438
ESM2-35M,cameo,6A83_A,0,perm4,pert35m_p4,0.7042
ESM2-35M,cameo,6A9J_B,0,perm4,pert35m_p4,0.1194
ESM2-35M,cameo,6A9W_A,0,perm4,pert35m_p4,0.2679
ESM2-35M,cameo,6AE1_B,0,perm4,pert35m_p4,0.0909
ESM2-35M,cameo,6AE9_B,0,perm4,pert35m_p4,0.8200
ESM2-35M,cameo,6AEF_A,0,perm4,pert35m_p4,0.4396
ESM2-35M,cameo,6AGH_B,0,perm4,pert35m_p4,0.1852
ESM2-35M,cameo,6AGJ_B,0,perm4,pert35m_p4,0.2857
ESM2-35M,cameo,6AHQ_T,0,perm4,pert35m_p4,0.6667
ESM2-35M,cameo,6AIT_F,0,perm4,pert35m_p4,0.7160
ESM2-35M,cameo,6AKJ_B,0,perm4,pert35m_p4,0.2273
ESM2-35M,cameo,6BEA_A,0,perm4,pert35m_p4,0.7093
ESM2-35M,cameo,6BS5_A,0,perm4,pert35m_p4,0.7727
ESM2-35M,cameo,6BS5_B,0,perm4,pert35m_p4,0.6197
ESM2-35M,cameo,6BWH_C,0,perm4,pert35m_p4,0.7250
ESM2-35M,cameo,6BXS_C,0,perm4,pert35m_p4,0.5000
ESM2-35M,cameo,6BXW_A,0,perm4,pert35m_p4,0.0566
ESM2-35M,cameo,6BZJ_A,0,perm4,pert35m_p4,0.0000
ESM2-35M,cameo,6BZK_A,0,perm4,pert35m_p4,0.0000
ESM2-35M,cameo,6BZT_D,0,perm4,pert35m_p4,0.6400
ESM2-35M,cameo,6CB6_A,0,perm4,pert35m_p4,0.0000
ESM2-35M,cameo,6CCI_A,0,perm4,pert35m_p4,0.6429
ESM2-35M,cameo,6CGO_B,0,perm4,pert35m_p4,0.4356
ESM2-35M,cameo,6CK1_D,0,perm4,pert35m_p4,0.7200
ESM2-35M,cameo,6CMK_A,0,perm4,pert35m_p4,0.8133
ESM2-35M,cameo,6CP8_B,0,perm4,pert35m_p4,0.6562
ESM2-35M,cameo,6CP8_D,0,perm4,pert35m_p4,0.5806
ESM2-35M,cameo,6CP9_G,0,perm4,pert35m_p4,0.6667
ESM2-35M,cameo,6CP9_H,0,perm4,pert35m_p4,0.2273
ESM2-35M,cameo,6CSV_D,0,perm4,pert35m_p4,0.0000
ESM2-35M,cameo,6CUL_H,0,perm4,pert35m_p4,0.7170
ESM2-35M,cameo,6CZ6_D,0,perm4,pert35m_p4,0.1692
ESM2-35M,cameo,6CZT_A,0,perm4,pert35m_p4,0.5625
ESM2-35M,cameo,6D0I_C,0,perm4,pert35m_p4,0.0645
ESM2-35M,cameo,6D0I_D,0,perm4,pert35m_p4,0.1429
ESM2-35M,cameo,6D2S_A,0,perm4,pert35m_p4,0.2545
ESM2-35M,cameo,6D7Y_A,0,perm4,pert35m_p4,0.1111
ESM2-35M,cameo,6D7Y_B,0,perm4,pert35m_p4,0.2903
ESM2-35M,cameo,6D9F_B,0,perm4,pert35m_p4,0.1875
ESM2-35M,cameo,6D9M_A,0,perm4,pert35m_p4,0.5231
ESM2-35M,cameo,6DAN_D,0,perm4,pert35m_p4,0.8438
ESM2-35M,cameo,6DFL_A,0,perm4,pert35m_p4,0.7917
ESM2-35M,cameo,6DGN_B,0,perm4,pert35m_p4,0.3333
ESM2-35M,cameo,6DKA_I,0,perm4,pert35m_p4,0.5556
ESM2-35M,cameo,6DKM_G,0,perm4,pert35m_p4,0.0000
ESM2-35M,cameo,6DLC_A,0,perm4,pert35m_p4,0.7143
ESM2-35M,cameo,6DLO_A,0,perm4,pert35m_p4,0.8710
ESM2-35M,cameo,6DRF_A,0,perm4,pert35m_p4,0.0357
ESM2-35M,cameo,6E0K_A,0,perm4,pert35m_p4,0.5932
ESM2-35M,cameo,6E0M_A,0,perm4,pert35m_p4,0.5741
ESM2-35M,cameo,6E3C_C,0,perm4,pert35m_p4,0.3077
ESM2-35M,cameo,6E9B_D,0,perm4,pert35m_p4,0.4384
ESM2-35M,cameo,6E9O_A,0,perm4,pert35m_p4,0.1410
ESM2-35M,cameo,6EAZ_B,0,perm4,pert35m_p4,0.3077
ESM2-35M,cameo,6EDB_B,0,perm4,pert35m_p4,0.0769
ESM2-35M,cameo,6EGC_A,0,perm4,pert35m_p4,0.0000
ESM2-35M,cameo,6FCG_F,0,perm4,pert35m_p4,0.5769
ESM2-35M,cameo,6FTO_C,0,perm4,pert35m_p4,0.0000
ESM2-35M,cameo,6FXD_B,0,perm4,pert35m_p4,0.6667
ESM2-35M,cameo,6G1H_A,0,perm4,pert35m_p4,0.7500
ESM2-35M,cameo,6G3B_B,0,perm4,pert35m_p4,0.3778
ESM2-35M,cameo,6G70_B,0,perm4,pert35m_p4,0.6176
ESM2-35M,cameo,6G7G_A,0,perm4,pert35m_p4,0.5217
ESM2-35M,cameo,6G7O_A,0,perm4,pert35m_p4,0.1714
ESM2-35M,cameo,6G8Y_A,0,perm4,pert35m_p4,0.0000
ESM2-35M,cameo,6GCJ_A,0,perm4,pert35m_p4,0.0833
ESM2-35M,cameo,6GDJ_B,0,perm4,pert35m_p4,0.4615
ESM2-35M,cameo,6GHO_B,0,perm4,pert35m_p4,0.7222
ESM2-35M,cameo,6GMA_F,0,perm4,pert35m_p4,0.3750
ESM2-35M,cameo,6GMS_A,0,perm4,pert35m_p4,0.0385
ESM2-35M,cameo,6GW7_A,0,perm4,pert35m_p4,0.0000
ESM2-35M,cameo,6H2X_A,0,perm4,pert35m_p4,0.1429
ESM2-35M,cameo,6H6N_B,0,perm4,pert35m_p4,0.1739
ESM2-35M,cameo,6HC2_X,0,perm4,pert35m_p4,0.0000
ESM2-35M,cameo,6HPV_A,0,perm4,pert35m_p4,0.0847
ESM2-35M,cameo,6I1R_B,0,perm4,pert35m_p4,0.0645
ESM2-35M,cameo,6I9H_A,0,perm4,pert35m_p4,0.5556
ESM2-35M,cameo,6IAI_D,0,perm4,pert35m_p4,0.1905
ESM2-35M,cameo,6IEH_A,0,perm4,pert35m_p4,0.0000
ESM2-35M,cameo,6N0T_A,0,perm4,pert35m_p4,0.2105
ESM2-35M,cameo,6NU4_A,0,perm4,pert35m_p4,0.0000
ESM2-35M,cameo,6NX4_A,0,perm4,pert35m_p4,0.6364
ESM2-35M,cameo,6OHZ_A,0,perm4,pert35m_p4,0.4048
ESM2-35M,cameo,5OD1_A,1,perm4,pert35m_p4,0.7778
ESM2-35M,cameo,5OD9_B,1,perm4,pert35m_p4,0.8824
ESM2-35M,cameo,5OQK_A,1,perm4,pert35m_p4,0.1034
ESM2-35M,cameo,5OVM_A,1,perm4,pert35m_p4,0.0000
ESM2-35M,cameo,5WB4_H,1,perm4,pert35m_p4,0.7632
ESM2-35M,cameo,5XJO_E,1,perm4,pert35m_p4,0.0000
ESM2-35M,cameo,5XKJ_F,1,perm4,pert35m_p4,0.0000
ESM2-35M,cameo,5XKN_F,1,perm4,pert35m_p4,0.0000
ESM2-35M,cameo,5Y08_A,1,perm4,pert35m_p4,0.3902
ESM2-35M,cameo,5YA6_B,1,perm4,pert35m_p4,0.2727
ESM2-35M,cameo,5YRQ_E,1,perm4,pert35m_p4,0.5417
ESM2-35M,cameo,5YVQ_A,1,perm4,pert35m_p4,0.4225
ESM2-35M,cameo,5YVQ_B,1,perm4,pert35m_p4,0.1000
ESM2-35M,cameo,5Z2H_B,1,perm4,pert35m_p4,0.5000
ESM2-35M,cameo,5Z2I_D,1,perm4,pert35m_p4,0.6667
ESM2-35M,cameo,5Z34_A,1,perm4,pert35m_p4,0.5139
ESM2-35M,cameo,5Z36_A,1,perm4,pert35m_p4,0.7333
ESM2-35M,cameo,5Z3F_A,1,perm4,pert35m_p4,0.7838
ESM2-35M,cameo,5Z3K_B,1,perm4,pert35m_p4,0.8125
ESM2-35M,cameo,5Z6D_B,1,perm4,pert35m_p4,0.5500
ESM2-35M,cameo,5Z7C_A,1,perm4,pert35m_p4,0.4146
ESM2-35M,cameo,5Z8B_B,1,perm4,pert35m_p4,0.6000
ESM2-35M,cameo,5Z9T_B,1,perm4,pert35m_p4,0.7475
ESM2-35M,cameo,5ZB2_A,1,perm4,pert35m_p4,0.9375
ESM2-35M,cameo,5ZER_B,1,perm4,pert35m_p4,0.8696
ESM2-35M,cameo,5ZKE_A,1,perm4,pert35m_p4,0.1471
ESM2-35M,cameo,5ZKH_B,1,perm4,pert35m_p4,0.2727
ESM2-35M,cameo,5ZKT_B,1,perm4,pert35m_p4,0.1818
ESM2-35M,cameo,5ZNS_A,1,perm4,pert35m_p4,0.4342
ESM2-35M,cameo,5ZOR_A,1,perm4,pert35m_p4,0.3448
ESM2-35M,cameo,5ZT7_B,1,perm4,pert35m_p4,0.9000
ESM2-35M,cameo,5ZX9_A,1,perm4,pert35m_p4,0.8788
ESM2-35M,cameo,5ZYO_D,1,perm4,pert35m_p4,0.0333
ESM2-35M,cameo,6A2W_A,1,perm4,pert35m_p4,0.0303
ESM2-35M,cameo,6A5F_B,1,perm4,pert35m_p4,0.8333
ESM2-35M,cameo,6A5G_B,1,perm4,pert35m_p4,0.7097
ESM2-35M,cameo,6A68_A,1,perm4,pert35m_p4,0.0000
ESM2-35M,cameo,6A83_A,1,perm4,pert35m_p4,0.7042
ESM2-35M,cameo,6A9J_B,1,perm4,pert35m_p4,0.1045
ESM2-35M,cameo,6A9W_A,1,perm4,pert35m_p4,0.4107
ESM2-35M,cameo,6AE1_B,1,perm4,pert35m_p4,0.2727
ESM2-35M,cameo,6AE9_B,1,perm4,pert35m_p4,0.6600
ESM2-35M,cameo,6AEF_A,1,perm4,pert35m_p4,0.3297
ESM2-35M,cameo,6AGH_B,1,perm4,pert35m_p4,0.1667
ESM2-35M,cameo,6AGJ_B,1,perm4,pert35m_p4,0.3016
ESM2-35M,cameo,6AHQ_T,1,perm4,pert35m_p4,0.5714
ESM2-35M,cameo,6AIT_F,1,perm4,pert35m_p4,0.7407
ESM2-35M,cameo,6AKJ_B,1,perm4,pert35m_p4,0.0455
ESM2-35M,cameo,6BEA_A,1,perm4,pert35m_p4,0.7442
ESM2-35M,cameo,6BS5_A,1,perm4,pert35m_p4,0.7121
ESM2-35M,cameo,6BS5_B,1,perm4,pert35m_p4,0.6620
ESM2-35M,cameo,6BWH_C,1,perm4,pert35m_p4,0.8500
ESM2-35M,cameo,6BXS_C,1,perm4,pert35m_p4,0.6296
ESM2-35M,cameo,6BXW_A,1,perm4,pert35m_p4,0.1132
ESM2-35M,cameo,6BZJ_A,1,perm4,pert35m_p4,0.0000
ESM2-35M,cameo,6BZK_A,1,perm4,pert35m_p4,0.0000
ESM2-35M,cameo,6BZT_D,1,perm4,pert35m_p4,0.6800
ESM2-35M,cameo,6CB6_A,1,perm4,pert35m_p4,0.1304
ESM2-35M,cameo,6CCI_A,1,perm4,pert35m_p4,0.6286
ESM2-35M,cameo,6CGO_B,1,perm4,pert35m_p4,0.3663
ESM2-35M,cameo,6CK1_D,1,perm4,pert35m_p4,0.7333
ESM2-35M,cameo,6CMK_A,1,perm4,pert35m_p4,0.8000
ESM2-35M,cameo,6CP8_B,1,perm4,pert35m_p4,0.6250
ESM2-35M,cameo,6CP8_D,1,perm4,pert35m_p4,0.5806
ESM2-35M,cameo,6CP9_G,1,perm4,pert35m_p4,0.8095
ESM2-35M,cameo,6CP9_H,1,perm4,pert35m_p4,0.4545
ESM2-35M,cameo,6CSV_D,1,perm4,pert35m_p4,0.1176
ESM2-35M,cameo,6CUL_H,1,perm4,pert35m_p4,0.6792
ESM2-35M,cameo,6CZ6_D,1,perm4,pert35m_p4,0.0769
ESM2-35M,cameo,6CZT_A,1,perm4,pert35m_p4,0.6250
ESM2-35M,cameo,6D0I_C,1,perm4,pert35m_p4,0.0968
ESM2-35M,cameo,6D0I_D,1,perm4,pert35m_p4,0.1429
ESM2-35M,cameo,6D2S_A,1,perm4,pert35m_p4,0.3455
ESM2-35M,cameo,6D7Y_A,1,perm4,pert35m_p4,0.3333
ESM2-35M,cameo,6D7Y_B,1,perm4,pert35m_p4,0.5161
ESM2-35M,cameo,6D9F_B,1,perm4,pert35m_p4,0.4844
ESM2-35M,cameo,6D9M_A,1,perm4,pert35m_p4,0.6615
ESM2-35M,cameo,6DAN_D,1,perm4,pert35m_p4,0.8750
ESM2-35M,cameo,6DFL_A,1,perm4,pert35m_p4,0.5833
ESM2-35M,cameo,6DGN_B,1,perm4,pert35m_p4,0.5556
ESM2-35M,cameo,6DKA_I,1,perm4,pert35m_p4,0.7111
ESM2-35M,cameo,6DKM_G,1,perm4,pert35m_p4,0.0000
ESM2-35M,cameo,6DLC_A,1,perm4,pert35m_p4,0.4286
ESM2-35M,cameo,6DLO_A,1,perm4,pert35m_p4,0.9516
ESM2-35M,cameo,6DRF_A,1,perm4,pert35m_p4,0.0357
ESM2-35M,cameo,6E0K_A,1,perm4,pert35m_p4,0.5085
ESM2-35M,cameo,6E0M_A,1,perm4,pert35m_p4,0.6296
ESM2-35M,cameo,6E3C_C,1,perm4,pert35m_p4,0.0769
ESM2-35M,cameo,6E9B_D,1,perm4,pert35m_p4,0.5753
ESM2-35M,cameo,6E9O_A,1,perm4,pert35m_p4,0.3718
ESM2-35M,cameo,6EAZ_B,1,perm4,pert35m_p4,0.4000
ESM2-35M,cameo,6EDB_B,1,perm4,pert35m_p4,0.2308
ESM2-35M,cameo,6EGC_A,1,perm4,pert35m_p4,0.0345
ESM2-35M,cameo,6FCG_F,1,perm4,pert35m_p4,0.6410
ESM2-35M,cameo,6FTO_C,1,perm4,pert35m_p4,0.0000
ESM2-35M,cameo,6FXD_B,1,perm4,pert35m_p4,0.5833
ESM2-35M,cameo,6G1H_A,1,perm4,pert35m_p4,0.8088
ESM2-35M,cameo,6G3B_B,1,perm4,pert35m_p4,0.2889
ESM2-35M,cameo,6G70_B,1,perm4,pert35m_p4,0.7157
ESM2-35M,cameo,6G7G_A,1,perm4,pert35m_p4,0.4348
ESM2-35M,cameo,6G7O_A,1,perm4,pert35m_p4,0.4143
ESM2-35M,cameo,6G8Y_A,1,perm4,pert35m_p4,0.0000
ESM2-35M,cameo,6GCJ_A,1,perm4,pert35m_p4,0.2083
ESM2-35M,cameo,6GDJ_B,1,perm4,pert35m_p4,0.5385
ESM2-35M,cameo,6GHO_B,1,perm4,pert35m_p4,0.7593
ESM2-35M,cameo,6GMA_F,1,perm4,pert35m_p4,0.5833
ESM2-35M,cameo,6GMS_A,1,perm4,pert35m_p4,0.0385
ESM2-35M,cameo,6GW7_A,1,perm4,pert35m_p4,0.0909
ESM2-35M,cameo,6H2X_A,1,perm4,pert35m_p4,0.0143
ESM2-35M,cameo,6H6N_B,1,perm4,pert35m_p4,0.0870
ESM2-35M,cameo,6HC2_X,1,perm4,pert35m_p4,0.0000
ESM2-35M,cameo,6HPV_A,1,perm4,pert35m_p4,0.1186
ESM2-35M,cameo,6I1R_B,1,perm4,pert35m_p4,0.1452
ESM2-35M,cameo,6I9H_A,1,perm4,pert35m_p4,0.4444
ESM2-35M,cameo,6IAI_D,1,perm4,pert35m_p4,0.4286
ESM2-35M,cameo,6IEH_A,1,perm4,pert35m_p4,0.0000
ESM2-35M,cameo,6N0T_A,1,perm4,pert35m_p4,0.1711
ESM2-35M,cameo,6NU4_A,1,perm4,pert35m_p4,0.0000
ESM2-35M,cameo,6NX4_A,1,perm4,pert35m_p4,0.6061
ESM2-35M,cameo,6OHZ_A,1,perm4,pert35m_p4,0.3571
ESM2-35M,cameo,5OD1_A,2,perm4,pert35m_p4,0.3889
ESM2-35M,cameo,5OD9_B,2,perm4,pert35m_p4,0.6471
ESM2-35M,cameo,5OQK_A,2,perm4,pert35m_p4,0.1034
ESM2-35M,cameo,5OVM_A,2,perm4,pert35m_p4,0.0000
ESM2-35M,cameo,5WB4_H,2,perm4,pert35m_p4,0.8947
ESM2-35M,cameo,5XJO_E,2,perm4,pert35m_p4,0.6250
ESM2-35M,cameo,5XKJ_F,2,perm4,pert35m_p4,0.2222
ESM2-35M,cameo,5XKN_F,2,perm4,pert35m_p4,0.3333
ESM2-35M,cameo,5Y08_A,2,perm4,pert35m_p4,0.5122
ESM2-35M,cameo,5YA6_B,2,perm4,pert35m_p4,0.3939
ESM2-35M,cameo,5YRQ_E,2,perm4,pert35m_p4,0.4167
ESM2-35M,cameo,5YVQ_A,2,perm4,pert35m_p4,0.3803
ESM2-35M,cameo,5YVQ_B,2,perm4,pert35m_p4,0.1500
ESM2-35M,cameo,5Z2H_B,2,perm4,pert35m_p4,0.5556
ESM2-35M,cameo,5Z2I_D,2,perm4,pert35m_p4,0.5556
ESM2-35M,cameo,5Z34_A,2,perm4,pert35m_p4,0.6111
ESM2-35M,cameo,5Z36_A,2,perm4,pert35m_p4,0.8000
ESM2-35M,cameo,5Z3F_A,2,perm4,pert35m_p4,0.7432
ESM2-35M,cameo,5Z3K_B,2,perm4,pert35m_p4,0.7188
ESM2-35M,cameo,5Z6D_B,2,perm4,pert35m_p4,0.5000
ESM2-35M,cameo,5Z7C_A,2,perm4,pert35m_p4,0.3659
ESM2-35M,cameo,5Z8B_B,2,perm4,pert35m_p4,0.5000
ESM2-35M,cameo,5Z9T_B,2,perm4,pert35m_p4,0.8889
ESM2-35M,cameo,5ZB2_A,2,perm4,pert35m_p4,0.9625
ESM2-35M,cameo,5ZER_B,2,perm4,pert35m_p4,0.8986
ESM2-35M,cameo,5ZKE_A,2,perm4,pert35m_p4,0.2647
ESM2-35M,cameo,5ZKH_B,2,perm4,pert35m_p4,0.2121
ESM2-35M,cameo,5ZKT_B,2,perm4,pert35m_p4,0.0000
ESM2-35M,cameo,5ZNS_A,2,perm4,pert35m_p4,0.5789
ESM2-35M,cameo,5ZOR_A,2,perm4,pert35m_p4,0.3793
ESM2-35M,cameo,5ZT7_B,2,perm4,pert35m_p4,0.8600
ESM2-35M,cameo,5ZX9_A,2,perm4,pert35m_p4,0.8182
ESM2-35M,cameo,5ZYO_D,2,perm4,pert35m_p4,0.0000
ESM2-35M,cameo,6A2W_A,2,perm4,pert35m_p4,0.0303
ESM2-35M,cameo,6A5F_B,2,perm4,pert35m_p4,0.8667
ESM2-35M,cameo,6A5G_B,2,perm4,pert35m_p4,0.8710
ESM2-35M,cameo,6A68_A,2,perm4,pert35m_p4,0.0938
ESM2-35M,cameo,6A83_A,2,perm4,pert35m_p4,0.7042
ESM2-35M,cameo,6A9J_B,2,perm4,pert35m_p4,0.2537
ESM2-35M,cameo,6A9W_A,2,perm4,pert35m_p4,0.3393
ESM2-35M,cameo,6AE1_B,2,perm4,pert35m_p4,0.2727
ESM2-35M,cameo,6AE9_B,2,perm4,pert35m_p4,0.7600
ESM2-35M,cameo,6AEF_A,2,perm4,pert35m_p4,0.3956
ESM2-35M,cameo,6AGH_B,2,perm4,pert35m_p4,0.1296
ESM2-35M,cameo,6AGJ_B,2,perm4,pert35m_p4,0.3175
ESM2-35M,cameo,6AHQ_T,2,perm4,pert35m_p4,0.1905
ESM2-35M,cameo,6AIT_F,2,perm4,pert35m_p4,0.7160
ESM2-35M,cameo,6AKJ_B,2,perm4,pert35m_p4,0.0455
ESM2-35M,cameo,6BEA_A,2,perm4,pert35m_p4,0.7558
ESM2-35M,cameo,6BS5_A,2,perm4,pert35m_p4,0.6515
ESM2-35M,cameo,6BS5_B,2,perm4,pert35m_p4,0.5070
ESM2-35M,cameo,6BWH_C,2,perm4,pert35m_p4,0.8250
ESM2-35M,cameo,6BXS_C,2,perm4,pert35m_p4,0.4259
ESM2-35M,cameo,6BXW_A,2,perm4,pert35m_p4,0.2453
ESM2-35M,cameo,6BZJ_A,2,perm4,pert35m_p4,0.0000
ESM2-35M,cameo,6BZK_A,2,perm4,pert35m_p4,0.0000
ESM2-35M,cameo,6BZT_D,2,perm4,pert35m_p4,0.7000
ESM2-35M,cameo,6CB6_A,2,perm4,pert35m_p4,0.1304
ESM2-35M,cameo,6CCI_A,2,perm4,pert35m_p4,0.6429
ESM2-35M,cameo,6CGO_B,2,perm4,pert35m_p4,0.4257
ESM2-35M,cameo,6CK1_D,2,perm4,pert35m_p4,0.8267
ESM2-35M,cameo,6CMK_A,2,perm4,pert35m_p4,0.8400
ESM2-35M,cameo,6CP8_B,2,perm4,pert35m_p4,0.6250
ESM2-35M,cameo,6CP8_D,2,perm4,pert35m_p4,0.4194
ESM2-35M,cameo,6CP9_G,2,perm4,pert35m_p4,0.7619
ESM2-35M,cameo,6CP9_H,2,perm4,pert35m_p4,0.6818
ESM2-35M,cameo,6CSV_D,2,perm4,pert35m_p4,0.0000
ESM2-35M,cameo,6CUL_H,2,perm4,pert35m_p4,0.8302
ESM2-35M,cameo,6CZ6_D,2,perm4,pert35m_p4,0.1846
ESM2-35M,cameo,6CZT_A,2,perm4,pert35m_p4,0.5625
ESM2-35M,cameo,6D0I_C,2,perm4,pert35m_p4,0.0645
ESM2-35M,cameo,6D0I_D,2,perm4,pert35m_p4,0.1429
ESM2-35M,cameo,6D2S_A,2,perm4,pert35m_p4,0.2909
ESM2-35M,cameo,6D7Y_A,2,perm4,pert35m_p4,0.1667
ESM2-35M,cameo,6D7Y_B,2,perm4,pert35m_p4,0.4516
ESM2-35M,cameo,6D9F_B,2,perm4,pert35m_p4,0.2031
ESM2-35M,cameo,6D9M_A,2,perm4,pert35m_p4,0.6769
ESM2-35M,cameo,6DAN_D,2,perm4,pert35m_p4,0.8125
ESM2-35M,cameo,6DFL_A,2,perm4,pert35m_p4,0.7708
ESM2-35M,cameo,6DGN_B,2,perm4,pert35m_p4,0.1111
ESM2-35M,cameo,6DKA_I,2,perm4,pert35m_p4,0.5556
ESM2-35M,cameo,6DKM_G,2,perm4,pert35m_p4,0.0000
ESM2-35M,cameo,6DLC_A,2,perm4,pert35m_p4,0.4286
ESM2-35M,cameo,6DLO_A,2,perm4,pert35m_p4,0.9677
ESM2-35M,cameo,6DRF_A,2,perm4,pert35m_p4,0.1786
ESM2-35M,cameo,6E0K_A,2,perm4,pert35m_p4,0.6102
ESM2-35M,cameo,6E0M_A,2,perm4,pert35m_p4,0.6111
ESM2-35M,cameo,6E3C_C,2,perm4,pert35m_p4,0.1538
ESM2-35M,cameo,6E9B_D,2,perm4,pert35m_p4,0.5753
ESM2-35M,cameo,6E9O_A,2,perm4,pert35m_p4,0.2564
ESM2-35M,cameo,6EAZ_B,2,perm4,pert35m_p4,0.3385
ESM2-35M,cameo,6EDB_B,2,perm4,pert35m_p4,0.1538
ESM2-35M,cameo,6EGC_A,2,perm4,pert35m_p4,0.1034
ESM2-35M,cameo,6FCG_F,2,perm4,pert35m_p4,0.6667
ESM2-35M,cameo,6FTO_C,2,perm4,pert35m_p4,0.0000
ESM2-35M,cameo,6FXD_B,2,perm4,pert35m_p4,0.6667
ESM2-35M,cameo,6G1H_A,2,perm4,pert35m_p4,0.6618
ESM2-35M,cameo,6G3B_B,2,perm4,pert35m_p4,0.2444
ESM2-35M,cameo,6G70_B,2,perm4,pert35m_p4,0.8725
ESM2-35M,cameo,6G7G_A,2,perm4,pert35m_p4,0.3913
ESM2-35M,cameo,6G7O_A,2,perm4,pert35m_p4,0.3429
ESM2-35M,cameo,6G8Y_A,2,perm4,pert35m_p4,0.0556
ESM2-35M,cameo,6GCJ_A,2,perm4,pert35m_p4,0.2500
ESM2-35M,cameo,6GDJ_B,2,perm4,pert35m_p4,0.5385
ESM2-35M,cameo,6GHO_B,2,perm4,pert35m_p4,0.6667
ESM2-35M,cameo,6GMA_F,2,perm4,pert35m_p4,0.3750
ESM2-35M,cameo,6GMS_A,2,perm4,pert35m_p4,0.1154
ESM2-35M,cameo,6GW7_A,2,perm4,pert35m_p4,0.0000
ESM2-35M,cameo,6H2X_A,2,perm4,pert35m_p4,0.2000
ESM2-35M,cameo,6H6N_B,2,perm4,pert35m_p4,0.2174
ESM2-35M,cameo,6HC2_X,2,perm4,pert35m_p4,0.0000
ESM2-35M,cameo,6HPV_A,2,perm4,pert35m_p4,0.2203
ESM2-35M,cameo,6I1R_B,2,perm4,pert35m_p4,0.2258
ESM2-35M,cameo,6I9H_A,2,perm4,pert35m_p4,0.2778
ESM2-35M,cameo,6IAI_D,2,perm4,pert35m_p4,0.3333
ESM2-35M,cameo,6IEH_A,2,perm4,pert35m_p4,0.0000
ESM2-35M,cameo,6N0T_A,2,perm4,pert35m_p4,0.2368
ESM2-35M,cameo,6NU4_A,2,perm4,pert35m_p4,0.0000
ESM2-35M,cameo,6NX4_A,2,perm4,pert35m_p4,0.6061
ESM2-35M,cameo,6OHZ_A,2,perm4,pert35m_p4,0.4286
