seed,split,train_size,order,protein_id,usable
0,valid,,0,5hx0_1_B,1
0,valid,,1,1lmi_1_A,1
0,valid,,2,1iby_1_A,1
0,valid,,3,3bub_1_A,1
0,valid,,4,5jen_1_A,1
0,valid,,5,1k4z_1_B,1
0,valid,,6,1ufq_1_B,1
0,valid,,7,4mit_1_B,1
0,valid,,8,1m45_1_A,1
0,valid,,9,4db8_1_B,1
0,valid,,10,2ejx_1_A,1
0,valid,,11,4pmk_1_A,1
0,valid,,12,5cxl_1_A,1
0,valid,,13,4q5e_1_A,1
0,valid,,14,4qlo_1_A,1
0,valid,,15,1sy6_1_A,1
0,valid,,16,5m58_1_A,1
0,valid,,17,4h6r_1_A,1
0,valid,,18,2qni_1_B,1
0,valid,,19,4kku_1_A,1
0,valid,,20,4tn0_1_A,1
0,valid,,21,4l8j_1_B,1
0,valid,,22,3nhv_1_A,1
0,valid,,23,4rxx_1_A,1
0,valid,,24,5dot_1_B,0
0,valid,,25,3f9s_1_B,1
0,valid,,26,2nq8_1_F,1
0,valid,,27,3os6_1_A,1
0,valid,,28,2vqe_1_D,1
0,valid,,29,5h1x_1_B,1
0,valid,,30,2vqe_1_G,1
0,valid,,31,1jm1_1_A,1
0,valid,,32,3ba3_1_A,1
0,valid,,33,2y0h_1_A,1
0,valid,,34,3h9w_1_B,1
0,valid,,35,2pqr_1_A,1
0,valid,,36,2b8u_1_A,1
0,valid,,37,1ob8_1_A,1
0,valid,,38,3s9g_1_B,1
0,valid,,39,3ha9_1_A,1
0,valid,,40,5yge_1_B,1
0,valid,,41,2a67_1_A,1
0,valid,,42,1olt_1_A,1
0,valid,,43,2ch9_1_B,1
0,valid,,44,3bg4_1_C,1
0,valid,,45,4psi_1_A,1
0,valid,,46,2qne_1_B,1
0,valid,,47,2fg9_1_A,1
0,valid,,48,2q4a_1_B,1
0,valid,,49,5mzy_1_B,1
0,valid,,50,4ou9_1_A,1
0,valid,,51,3eay_1_A,1
0,valid,,52,2o1c_1_A,1
0,valid,,53,2okm_1_A,1
0,valid,,54,3men_1_A,1
0,valid,,55,5xfl_1_A,1
0,valid,,56,3ipi_1_B,1
0,valid,,57,3ic8_1_B,1
0,valid,,58,2qtd_1_A,1
0,valid,,59,3rnm_1_C,1
0,valid,,60,3k2i_1_A,1
0,valid,,61,2q58_1_B,1
0,valid,,62,2kin_1_B,1
0,valid,,63,4a6d_1_B,1
0,valid,,64,1x7f_1_A,1
0,valid,,65,2pul_1_A,1
0,valid,,66,2rdy_1_A,1
0,valid,,67,2xfs_1_A,1
0,valid,,68,5g5h_1_B,1
0,valid,,69,3sl9_1_A,1
0,valid,,70,2is6_1_A,1
0,valid,,71,3js6_1_A,1
0,valid,,72,3s5m_1_A,0
0,valid,,73,3bma_1_E,1
0,valid,,74,3dj9_1_A,1
0,valid,,75,3l6i_1_A,1
0,valid,,76,3kkc_1_B,1
0,valid,,77,6cey_1_A,1
0,valid,,78,1m5q_1_H,1
0,valid,,79,3jvd_1_A,1
0,valid,,80,3mfg_1_B,1
0,valid,,81,2z2u_1_A,1
0,valid,,82,2hsi_1_A,1
0,valid,,83,6epz_1_A,1
0,valid,,84,2qry_1_A,1
0,valid,,85,2dqb_1_C,1
0,valid,,86,3g74_1_A,1
0,valid,,87,1viz_1_A,1
0,valid,,88,5fo8_1_B,1
0,valid,,89,5dic_1_A,1
0,valid,,90,2rdm_1_A,1
0,valid,,91,1vs3_1_B,1
0,valid,,92,3dcm_1_B,1
0,valid,,93,3ork_1_A,1
0,valid,,94,2pjz_1_A,1
0,valid,,95,4lms_1_A,1
0,valid,,96,2wjr_1_A,1
0,valid,,97,5idv_1_A,1
0,valid,,98,4uqx_1_A,1
0,valid,,99,2pvp_1_B,1
0,test_cameo,,0,3pr6_1_A,1
0,test_cameo,,1,3gg2_1_A,1
0,test_cameo,,2,5ci5_1_A,1
0,test_cameo,,3,3sq3_1_A,1
0,test_cameo,,4,4jsb_1_A,1
0,test_cameo,,5,5iw9_1_B,1
0,test_cameo,,6,2zrr_1_A,1
0,test_cameo,,7,3eo8_1_B,1
0,test_cameo,,8,5xg2_1_A,1
0,test_cameo,,9,3v4g_1_A,1
0,test_cameo,,10,2a0j_1_A,1
0,test_cameo,,11,2cxi_1_A,1
0,test_cameo,,12,3hdu_1_A,1
0,test_cameo,,13,5ffi_1_A,1
0,test_cameo,,14,3efg_1_A,1
0,test_cameo,,15,3p8t_1_A,1
0,test_cameo,,16,1me7_1_A,1
0,test_cameo,,17,5k34_1_A,1
0,test_cameo,,18,2ych_1_A,1
0,test_cameo,,19,3tev_1_A,1
0,test_cameo,,20,2odf_1_B,1
0,test_cameo,,21,3kiz_1_B,1
0,test_cameo,,22,1uad_1_B,1
0,test_cameo,,23,3tyr_1_A,1
0,test_cameo,,24,4joo_1_A,1
0,test_cameo,,25,1rwj_1_A,1
0,test_cameo,,26,4q2t_1_A,1
0,test_cameo,,27,3kh0_1_B,1
0,test_cameo,,28,2c4b_1_A,1
0,test_cameo,,29,5aox_1_A,1
0,test_cameo,,30,2z3y_1_A,1
0,test_cameo,,31,3rf7_1_A,1
0,test_cameo,,32,6cum_1_B,1
0,test_cameo,,33,2e3d_1_D,1
0,test_cameo,,34,3g98_1_A,1
0,test_cameo,,35,4khb_1_B,1
0,test_cameo,,36,6ayh_1_A,1
0,test_cameo,,37,2i3o_1_B,1
0,test_cameo,,38,3k4z_1_A,1
0,test_cameo,,39,1u8v_1_A,1
0,test_cameo,,40,1jdi_1_A,1
0,test_cameo,,41,1g33_1_A,1
0,test_cameo,,42,3na7_1_A,1
0,test_cameo,,43,4g92_1_C,1
0,test_cameo,,44,2fgy_1_B,1
0,test_cameo,,45,2yf2_1_A,1
0,test_cameo,,46,4x4w_1_B,1
0,test_cameo,,47,3cgg_1_A,1
0,test_cameo,,48,4qxl_1_A,1
0,test_cameo,,49,5jxf_1_A,1
0,test_cameo,,50,2qjt_1_A,1
0,test_cameo,,51,1mu7_1_A,1
0,test_cameo,,52,4uor_1_A,1
0,test_cameo,,53,3ct4_1_B,1
0,test_cameo,,54,3hdx_1_A,1
0,test_cameo,,55,4qas_1_A,1
0,test_cameo,,56,3o14_1_A,1
0,test_cameo,,57,2iqj_1_A,1
0,test_cameo,,58,2jen_1_A,1
0,test_cameo,,59,3tw0_1_A,1
0,test_cameo,,60,3idv_1_A,1
0,test_cameo,,61,3p1u_1_A,1
0,test_cameo,,62,1kqf_1_B,1
0,test_cameo,,63,5wqg_1_A,1
0,test_cameo,,64,1dbx_1_A,1
0,test_cameo,,65,3nuf_1_A,1
0,test_cameo,,66,2gm3_1_B,1
0,test_cameo,,67,4pia_1_A,1
0,test_cameo,,68,5d01_1_A,1
0,test_cameo,,69,4d2w_1_A,1
0,test_cameo,,70,3nxc_1_B,1
0,test_cameo,,71,1zjc_1_B,1
0,test_cameo,,72,4ehm_1_A,1
0,test_cameo,,73,4wlr_1_A,1
0,test_cameo,,74,3kkd_1_B,1
0,test_cameo,,75,4qr0_1_A,1
0,test_cameo,,76,2yyo_1_B,1
0,test_cameo,,77,1z6t_1_A,1
0,test_cameo,,78,2b3j_1_B,1
0,test_cameo,,79,4alp_1_E,1
0,test_cameo,,80,4z4l_1_A,1
0,test_cameo,,81,4aty_1_B,1
0,test_cameo,,82,4hg2_1_A,1
0,test_cameo,,83,3fmi_1_A,1
0,test_cameo,,84,2iep_1_B,1
0,test_cameo,,85,3igr_1_B,1
0,test_cameo,,86,3vyk_1_A,1
0,test_cameo,,87,3vmm_1_A,1
0,test_cameo,,88,3ckm_1_A,1
0,test_cameo,,89,1cwv_1_A,1
0,test_cameo,,90,3zh4_1_A,1
0,test_cameo,,91,1joc_1_B,1
0,test_cameo,,92,6bsy_1_A,1
0,test_cameo,,93,5m2o_1_B,1
0,test_cameo,,94,1hu3_1_A,1
0,test_cameo,,95,4rya_1_A,1
0,test_cameo,,96,3bm2_1_A,1
0,test_cameo,,97,3kcu_1_C,1
0,test_cameo,,98,2qw5_1_A,1
0,test_cameo,,99,1jh7_1_A,1
0,train,500,0,5e72_1_A,1
0,train,500,1,3bcv_1_B,1
0,train,500,2,5a57_1_A,0
0,train,500,3,2hnt_1_A,1
0,train,500,4,1ccz_1_A,1
0,train,500,5,4k1f_1_A,1
0,train,500,6,2i2o_1_B,1
0,train,500,7,3m1r_1_D,1
0,train,500,8,3s98_1_A,1
0,train,500,9,2qnk_1_A,1
0,train,500,10,2o26_1_A,1
0,train,500,11,3ub9_1_B,1
0,train,500,12,3a72_1_A,1
0,train,500,13,4psu_1_A,1
0,train,500,14,3kgd_1_A,1
0,train,500,15,2dtc_1_B,1
0,train,500,16,2agv_1_A,1
0,train,500,17,4dqa_1_A,1
0,train,500,18,3hrg_1_A,1
0,train,500,19,2fsi_1_B,1
0,train,500,20,3rxy_1_C,1
0,train,500,21,5o01_1_A,1
0,train,500,22,2fdr_1_A,1
0,train,500,23,3f0h_1_B,1
0,train,500,24,4r8f_1_A,1
0,train,500,25,3dl1_1_A,1
0,train,500,26,5veb_1_C,1
0,train,500,27,1f3g_1_A,1
0,train,500,28,1h32_1_A,1
0,train,500,29,1xcr_1_A,1
0,train,500,30,3pnu_1_B,1
0,train,500,31,2ece_1_A,1
0,train,500,32,4rfa_1_B,1
0,train,500,33,1kdg_1_B,1
0,train,500,34,5kvm_1_A,1
0,train,500,35,4xoi_1_B,1
0,train,500,36,5x8z_1_A,1
0,train,500,37,2pn2_1_B,1
0,train,500,38,3pnx_1_A,1
0,train,500,39,3asl_1_A,1
0,train,500,40,4z04_1_B,1
0,train,500,41,5w58_1_A,1
0,train,500,42,3h7a_1_B,1
0,train,500,43,5k8s_1_A,1
0,train,500,44,4dck_1_A,1
0,train,500,45,3lx7_1_B,1
0,train,500,46,3en2_1_B,1
0,train,500,47,2p06_1_B,1
0,train,500,48,2zkg_1_A,1
0,train,500,49,5l39_1_D,1
0,train,500,50,1pix_1_B,1
0,train,500,51,2iu1_1_A,1
0,train,500,52,2obn_1_A,1
0,train,500,53,3w40_1_A,1
0,train,500,54,3bu9_1_A,1
0,train,500,55,3afg_1_A,1
0,train,500,56,3lcr_1_A,1
0,train,500,57,5weg_1_A,1
0,train,500,58,4u4p_1_A,1
0,train,500,59,2qr4_1_B,1
0,train,500,60,2d68_1_A,1
0,train,500,61,4cvc_1_A,1
0,train,500,62,1d7c_1_A,1
0,train,500,63,2bhk_1_A,1
0,train,500,64,4wtw_1_A,1
0,train,500,65,5j5u_1_A,1
0,train,500,66,3guz_1_A,1
0,train,500,67,1i4n_1_A,1
0,train,500,68,3b6z_1_A,1
0,train,500,69,1twf_1_B,0
0,train,500,70,2vy9_1_A,1
0,train,500,71,4r3h_1_A,1
0,train,500,72,2zif_1_B,1
0,train,500,73,2egi_1_D,1
0,train,500,74,2wmm_1_A,1
0,train,500,75,4k05_1_A,1
0,train,500,76,4r4k_1_A,1
0,train,500,77,1wkb_1_A,1
0,train,500,78,1jji_1_A,1
0,train,500,79,4ich_1_A,1
0,train,500,80,4i1k_1_A,1
0,train,500,81,1f8f_1_A,1
0,train,500,82,2nq3_1_A,1
0,train,500,83,3lwt_1_A,1
0,train,500,84,3f6z_1_D,1
0,train,500,85,2qsd_1_B,1
0,train,500,86,3tow_1_A,1
0,train,500,87,4txd_1_A,1
0,train,500,88,2w8x_1_B,1
0,train,500,89,2irp_1_A,1
0,train,500,90,3sy8_1_C,1
0,train,500,91,5iol_1_E,1
0,train,500,92,4uhc_1_A,1
0,train,500,93,4gos_1_A,1
0,train,500,94,6eoo_1_A,1
0,train,500,95,3n2a_1_A,1
0,train,500,96,4hde_1_A,1
0,train,500,97,5svd_1_A,1
0,train,500,98,2fsj_1_A,1
0,train,500,99,3bfm_1_B,1
0,train,500,100,1tzd_1_A,1
0,train,500,101,5ku5_1_B,1
0,train,500,102,2a1k_1_A,1
0,train,500,103,4y99_1_C,1
0,train,500,104,5h6x_1_A,1
0,train,500,105,5y9s_1_B,1
0,train,500,106,1tu1_1_B,1
0,train,500,107,4u6b_1_A,1
0,train,500,108,3uv0_1_A,1
0,train,500,109,2gop_1_B,1
0,train,500,110,2qmw_1_D,1
0,train,500,111,2i7n_1_A,1
0,train,500,112,4p47_1_A,1
0,train,500,113,5t51_1_A,1
0,train,500,114,1zgx_1_A,1
0,train,500,115,3f5e_1_A,1
0,train,500,116,5ea2_1_B,1
0,train,500,117,5tl5_1_A,1
0,train,500,118,4h10_1_B,1
0,train,500,119,4txj_1_B,1
0,train,500,120,5enc_1_A,1
0,train,500,121,3clq_1_A,1
0,train,500,122,2e1f_1_A,1
0,train,500,123,3sns_1_A,1
0,train,500,124,4s1v_1_B,1
0,train,500,125,3f6v_1_B,1
0,train,500,126,1ni9_1_A,1
0,train,500,127,4gmo_1_A,1
0,train,500,128,4j3r_1_A,1
0,train,500,129,4dlf_1_A,1
0,train,500,130,5xpv_1_B,1
0,train,500,131,4cs3_1_A,1
0,train,500,132,3wra_1_A,1
0,train,500,133,3zs7_1_B,1
0,train,500,134,1f47_1_B,1
0,train,500,135,2qy2_1_A,1
0,train,500,136,2q52_1_A,1
0,train,500,137,4mn4_1_A,1
0,train,500,138,4p92_1_A,1
0,train,500,139,5yqr_1_A,1
0,train,500,140,5wsk_1_C,1
0,train,500,141,3ewm_1_A,1
0,train,500,142,2ar5_1_A,1
0,train,500,143,2rd9_1_B,1
0,train,500,144,3sxu_1_B,1
0,train,500,145,2dgc_1_B,1
0,train,500,146,4a3z_1_A,1
0,train,500,147,3pdg_1_A,1
0,train,500,148,4m5d_1_B,1
0,train,500,149,1jb0_1_H,1
0,train,500,150,4o6m_1_A,1
0,train,500,151,1ubv_1_A,1
0,train,500,152,4hwi_1_B,1
0,train,500,153,2ako_1_B,1
0,train,500,154,5ojy_1_A,1
0,train,500,155,2px6_1_A,1
0,train,500,156,5upm_1_A,1
0,train,500,157,3byw_1_A,1
0,train,500,158,5mx1_1_A,1
0,train,500,159,5h0o_1_A,1
0,train,500,160,1bzd_1_A,1
0,train,500,161,2g5z_1_A,1
0,train,500,162,4mbt_1_A,1
0,train,500,163,4qo5_1_A,1
0,train,500,164,1or7_1_A,1
0,train,500,165,1jdp_1_B,1
0,train,500,166,4g65_1_B,1
0,train,500,167,5il7_1_B,1
0,train,500,168,3njc_1_B,1
0,train,500,169,4rle_1_A,1
0,train,500,170,2odm_1_A,1
0,train,500,171,2i7f_1_A,1
0,train,500,172,2a1i_1_A,1
0,train,500,173,4f2l_1_A,1
0,train,500,174,3rx6_1_B,1
0,train,500,175,2gt1_1_A,1
0,train,500,176,4k37_1_A,1
0,train,500,177,2hkx_1_A,1
0,train,500,178,4r1h_1_B,1
0,train,500,179,4nar_1_A,1
0,train,500,180,3caw_1_B,1
0,train,500,181,2ppi_1_B,1
0,train,500,182,4nq0_1_A,1
0,train,500,183,3is6_1_B,1
0,train,500,184,4xt0_1_B,1
0,train,500,185,3tbn_1_A,1
0,train,500,186,2xuv_1_A,1
0,train,500,187,5a3a_1_A,1
0,train,500,188,2p23_1_A,1
0,train,500,189,3fm8_1_A,1
0,train,500,190,1jju_1_C,1
0,train,500,191,4y2g_1_A,1
0,train,500,192,2ns0_1_A,1
0,train,500,193,1nvp_1_B,1
0,train,500,194,2ztb_1_A,1
0,train,500,195,5tuk_1_A,1
0,train,500,196,5ean_1_A,0
0,train,500,197,3ju2_1_A,1
0,train,500,198,3fah_1_A,1
0,train,500,199,5xut_1_A,0
0,train,500,200,4yep_1_B,1
0,train,500,201,1oyz_1_A,1
0,train,500,202,1af6_1_A,1
0,train,500,203,3ef0_1_A,1
0,train,500,204,5d18_1_A,1
0,train,500,205,3ceu_1_A,1
0,train,500,206,4xxb_1_B,1
0,train,500,207,5v8w_1_A,1
0,train,500,208,3rjt_1_B,1
0,train,500,209,5emx_1_A,1
0,train,500,210,3czx_1_B,1
0,train,500,211,1ogb_1_B,1
0,train,500,212,2d5w_1_A,1
0,train,500,213,4hxe_1_A,1
0,train,500,214,1ycs_1_B,1
0,train,500,215,2fs5_1_A,1
0,train,500,216,3h82_1_B,1
0,train,500,217,2r6s_1_A,1
0,train,500,218,1g4w_1_A,1
0,train,500,219,3gdz_1_A,1
0,train,500,220,3tc2_1_A,1
0,train,500,221,5n1a_1_A,1
0,train,500,222,2d0s_1_A,1
0,train,500,223,3h51_1_B,1
0,train,500,224,4nov_1_A,1
0,train,500,225,2gwn_1_A,1
0,train,500,226,3ab4_1_D,1
0,train,500,227,3w21_1_B,1
0,train,500,228,2p65_1_A,1
0,train,500,229,4x3n_1_A,1
0,train,500,230,1vpl_1_B,1
0,train,500,231,3pu9_1_B,1
0,train,500,232,3gw2_1_B,1
0,train,500,233,6f23_1_A,1
0,train,500,234,3ea0_1_A,1
0,train,500,235,1ok6_1_A,1
0,train,500,236,1uc5_1_F,1
0,train,500,237,3f84_1_A,1
0,train,500,238,2bo3_1_A,1
0,train,500,239,2hlr_1_A,1
0,train,500,240,1zth_1_A,1
0,train,500,241,5cog_1_A,1
0,train,500,242,2b5w_1_A,1
0,train,500,243,3ibx_1_D,1
0,train,500,244,5a0l_1_A,1
0,train,500,245,4ifa_1_A,1
0,train,500,246,1f1s_1_A,1
0,train,500,247,5cm2_1_B,1
0,train,500,248,3pxv_1_A,1
0,train,500,249,3hpx_1_B,1
0,train,500,250,2ywd_1_A,1
0,train,500,251,3oq3_1_B,1
0,train,500,252,2xsk_1_A,1
0,train,500,253,5gt9_1_B,1
0,train,500,254,4o1w_1_B,1
0,train,500,255,4zua_1_B,1
0,train,500,256,3e37_1_B,1
0,train,500,257,2r73_1_A,1
0,train,500,258,2omv_1_A,1
0,train,500,259,3h74_1_A,1
0,train,500,260,3mx3_1_A,1
0,train,500,261,2ci9_1_A,1
0,train,500,262,5u02_1_A,1
0,train,500,263,5fzr_1_A,1
0,train,500,264,3mem_1_A,1
0,train,500,265,3c5v_1_A,1
0,train,500,266,3hc1_1_A,1
0,train,500,267,2oez_1_A,1
0,train,500,268,3nvq_1_C,1
0,train,500,269,1yvr_1_A,1
0,train,500,270,6b8s_1_A,1
0,train,500,271,4k7r_1_A,1
0,train,500,272,2fyc_1_A,1
0,train,500,273,3npf_1_A,1
0,train,500,274,3lwx_1_A,1
0,train,500,275,1xhk_1_A,1
0,train,500,276,3pc2_1_A,1
0,train,500,277,1usu_1_B,1
0,train,500,278,5isu_1_A,1
0,train,500,279,4g0m_1_A,1
0,train,500,280,4nwb_1_A,1
0,train,500,281,2bhg_1_A,1
0,train,500,282,1kae_1_A,1
0,train,500,283,3ly3_1_A,1
0,train,500,284,2yjg_1_B,1
0,train,500,285,5hxk_1_B,1
0,train,500,286,5tro_1_A,1
0,train,500,287,3pqh_1_A,1
0,train,500,288,3sho_1_A,1
0,train,500,289,3u1x_1_A,1
0,train,500,290,5o9e_1_A,1
0,train,500,291,3oov_1_B,1
0,train,500,292,3c7d_1_A,1
0,train,500,293,3hwr_1_B,1
0,train,500,294,4qam_1_A,1
0,train,500,295,4nv4_1_B,1
0,train,500,296,1fxk_1_F,1
0,train,500,297,5ksz_1_A,1
0,train,500,298,2y0b_1_C,1
0,train,500,299,3v32_1_A,1
0,train,500,300,2q7a_1_A,1
0,train,500,301,2vqe_1_C,1
0,train,500,302,2qtl_1_A,1
0,train,500,303,3fsb_1_A,1
0,train,500,304,5na7_1_A,1
0,train,500,305,4nfu_1_B,1
0,train,500,306,1kmo_1_A,1
0,train,500,307,5h67_1_C,1
0,train,500,308,2fca_1_A,1
0,train,500,309,2ooc_1_A,1
0,train,500,310,2r9a_1_B,1
0,train,500,311,4ei8_1_A,1
0,train,500,312,5sxh_1_A,1
0,train,500,313,1jy2_1_B,1
0,train,500,314,2jfn_1_A,1
0,train,500,315,5hma_1_A,1
0,train,500,316,3ddt_1_A,1
0,train,500,317,3fgg_1_A,1
0,train,500,318,4ngc_1_A,1
0,train,500,319,3my2_1_A,1
0,train,500,320,3ult_1_A,1
0,train,500,321,1z2i_1_B,1
0,train,500,322,3gyc_1_A,1
0,train,500,323,1qwy_1_A,1
0,train,500,324,3kk4_1_B,1
0,train,500,325,3o3l_1_A,1
0,train,500,326,3d36_1_C,1
0,train,500,327,4lpq_1_A,1
0,train,500,328,3h1m_1_A,1
0,train,500,329,3pg6_1_B,1
0,train,500,330,2oz8_1_A,1
0,train,500,331,3mfh_1_A,1
0,train,500,332,2uwr_1_A,1
0,train,500,333,4p87_1_A,1
0,train,500,334,1q0s_1_A,1
0,train,500,335,5a67_1_A,1
0,train,500,336,1b4f_1_B,1
0,train,500,337,4nyn_1_A,1
0,train,500,338,1qua_1_A,1
0,train,500,339,3t1w_1_B,1
0,train,500,340,1gu3_1_B,1
0,train,500,341,3e80_1_A,1
0,train,500,342,3s6o_1_C,1
0,train,500,343,3edv_1_B,1
0,train,500,344,5tka_1_B,1
0,train,500,345,4dkk_1_B,1
0,train,500,346,4kcf_1_A,1
0,train,500,347,3w2w_1_B,1
0,train,500,348,1jmc_1_A,1
0,train,500,349,3q47_1_A,1
0,train,500,350,6cc0_1_B,1
0,train,500,351,3m73_1_A,1
0,train,500,352,3ucx_1_A,1
0,train,500,353,5je1_1_A,1
0,train,500,354,5elr_1_B,1
0,train,500,355,3p7j_1_A,1
0,train,500,356,3emu_1_A,1
0,train,500,357,1dc1_1_A,1
0,train,500,358,4goq_1_A,1
0,train,500,359,3ixc_1_A,1
0,train,500,360,4uau_1_A,1
0,train,500,361,4dip_1_A,1
0,train,500,362,4lv8_1_A,1
0,train,500,363,3ois_1_A,1
0,train,500,364,3ef8_1_A,1
0,train,500,365,3ujz_1_A,1
0,train,500,366,4i3m_1_B,1
0,train,500,367,3d85_1_D,1
0,train,500,368,5apt_1_B,1
0,train,500,369,5tjj_1_B,1
0,train,500,370,2xy1_1_A,1
0,train,500,371,4l3u_1_A,1
0,train,500,372,4dq9_1_A,1
0,train,500,373,1zgh_1_A,1
0,train,500,374,3lsj_1_B,1
0,train,500,375,5u4u_1_A,1
0,train,500,376,3nr5_1_A,1
0,train,500,377,3dci_1_A,1
0,train,500,378,3lhh_1_A,1
0,train,500,379,3mud_1_D,1
0,train,500,380,4uu6_1_A,1
0,train,500,381,2psp_1_A,1
0,train,500,382,5ags_1_A,1
0,train,500,383,5lzn_1_A,1
0,train,500,384,3epo_1_B,1
0,train,500,385,2vn8_1_A,1
0,train,500,386,5x7m_1_A,1
0,train,500,387,2vnr_1_A,1
0,train,500,388,2c4f_1_C,1
0,train,500,389,2q78_1_B,1
0,train,500,390,1lya_1_B,1
0,train,500,391,3dfu_1_B,1
0,train,500,392,4s3o_1_C,1
0,train,500,393,4n4u_1_A,1
0,train,500,394,2puy_1_A,1
0,train,500,395,5szr_1_A,1
0,train,500,396,3be4_1_A,1
0,train,500,397,2fdb_1_A,1
0,train,500,398,2fdj_1_A,1
0,train,500,399,3s4l_1_A,1
0,train,500,400,2xpl_1_A,1
0,train,500,401,1m93_1_B,1
0,train,500,402,1pxz_1_A,1
0,train,500,403,3e59_1_A,1
0,train,500,404,3ren_1_A,1
0,train,500,405,3l18_1_A,1
0,train,500,406,5i20_1_A,1
0,train,500,407,2y8l_1_B,1
0,train,500,408,3m2t_1_D,1
0,train,500,409,3lyg_1_B,1
0,train,500,410,2hp0_1_A,1
0,train,500,411,5n4k_1_B,1
0,train,500,412,1gvn_1_D,1
0,train,500,413,2xwt_1_C,1
0,train,500,414,2ewc_1_B,1
0,train,500,415,3dm8_1_B,1
0,train,500,416,3t6c_1_A,1
0,train,500,417,4jyk_1_A,1
0,train,500,418,2qkd_1_A,1
0,train,500,419,1ah7_1_A,1
0,train,500,420,2xsb_1_A,1
0,train,500,421,3nqz_1_A,1
0,train,500,422,1vjz_1_A,1
0,train,500,423,3syy_1_A,1
0,train,500,424,3qfm_1_B,1
0,train,500,425,2qh1_1_B,1
0,train,500,426,1ocx_1_A,1
0,train,500,427,1np0_1_F,1
0,train,500,428,1u0t_1_C,1
0,train,500,429,1x8d_1_B,1
0,train,500,430,2wdq_1_C,1
0,train,500,431,5ubm_1_C,1
0,train,500,432,3lhr_1_A,1
0,train,500,433,4yeg_1_A,1
0,train,500,434,2f2f_1_A,1
0,train,500,435,5ir2_1_A,1
0,train,500,436,5h28_1_A,1
0,train,500,437,4unf_1_A,1
0,train,500,438,5d5w_1_B,1
0,train,500,439,1k2e_1_A,1
0,train,500,440,1spp_1_A,1
0,train,500,441,2fl3_1_A,1
0,train,500,442,2e1n_1_A,1
0,train,500,443,1n8y_1_A,1
0,train,500,444,2xs6_1_B,1
0,train,500,445,2wu2_1_B,1
0,train,500,446,3twl_1_A,1
0,train,500,447,3k6g_1_A,1
0,train,500,448,3ck2_1_A,1
0,train,500,449,4r9n_1_A,1
0,train,500,450,2uy6_1_C,1
0,train,500,451,4csy_1_A,1
0,train,500,452,1etp_1_A,1
0,train,500,453,3sd2_1_B,1
0,train,500,454,4qnn_1_A,1
0,train,500,455,2rci_1_A,1
0,train,500,456,2b0v_1_A,1
0,train,500,457,4h2p_1_A,1
0,train,500,458,3qqw_1_A,1
0,train,500,459,2g7z_1_A,1
0,train,500,460,2qx0_1_B,1
0,train,500,461,2vfr_1_A,1
0,train,500,462,2g39_1_B,1
0,train,500,463,2qdf_1_A,1
0,train,500,464,4pab_1_A,1
0,train,500,465,2cwq_1_A,1
0,train,500,466,5ju5_1_C,1
0,train,500,467,19hc_1_A,1
0,train,500,468,5cff_1_B,1
0,train,500,469,1go3_1_A,1
0,train,500,470,1co7_1_B,1
0,train,500,471,4pzj_1_B,1
0,train,500,472,5k3q_1_B,1
0,train,500,473,3f1i_1_C,1
0,train,500,474,1kyq_1_A,1
0,train,500,475,1e5m_1_B,1
0,train,500,476,1eni_1_A,1
0,train,500,477,3d4o_1_A,1
0,train,500,478,3gek_1_D,1
0,train,500,479,2flh_1_A,1
0,train,500,480,4jj9_1_C,1
0,train,500,481,2db0_1_A,1
0,train,500,482,5hb8_1_A,1
0,train,500,483,3r8r_1_A,1
0,train,500,484,3h8u_1_B,1
0,train,500,485,2ekd_1_F,1
0,train,500,486,4aya_1_B,1
0,train,500,487,5ewu_1_B,1
0,train,500,488,3bal_1_A,1
0,train,500,489,1jsu_1_C,1
0,train,500,490,2eky_1_B,1
0,train,500,491,3kqg_1_C,1
0,train,500,492,4ejr_1_B,1
0,train,500,493,1cqy_1_A,1
0,train,500,494,3cc2_1_Y,1
0,train,500,495,6fpn_1_A,1
0,train,500,496,5kbp_1_B,1
0,train,500,497,2agw_1_B,1
0,train,500,498,2p8e_1_A,1
0,train,500,499,5fq2_1_B,1
0,train,1500,0,5e72_1_A,1
0,train,1500,1,3bcv_1_B,1
0,train,1500,2,5a57_1_A,0
0,train,1500,3,2hnt_1_A,1
0,train,1500,4,1ccz_1_A,1
0,train,1500,5,4k1f_1_A,1
0,train,1500,6,2i2o_1_B,1
0,train,1500,7,3m1r_1_D,1
0,train,1500,8,3s98_1_A,1
0,train,1500,9,2qnk_1_A,1
0,train,1500,10,2o26_1_A,1
0,train,1500,11,3ub9_1_B,1
0,train,1500,12,3a72_1_A,1
0,train,1500,13,4psu_1_A,1
0,train,1500,14,3kgd_1_A,1
0,train,1500,15,2dtc_1_B,1
0,train,1500,16,2agv_1_A,1
0,train,1500,17,4dqa_1_A,1
0,train,1500,18,3hrg_1_A,1
0,train,1500,19,2fsi_1_B,1
0,train,1500,20,3rxy_1_C,1
0,train,1500,21,5o01_1_A,1
0,train,1500,22,2fdr_1_A,1
0,train,1500,23,3f0h_1_B,1
0,train,1500,24,4r8f_1_A,1
0,train,1500,25,3dl1_1_A,1
0,train,1500,26,5veb_1_C,1
0,train,1500,27,1f3g_1_A,1
0,train,1500,28,1h32_1_A,1
0,train,1500,29,1xcr_1_A,1
0,train,1500,30,3pnu_1_B,1
0,train,1500,31,2ece_1_A,1
0,train,1500,32,4rfa_1_B,1
0,train,1500,33,1kdg_1_B,1
0,train,1500,34,5kvm_1_A,1
0,train,1500,35,4xoi_1_B,1
0,train,1500,36,5x8z_1_A,1
0,train,1500,37,2pn2_1_B,1
0,train,1500,38,3pnx_1_A,1
0,train,1500,39,3asl_1_A,1
0,train,1500,40,4z04_1_B,1
0,train,1500,41,5w58_1_A,1
0,train,1500,42,3h7a_1_B,1
0,train,1500,43,5k8s_1_A,1
0,train,1500,44,4dck_1_A,1
0,train,1500,45,3lx7_1_B,1
0,train,1500,46,3en2_1_B,1
0,train,1500,47,2p06_1_B,1
0,train,1500,48,2zkg_1_A,1
0,train,1500,49,5l39_1_D,1
0,train,1500,50,1pix_1_B,1
0,train,1500,51,2iu1_1_A,1
0,train,1500,52,2obn_1_A,1
0,train,1500,53,3w40_1_A,1
0,train,1500,54,3bu9_1_A,1
0,train,1500,55,3afg_1_A,1
0,train,1500,56,3lcr_1_A,1
0,train,1500,57,5weg_1_A,1
0,train,1500,58,4u4p_1_A,1
0,train,1500,59,2qr4_1_B,1
0,train,1500,60,2d68_1_A,1
0,train,1500,61,4cvc_1_A,1
0,train,1500,62,1d7c_1_A,1
0,train,1500,63,2bhk_1_A,1
0,train,1500,64,4wtw_1_A,1
0,train,1500,65,5j5u_1_A,1
0,train,1500,66,3guz_1_A,1
0,train,1500,67,1i4n_1_A,1
0,train,1500,68,3b6z_1_A,1
0,train,1500,69,1twf_1_B,0
0,train,1500,70,2vy9_1_A,1
0,train,1500,71,4r3h_1_A,1
0,train,1500,72,2zif_1_B,1
0,train,1500,73,2egi_1_D,1
0,train,1500,74,2wmm_1_A,1
0,train,1500,75,4k05_1_A,1
0,train,1500,76,4r4k_1_A,1
0,train,1500,77,1wkb_1_A,1
0,train,1500,78,1jji_1_A,1
0,train,1500,79,4ich_1_A,1
0,train,1500,80,4i1k_1_A,1
0,train,1500,81,1f8f_1_A,1
0,train,1500,82,2nq3_1_A,1
0,train,1500,83,3lwt_1_A,1
0,train,1500,84,3f6z_1_D,1
0,train,1500,85,2qsd_1_B,1
0,train,1500,86,3tow_1_A,1
0,train,1500,87,4txd_1_A,1
0,train,1500,88,2w8x_1_B,1
0,train,1500,89,2irp_1_A,1
0,train,1500,90,3sy8_1_C,1
0,train,1500,91,5iol_1_E,1
0,train,1500,92,4uhc_1_A,1
0,train,1500,93,4gos_1_A,1
0,train,1500,94,6eoo_1_A,1
0,train,1500,95,3n2a_1_A,1
0,train,1500,96,4hde_1_A,1
0,train,1500,97,5svd_1_A,1
0,train,1500,98,2fsj_1_A,1
0,train,1500,99,3bfm_1_B,1
0,train,1500,100,1tzd_1_A,1
0,train,1500,101,5ku5_1_B,1
0,train,1500,102,2a1k_1_A,1
0,train,1500,103,4y99_1_C,1
0,train,1500,104,5h6x_1_A,1
0,train,1500,105,5y9s_1_B,1
0,train,1500,106,1tu1_1_B,1
0,train,1500,107,4u6b_1_A,1
0,train,1500,108,3uv0_1_A,1
0,train,1500,109,2gop_1_B,1
0,train,1500,110,2qmw_1_D,1
0,train,1500,111,2i7n_1_A,1
0,train,1500,112,4p47_1_A,1
0,train,1500,113,5t51_1_A,1
0,train,1500,114,1zgx_1_A,1
0,train,1500,115,3f5e_1_A,1
0,train,1500,116,5ea2_1_B,1
0,train,1500,117,5tl5_1_A,1
0,train,1500,118,4h10_1_B,1
0,train,1500,119,4txj_1_B,1
0,train,1500,120,5enc_1_A,1
0,train,1500,121,3clq_1_A,1
0,train,1500,122,2e1f_1_A,1
0,train,1500,123,3sns_1_A,1
0,train,1500,124,4s1v_1_B,1
0,train,1500,125,3f6v_1_B,1
0,train,1500,126,1ni9_1_A,1
0,train,1500,127,4gmo_1_A,1
0,train,1500,128,4j3r_1_A,1
0,train,1500,129,4dlf_1_A,1
0,train,1500,130,5xpv_1_B,1
0,train,1500,131,4cs3_1_A,1
0,train,1500,132,3wra_1_A,1
0,train,1500,133,3zs7_1_B,1
0,train,1500,134,1f47_1_B,1
0,train,1500,135,2qy2_1_A,1
0,train,1500,136,2q52_1_A,1
0,train,1500,137,4mn4_1_A,1
0,train,1500,138,4p92_1_A,1
0,train,1500,139,5yqr_1_A,1
0,train,1500,140,5wsk_1_C,1
0,train,1500,141,3ewm_1_A,1
0,train,1500,142,2ar5_1_A,1
0,train,1500,143,2rd9_1_B,1
0,train,1500,144,3sxu_1_B,1
0,train,1500,145,2dgc_1_B,1
0,train,1500,146,4a3z_1_A,1
0,train,1500,147,3pdg_1_A,1
0,train,1500,148,4m5d_1_B,1
0,train,1500,149,1jb0_1_H,1
0,train,1500,150,4o6m_1_A,1
0,train,1500,151,1ubv_1_A,1
0,train,1500,152,4hwi_1_B,1
0,train,1500,153,2ako_1_B,1
0,train,1500,154,5ojy_1_A,1
0,train,1500,155,2px6_1_A,1
0,train,1500,156,5upm_1_A,1
0,train,1500,157,3byw_1_A,1
0,train,1500,158,5mx1_1_A,1
0,train,1500,159,5h0o_1_A,1
0,train,1500,160,1bzd_1_A,1
0,train,1500,161,2g5z_1_A,1
0,train,1500,162,4mbt_1_A,1
0,train,1500,163,4qo5_1_A,1
0,train,1500,164,1or7_1_A,1
0,train,1500,165,1jdp_1_B,1
0,train,1500,166,4g65_1_B,1
0,train,1500,167,5il7_1_B,1
0,train,1500,168,3njc_1_B,1
0,train,1500,169,4rle_1_A,1
0,train,1500,170,2odm_1_A,1
0,train,1500,171,2i7f_1_A,1
0,train,1500,172,2a1i_1_A,1
0,train,1500,173,4f2l_1_A,1
0,train,1500,174,3rx6_1_B,1
0,train,1500,175,2gt1_1_A,1
0,train,1500,176,4k37_1_A,1
0,train,1500,177,2hkx_1_A,1
0,train,1500,178,4r1h_1_B,1
0,train,1500,179,4nar_1_A,1
0,train,1500,180,3caw_1_B,1
0,train,1500,181,2ppi_1_B,1
0,train,1500,182,4nq0_1_A,1
0,train,1500,183,3is6_1_B,1
0,train,1500,184,4xt0_1_B,1
0,train,1500,185,3tbn_1_A,1
0,train,1500,186,2xuv_1_A,1
0,train,1500,187,5a3a_1_A,1
0,train,1500,188,2p23_1_A,1
0,train,1500,189,3fm8_1_A,1
0,train,1500,190,1jju_1_C,1
0,train,1500,191,4y2g_1_A,1
0,train,1500,192,2ns0_1_A,1
0,train,1500,193,1nvp_1_B,1
0,train,1500,194,2ztb_1_A,1
0,train,1500,195,5tuk_1_A,1
0,train,1500,196,5ean_1_A,0
0,train,1500,197,3ju2_1_A,1
0,train,1500,198,3fah_1_A,1
0,train,1500,199,5xut_1_A,0
0,train,1500,200,4yep_1_B,1
0,train,1500,201,1oyz_1_A,1
0,train,1500,202,1af6_1_A,1
0,train,1500,203,3ef0_1_A,1
0,train,1500,204,5d18_1_A,1
0,train,1500,205,3ceu_1_A,1
0,train,1500,206,4xxb_1_B,1
0,train,1500,207,5v8w_1_A,1
0,train,1500,208,3rjt_1_B,1
0,train,1500,209,5emx_1_A,1
0,train,1500,210,3czx_1_B,1
0,train,1500,211,1ogb_1_B,1
0,train,1500,212,2d5w_1_A,1
0,train,1500,213,4hxe_1_A,1
0,train,1500,214,1ycs_1_B,1
0,train,1500,215,2fs5_1_A,1
0,train,1500,216,3h82_1_B,1
0,train,1500,217,2r6s_1_A,1
0,train,1500,218,1g4w_1_A,1
0,train,1500,219,3gdz_1_A,1
0,train,1500,220,3tc2_1_A,1
0,train,1500,221,5n1a_1_A,1
0,train,1500,222,2d0s_1_A,1
0,train,1500,223,3h51_1_B,1
0,train,1500,224,4nov_1_A,1
0,train,1500,225,2gwn_1_A,1
0,train,1500,226,3ab4_1_D,1
0,train,1500,227,3w21_1_B,1
0,train,1500,228,2p65_1_A,1
0,train,1500,229,4x3n_1_A,1
0,train,1500,230,1vpl_1_B,1
0,train,1500,231,3pu9_1_B,1
0,train,1500,232,3gw2_1_B,1
0,train,1500,233,6f23_1_A,1
0,train,1500,234,3ea0_1_A,1
0,train,1500,235,1ok6_1_A,1
0,train,1500,236,1uc5_1_F,1
0,train,1500,237,3f84_1_A,1
0,train,1500,238,2bo3_1_A,1
0,train,1500,239,2hlr_1_A,1
0,train,1500,240,1zth_1_A,1
0,train,1500,241,5cog_1_A,1
0,train,1500,242,2b5w_1_A,1
0,train,1500,243,3ibx_1_D,1
0,train,1500,244,5a0l_1_A,1
0,train,1500,245,4ifa_1_A,1
0,train,1500,246,1f1s_1_A,1
0,train,1500,247,5cm2_1_B,1
0,train,1500,248,3pxv_1_A,1
0,train,1500,249,3hpx_1_B,1
0,train,1500,250,2ywd_1_A,1
0,train,1500,251,3oq3_1_B,1
0,train,1500,252,2xsk_1_A,1
0,train,1500,253,5gt9_1_B,1
0,train,1500,254,4o1w_1_B,1
0,train,1500,255,4zua_1_B,1
0,train,1500,256,3e37_1_B,1
0,train,1500,257,2r73_1_A,1
0,train,1500,258,2omv_1_A,1
0,train,1500,259,3h74_1_A,1
0,train,1500,260,3mx3_1_A,1
0,train,1500,261,2ci9_1_A,1
0,train,1500,262,5u02_1_A,1
0,train,1500,263,5fzr_1_A,1
0,train,1500,264,3mem_1_A,1
0,train,1500,265,3c5v_1_A,1
0,train,1500,266,3hc1_1_A,1
0,train,1500,267,2oez_1_A,1
0,train,1500,268,3nvq_1_C,1
0,train,1500,269,1yvr_1_A,1
0,train,1500,270,6b8s_1_A,1
0,train,1500,271,4k7r_1_A,1
0,train,1500,272,2fyc_1_A,1
0,train,1500,273,3npf_1_A,1
0,train,1500,274,3lwx_1_A,1
0,train,1500,275,1xhk_1_A,1
0,train,1500,276,3pc2_1_A,1
0,train,1500,277,1usu_1_B,1
0,train,1500,278,5isu_1_A,1
0,train,1500,279,4g0m_1_A,1
0,train,1500,280,4nwb_1_A,1
0,train,1500,281,2bhg_1_A,1
0,train,1500,282,1kae_1_A,1
0,train,1500,283,3ly3_1_A,1
0,train,1500,284,2yjg_1_B,1
0,train,1500,285,5hxk_1_B,1
0,train,1500,286,5tro_1_A,1
0,train,1500,287,3pqh_1_A,1
0,train,1500,288,3sho_1_A,1
0,train,1500,289,3u1x_1_A,1
0,train,1500,290,5o9e_1_A,1
0,train,1500,291,3oov_1_B,1
0,train,1500,292,3c7d_1_A,1
0,train,1500,293,3hwr_1_B,1
0,train,1500,294,4qam_1_A,1
0,train,1500,295,4nv4_1_B,1
0,train,1500,296,1fxk_1_F,1
0,train,1500,297,5ksz_1_A,1
0,train,1500,298,2y0b_1_C,1
0,train,1500,299,3v32_1_A,1
0,train,1500,300,2q7a_1_A,1
0,train,1500,301,2vqe_1_C,1
0,train,1500,302,2qtl_1_A,1
0,train,1500,303,3fsb_1_A,1
0,train,1500,304,5na7_1_A,1
0,train,1500,305,4nfu_1_B,1
0,train,1500,306,1kmo_1_A,1
0,train,1500,307,5h67_1_C,1
0,train,1500,308,2fca_1_A,1
0,train,1500,309,2ooc_1_A,1
0,train,1500,310,2r9a_1_B,1
0,train,1500,311,4ei8_1_A,1
0,train,1500,312,5sxh_1_A,1
0,train,1500,313,1jy2_1_B,1
0,train,1500,314,2jfn_1_A,1
0,train,1500,315,5hma_1_A,1
0,train,1500,316,3ddt_1_A,1
0,train,1500,317,3fgg_1_A,1
0,train,1500,318,4ngc_1_A,1
0,train,1500,319,3my2_1_A,1
0,train,1500,320,3ult_1_A,1
0,train,1500,321,1z2i_1_B,1
0,train,1500,322,3gyc_1_A,1
0,train,1500,323,1qwy_1_A,1
0,train,1500,324,3kk4_1_B,1
0,train,1500,325,3o3l_1_A,1
0,train,1500,326,3d36_1_C,1
0,train,1500,327,4lpq_1_A,1
0,train,1500,328,3h1m_1_A,1
0,train,1500,329,3pg6_1_B,1
0,train,1500,330,2oz8_1_A,1
0,train,1500,331,3mfh_1_A,1
0,train,1500,332,2uwr_1_A,1
0,train,1500,333,4p87_1_A,1
0,train,1500,334,1q0s_1_A,1
0,train,1500,335,5a67_1_A,1
0,train,1500,336,1b4f_1_B,1
0,train,1500,337,4nyn_1_A,1
0,train,1500,338,1qua_1_A,1
0,train,1500,339,3t1w_1_B,1
0,train,1500,340,1gu3_1_B,1
0,train,1500,341,3e80_1_A,1
0,train,1500,342,3s6o_1_C,1
0,train,1500,343,3edv_1_B,1
0,train,1500,344,5tka_1_B,1
0,train,1500,345,4dkk_1_B,1
0,train,1500,346,4kcf_1_A,1
0,train,1500,347,3w2w_1_B,1
0,train,1500,348,1jmc_1_A,1
0,train,1500,349,3q47_1_A,1
0,train,1500,350,6cc0_1_B,1
0,train,1500,351,3m73_1_A,1
0,train,1500,352,3ucx_1_A,1
0,train,1500,353,5je1_1_A,1
0,train,1500,354,5elr_1_B,1
0,train,1500,355,3p7j_1_A,1
0,train,1500,356,3emu_1_A,1
0,train,1500,357,1dc1_1_A,1
0,train,1500,358,4goq_1_A,1
0,train,1500,359,3ixc_1_A,1
0,train,1500,360,4uau_1_A,1
0,train,1500,361,4dip_1_A,1
0,train,1500,362,4lv8_1_A,1
0,train,1500,363,3ois_1_A,1
0,train,1500,364,3ef8_1_A,1
0,train,1500,365,3ujz_1_A,1
0,train,1500,366,4i3m_1_B,1
0,train,1500,367,3d85_1_D,1
0,train,1500,368,5apt_1_B,1
0,train,1500,369,5tjj_1_B,1
0,train,1500,370,2xy1_1_A,1
0,train,1500,371,4l3u_1_A,1
0,train,1500,372,4dq9_1_A,1
0,train,1500,373,1zgh_1_A,1
0,train,1500,374,3lsj_1_B,1
0,train,1500,375,5u4u_1_A,1
0,train,1500,376,3nr5_1_A,1
0,train,1500,377,3dci_1_A,1
0,train,1500,378,3lhh_1_A,1
0,train,1500,379,3mud_1_D,1
0,train,1500,380,4uu6_1_A,1
0,train,1500,381,2psp_1_A,1
0,train,1500,382,5ags_1_A,1
0,train,1500,383,5lzn_1_A,1
0,train,1500,384,3epo_1_B,1
0,train,1500,385,2vn8_1_A,1
0,train,1500,386,5x7m_1_A,1
0,train,1500,387,2vnr_1_A,1
0,train,1500,388,2c4f_1_C,1
0,train,1500,389,2q78_1_B,1
0,train,1500,390,1lya_1_B,1
0,train,1500,391,3dfu_1_B,1
0,train,1500,392,4s3o_1_C,1
0,train,1500,393,4n4u_1_A,1
0,train,1500,394,2puy_1_A,1
0,train,1500,395,5szr_1_A,1
0,train,1500,396,3be4_1_A,1
0,train,1500,397,2fdb_1_A,1
0,train,1500,398,2fdj_1_A,1
0,train,1500,399,3s4l_1_A,1
0,train,1500,400,2xpl_1_A,1
0,train,1500,401,1m93_1_B,1
0,train,1500,402,1pxz_1_A,1
0,train,1500,403,3e59_1_A,1
0,train,1500,404,3ren_1_A,1
0,train,1500,405,3l18_1_A,1
0,train,1500,406,5i20_1_A,1
0,train,1500,407,2y8l_1_B,1
0,train,1500,408,3m2t_1_D,1
0,train,1500,409,3lyg_1_B,1
0,train,1500,410,2hp0_1_A,1
0,train,1500,411,5n4k_1_B,1
0,train,1500,412,1gvn_1_D,1
0,train,1500,413,2xwt_1_C,1
0,train,1500,414,2ewc_1_B,1
0,train,1500,415,3dm8_1_B,1
0,train,1500,416,3t6c_1_A,1
0,train,1500,417,4jyk_1_A,1
0,train,1500,418,2qkd_1_A,1
0,train,1500,419,1ah7_1_A,1
0,train,1500,420,2xsb_1_A,1
0,train,1500,421,3nqz_1_A,1
0,train,1500,422,1vjz_1_A,1
0,train,1500,423,3syy_1_A,1
0,train,1500,424,3qfm_1_B,1
0,train,1500,425,2qh1_1_B,1
0,train,1500,426,1ocx_1_A,1
0,train,1500,427,1np0_1_F,1
0,train,1500,428,1u0t_1_C,1
0,train,1500,429,1x8d_1_B,1
0,train,1500,430,2wdq_1_C,1
0,train,1500,431,5ubm_1_C,1
0,train,1500,432,3lhr_1_A,1
0,train,1500,433,4yeg_1_A,1
0,train,1500,434,2f2f_1_A,1
0,train,1500,435,5ir2_1_A,1
0,train,1500,436,5h28_1_A,1
0,train,1500,437,4unf_1_A,1
0,train,1500,438,5d5w_1_B,1
0,train,1500,439,1k2e_1_A,1
0,train,1500,440,1spp_1_A,1
0,train,1500,441,2fl3_1_A,1
0,train,1500,442,2e1n_1_A,1
0,train,1500,443,1n8y_1_A,1
0,train,1500,444,2xs6_1_B,1
0,train,1500,445,2wu2_1_B,1
0,train,1500,446,3twl_1_A,1
0,train,1500,447,3k6g_1_A,1
0,train,1500,448,3ck2_1_A,1
0,train,1500,449,4r9n_1_A,1
0,train,1500,450,2uy6_1_C,1
0,train,1500,451,4csy_1_A,1
0,train,1500,452,1etp_1_A,1
0,train,1500,453,3sd2_1_B,1
0,train,1500,454,4qnn_1_A,1
0,train,1500,455,2rci_1_A,1
0,train,1500,456,2b0v_1_A,1
0,train,1500,457,4h2p_1_A,1
0,train,1500,458,3qqw_1_A,1
0,train,1500,459,2g7z_1_A,1
0,train,1500,460,2qx0_1_B,1
0,train,1500,461,2vfr_1_A,1
0,train,1500,462,2g39_1_B,1
0,train,1500,463,2qdf_1_A,1
0,train,1500,464,4pab_1_A,1
0,train,1500,465,2cwq_1_A,1
0,train,1500,466,5ju5_1_C,1
0,train,1500,467,19hc_1_A,1
0,train,1500,468,5cff_1_B,1
0,train,1500,469,1go3_1_A,1
0,train,1500,470,1co7_1_B,1
0,train,1500,471,4pzj_1_B,1
0,train,1500,472,5k3q_1_B,1
0,train,1500,473,3f1i_1_C,1
0,train,1500,474,1kyq_1_A,1
0,train,1500,475,1e5m_1_B,1
0,train,1500,476,1eni_1_A,1
0,train,1500,477,3d4o_1_A,1
0,train,1500,478,3gek_1_D,1
0,train,1500,479,2flh_1_A,1
0,train,1500,480,4jj9_1_C,1
0,train,1500,481,2db0_1_A,1
0,train,1500,482,5hb8_1_A,1
0,train,1500,483,3r8r_1_A,1
0,train,1500,484,3h8u_1_B,1
0,train,1500,485,2ekd_1_F,1
0,train,1500,486,4aya_1_B,1
0,train,1500,487,5ewu_1_B,1
0,train,1500,488,3bal_1_A,1
0,train,1500,489,1jsu_1_C,1
0,train,1500,490,2eky_1_B,1
0,train,1500,491,3kqg_1_C,1
0,train,1500,492,4ejr_1_B,1
0,train,1500,493,1cqy_1_A,1
0,train,1500,494,3cc2_1_Y,1
0,train,1500,495,6fpn_1_A,1
0,train,1500,496,5kbp_1_B,1
0,train,1500,497,2agw_1_B,1
0,train,1500,498,2p8e_1_A,1
0,train,1500,499,5fq2_1_B,1
0,train,1500,500,4ex7_1_A,1
0,train,1500,501,4agh_1_B,1
0,train,1500,502,3ibw_1_B,1
0,train,1500,503,3bgo_1_A,1
0,train,1500,504,3exn_1_A,1
0,train,1500,505,6es4_1_B,1
0,train,1500,506,1c5e_1_A,1
0,train,1500,507,5mix_1_A,1
0,train,1500,508,1gug_1_A,1
0,train,1500,509,5d2q_1_A,1
0,train,1500,510,3ejv_1_A,1
0,train,1500,511,2opt_1_A,1
0,train,1500,512,5uzv_1_A,1
0,train,1500,513,3wvr_1_A,1
0,train,1500,514,1ept_1_A,1
0,train,1500,515,1fx2_1_A,1
0,train,1500,516,4f2e_1_A,1
0,train,1500,517,5l8n_1_A,1
0,train,1500,518,1ro7_1_A,1
0,train,1500,519,3w9r_1_A,1
0,train,1500,520,1y4w_1_A,1
0,train,1500,521,3rh0_1_A,1
0,train,1500,522,5do6_1_A,1
0,train,1500,523,2ilk_1_A,1
0,train,1500,524,3r0r_1_0,1
0,train,1500,525,2ota_1_B,1
0,train,1500,526,2x9c_1_A,1
0,train,1500,527,4e1p_1_B,1
0,train,1500,528,4xr9_1_B,1
0,train,1500,529,2ymu_1_A,1
0,train,1500,530,4qfq_1_A,1
0,train,1500,531,4q6v_1_A,1
0,train,1500,532,2a8e_1_A,1
0,train,1500,533,4mig_1_D,1
0,train,1500,534,6cbo_1_B,1
0,train,1500,535,3lpe_1_A,1
0,train,1500,536,2rag_1_B,1
0,train,1500,537,5af0_1_A,1
0,train,1500,538,4k08_1_A,1
0,train,1500,539,8cho_1_A,1
0,train,1500,540,3mgd_1_B,1
0,train,1500,541,3dgp_1_A,1
0,train,1500,542,4itc_1_A,1
0,train,1500,543,2o7a_1_A,1
0,train,1500,544,4xh7_1_A,1
0,train,1500,545,3maj_1_B,1
0,train,1500,546,2vod_1_A,1
0,train,1500,547,2fa1_1_B,1
0,train,1500,548,4u0y_1_A,1
0,train,1500,549,2xvt_1_A,1
0,train,1500,550,4b4s_1_A,1
0,train,1500,551,3pjx_1_A,1
0,train,1500,552,2rcd_1_B,1
0,train,1500,553,3f7q_1_A,1
0,train,1500,554,3sf5_1_C,1
0,train,1500,555,4r7r_1_A,1
0,train,1500,556,1mog_1_A,1
0,train,1500,557,2a03_1_A,1
0,train,1500,558,4h08_1_B,1
0,train,1500,559,2x3l_1_A,1
0,train,1500,560,3koj_1_C,1
0,train,1500,561,1qhh_1_A,1
0,train,1500,562,4jwq_1_A,1
0,train,1500,563,5ju6_1_A,1
0,train,1500,564,4iys_1_A,1
0,train,1500,565,5fgs_1_C,1
0,train,1500,566,3mi3_1_A,1
0,train,1500,567,2h09_1_B,1
0,train,1500,568,1uc7_1_A,1
0,train,1500,569,1woi_1_A,1
0,train,1500,570,6az5_1_A,1
0,train,1500,571,2d1c_1_B,1
0,train,1500,572,4k02_1_A,1
0,train,1500,573,3qqn_1_A,1
0,train,1500,574,5mwk_1_A,0
0,train,1500,575,4zlx_1_B,1
0,train,1500,576,4d9i_1_B,1
0,train,1500,577,2obe_1_A,1
0,train,1500,578,5lgg_1_A,1
0,train,1500,579,5ev1_1_A,1
0,train,1500,580,4g4x_1_A,1
0,train,1500,581,2q0y_1_B,1
0,train,1500,582,3llr_1_A,1
0,train,1500,583,4u2v_1_B,1
0,train,1500,584,1hru_1_B,1
0,train,1500,585,5xbf_1_B,1
0,train,1500,586,5h3l_1_A,1
0,train,1500,587,3kh5_1_A,1
0,train,1500,588,3v10_1_A,1
0,train,1500,589,5bz0_1_A,1
0,train,1500,590,3tgn_1_A,1
0,train,1500,591,6b9x_1_E,1
0,train,1500,592,3h1n_1_A,1
0,train,1500,593,1vrm_1_A,1
0,train,1500,594,4npo_1_B,1
0,train,1500,595,3otx_1_A,1
0,train,1500,596,4ffd_1_A,1
0,train,1500,597,2z66_1_A,1
0,train,1500,598,2wd6_1_A,1
0,train,1500,599,3un6_1_A,1
0,train,1500,600,3rez_1_A,1
0,train,1500,601,2oyp_1_A,1
0,train,1500,602,3k6q_1_B,1
0,train,1500,603,3but_1_B,1
0,train,1500,604,3szg_1_C,1
0,train,1500,605,5hqm_1_A,1
0,train,1500,606,2qzb_1_A,1
0,train,1500,607,4uso_1_B,1
0,train,1500,608,2a4n_1_A,1
0,train,1500,609,4wd8_1_B,1
0,train,1500,610,2d1h_1_B,1
0,train,1500,611,3wpo_1_A,1
0,train,1500,612,3wmt_1_B,1
0,train,1500,613,3cwf_1_B,1
0,train,1500,614,4pli_1_A,1
0,train,1500,615,3nyc_1_A,1
0,train,1500,616,3e0x_1_A,1
0,train,1500,617,1im4_1_A,1
0,train,1500,618,1twf_1_A,0
0,train,1500,619,1tzz_1_A,1
0,train,1500,620,2eyu_1_A,1
0,train,1500,621,5wi2_1_A,1
0,train,1500,622,1gz0_1_A,1
0,train,1500,623,1z8h_1_A,1
0,train,1500,624,4ytk_1_A,1
0,train,1500,625,1qsd_1_B,1
0,train,1500,626,1ojh_1_B,1
0,train,1500,627,4rwr_1_A,1
0,train,1500,628,1hyp_1_A,1
0,train,1500,629,4cqd_1_B,1
0,train,1500,630,3bwx_1_A,1
0,train,1500,631,4j9z_1_A,1
0,train,1500,632,2qkb_1_B,1
0,train,1500,633,1ucr_1_A,1
0,train,1500,634,5u7n_1_A,1
0,train,1500,635,1wyy_1_C,1
0,train,1500,636,5ibz_1_D,1
0,train,1500,637,1v6v_1_B,1
0,train,1500,638,4bou_1_B,1
0,train,1500,639,3lcc_1_A,1
0,train,1500,640,3bf8_1_A,1
0,train,1500,641,4rgw_1_B,1
0,train,1500,642,4ew6_1_B,1
0,train,1500,643,2pju_1_B,1
0,train,1500,644,2b5u_1_A,1
0,train,1500,645,2fr7_1_A,1
0,train,1500,646,4ccv_1_A,1
0,train,1500,647,4ag6_1_A,1
0,train,1500,648,1fhu_1_A,1
0,train,1500,649,3rf6_1_B,1
0,train,1500,650,1ik7_1_A,1
0,train,1500,651,3ho7_1_A,1
0,train,1500,652,1qlw_1_A,1
0,train,1500,653,4hiz_1_A,1
0,train,1500,654,3zzp_1_A,1
0,train,1500,655,1skf_1_A,1
0,train,1500,656,4ph1_1_A,1
0,train,1500,657,1bkj_1_A,1
0,train,1500,658,3h9m_1_A,1
0,train,1500,659,2y8l_1_A,1
0,train,1500,660,3aeh_1_A,1
0,train,1500,661,3ej7_1_F,1
0,train,1500,662,2o6w_1_A,1
0,train,1500,663,5xgb_1_B,1
0,train,1500,664,1lml_1_A,1
0,train,1500,665,4gfi_1_A,1
0,train,1500,666,5xls_1_B,1
0,train,1500,667,5l6e_1_B,1
0,train,1500,668,4jrf_1_A,1
0,train,1500,669,4i7d_1_A,1
0,train,1500,670,4ebk_1_B,1
0,train,1500,671,5ke3_1_A,1
0,train,1500,672,5ohq_1_A,1
0,train,1500,673,2jdj_1_B,1
0,train,1500,674,3ils_1_A,1
0,train,1500,675,1r0d_1_A,1
0,train,1500,676,2qqy_1_A,1
0,train,1500,677,1war_1_A,1
0,train,1500,678,5fqa_1_A,1
0,train,1500,679,5f7q_1_A,1
0,train,1500,680,1dw0_1_A,1
0,train,1500,681,3bhd_1_A,1
0,train,1500,682,3mtj_1_D,1
0,train,1500,683,3dip_1_B,1
0,train,1500,684,1r5q_1_A,1
0,train,1500,685,1ek9_1_A,1
0,train,1500,686,1c7s_1_A,1
0,train,1500,687,5uuj_1_A,1
0,train,1500,688,3fav_1_A,1
0,train,1500,689,2a90_1_A,1
0,train,1500,690,3s6t_1_A,1
0,train,1500,691,5bu0_1_A,1
0,train,1500,692,3hrr_1_A,1
0,train,1500,693,4n13_1_A,1
0,train,1500,694,2yid_1_B,1
0,train,1500,695,3bp3_1_A,1
0,train,1500,696,4dkj_1_A,1
0,train,1500,697,4big_1_A,1
0,train,1500,698,5gs9_1_A,1
0,train,1500,699,4zhv_1_A,1
0,train,1500,700,3clk_1_A,1
0,train,1500,701,3bkh_1_A,1
0,train,1500,702,6cwx_1_B,1
0,train,1500,703,5dmb_1_B,1
0,train,1500,704,1gvj_1_A,1
0,train,1500,705,2uwj_1_D,1
0,train,1500,706,3otn_1_A,1
0,train,1500,707,4gc1_1_A,1
0,train,1500,708,4buc_1_A,1
0,train,1500,709,4iyk_1_A,1
0,train,1500,710,2z0t_1_A,1
0,train,1500,711,1rr7_1_A,1
0,train,1500,712,3fef_1_A,1
0,train,1500,713,1oq1_1_A,1
0,train,1500,714,1r5x_1_A,1
0,train,1500,715,2zd7_1_A,1
0,train,1500,716,4jvu_1_B,1
0,train,1500,717,5lxe_1_B,1
0,train,1500,718,1gvh_1_A,1
0,train,1500,719,2v6h_1_B,1
0,train,1500,720,1nd6_1_A,1
0,train,1500,721,3rb5_1_A,1
0,train,1500,722,4rmx_1_A,1
0,train,1500,723,1vio_1_B,1
0,train,1500,724,1qdm_1_A,1
0,train,1500,725,3vys_1_A,1
0,train,1500,726,2go8_1_B,1
0,train,1500,727,4be3_1_B,1
0,train,1500,728,3zxp_1_A,1
0,train,1500,729,5ls7_1_C,1
0,train,1500,730,3so5_1_A,1
0,train,1500,731,1ezv_1_J,1
0,train,1500,732,4fc4_1_B,1
0,train,1500,733,5f4e_1_A,1
0,train,1500,734,4ldp_1_B,1
0,train,1500,735,5no9_1_A,1
0,train,1500,736,4ihq_1_A,1
0,train,1500,737,3deo_1_A,1
0,train,1500,738,4ok0_1_A,1
0,train,1500,739,2yms_1_A,1
0,train,1500,740,4zv0_1_A,1
0,train,1500,741,3jwj_1_A,1
0,train,1500,742,1dl5_1_B,1
0,train,1500,743,5i9j_1_A,1
0,train,1500,744,3rja_1_A,1
0,train,1500,745,2yv4_1_A,1
0,train,1500,746,3l77_1_A,1
0,train,1500,747,2ism_1_A,1
0,train,1500,748,6b9x_1_A,1
0,train,1500,749,4c92_1_B,1
0,train,1500,750,3d2l_1_A,1
0,train,1500,751,4rhw_1_F,1
0,train,1500,752,1nze_1_A,1
0,train,1500,753,1nsf_1_A,1
0,train,1500,754,1acx_1_A,1
0,train,1500,755,2oee_1_B,1
0,train,1500,756,4yic_1_A,1
0,train,1500,757,3od8_1_B,1
0,train,1500,758,2o26_1_D,1
0,train,1500,759,5o8m_1_A,1
0,train,1500,760,3kea_1_B,1
0,train,1500,761,4f62_1_B,1
0,train,1500,762,2zq5_1_A,1
0,train,1500,763,4iup_1_A,1
0,train,1500,764,4n8o_1_B,1
0,train,1500,765,1ory_1_A,1
0,train,1500,766,3tdv_1_A,1
0,train,1500,767,4mtd_1_D,1
0,train,1500,768,1g8p_1_A,1
0,train,1500,769,2jhe_1_B,1
0,train,1500,770,4awy_1_A,1
0,train,1500,771,2q0t_1_A,1
0,train,1500,772,3flh_1_A,1
0,train,1500,773,4k91_1_A,1
0,train,1500,774,1vk3_1_A,1
0,train,1500,775,5a6k_1_A,1
0,train,1500,776,4ext_1_A,1
0,train,1500,777,4hfk_1_B,1
0,train,1500,778,3rgz_1_A,1
0,train,1500,779,3s3t_1_A,1
0,train,1500,780,1fwk_1_A,1
0,train,1500,781,4nna_1_A,1
0,train,1500,782,5mqi_1_A,1
0,train,1500,783,1mhy_1_D,1
0,train,1500,784,4msp_1_B,1
0,train,1500,785,2h8p_1_D,1
0,train,1500,786,2fno_1_B,1
0,train,1500,787,2a15_1_A,1
0,train,1500,788,1xjc_1_A,1
0,train,1500,789,2p4f_1_A,1
0,train,1500,790,5mzn_1_A,1
0,train,1500,791,4xps_1_B,1
0,train,1500,792,1lqa_1_A,1
0,train,1500,793,3c6a_1_A,1
0,train,1500,794,4o7h_1_B,1
0,train,1500,795,3odn_1_A,1
0,train,1500,796,3r87_1_A,1
0,train,1500,797,3d9k_1_A,1
0,train,1500,798,3szp_1_D,1
0,train,1500,799,3sf5_1_B,1
0,train,1500,800,2j3t_1_C,1
0,train,1500,801,5agy_1_A,1
0,train,1500,802,4bx2_1_A,1
0,train,1500,803,2fiw_1_A,1
0,train,1500,804,1jax_1_A,1
0,train,1500,805,3v9o_1_A,1
0,train,1500,806,4k3a_1_A,1
0,train,1500,807,4jox_1_A,1
0,train,1500,808,5u95_1_A,1
0,train,1500,809,4o3v_1_A,1
0,train,1500,810,4lk4_1_A,1
0,train,1500,811,2wco_1_A,1
0,train,1500,812,3khn_1_B,1
0,train,1500,813,3gjy_1_A,1
0,train,1500,814,6ans_1_B,1
0,train,1500,815,4apm_1_A,1
0,train,1500,816,3out_1_B,1
0,train,1500,817,4znm_1_A,1
0,train,1500,818,5b3l_1_A,1
0,train,1500,819,4emh_1_A,1
0,train,1500,820,3v9r_1_D,1
0,train,1500,821,5w78_1_B,1
0,train,1500,822,5jir_1_A,1
0,train,1500,823,1xt9_1_A,1
0,train,1500,824,3i3l_1_A,1
0,train,1500,825,4rsv_1_A,1
0,train,1500,826,4z0n_1_A,1
0,train,1500,827,5caj_1_A,1
0,train,1500,828,4u5y_1_A,1
0,train,1500,829,1qip_1_B,1
0,train,1500,830,2v62_1_A,1
0,train,1500,831,3a1j_1_C,1
0,train,1500,832,2ojh_1_A,1
0,train,1500,833,3gra_1_B,1
0,train,1500,834,5w2f_1_A,1
0,train,1500,835,4xom_1_A,1
0,train,1500,836,1nmo_1_A,1
0,train,1500,837,2pom_1_A,1
0,train,1500,838,4q35_1_A,1
0,train,1500,839,5ejr_1_A,1
0,train,1500,840,1rfe_1_A,1
0,train,1500,841,3w1b_1_A,1
0,train,1500,842,2zpa_1_A,1
0,train,1500,843,5hyh_1_A,1
0,train,1500,844,3gzr_1_B,1
0,train,1500,845,3gio_1_A,1
0,train,1500,846,1urn_1_A,1
0,train,1500,847,3k7b_1_A,1
0,train,1500,848,4nzz_1_A,1
0,train,1500,849,3i87_1_A,1
0,train,1500,850,1y8x_1_B,1
0,train,1500,851,3c9z_1_A,1
0,train,1500,852,2nxn_1_A,1
0,train,1500,853,5aib_1_A,1
0,train,1500,854,5t05_1_A,1
0,train,1500,855,3k9c_1_A,1
0,train,1500,856,3llh_1_A,1
0,train,1500,857,5gyf_1_A,1
0,train,1500,858,5dik_1_A,1
0,train,1500,859,4jo0_1_A,1
0,train,1500,860,4xt6_1_B,1
0,train,1500,861,2yiz_1_A,1
0,train,1500,862,3eau_1_A,1
0,train,1500,863,2q83_1_A,1
0,train,1500,864,4us7_1_A,1
0,train,1500,865,3ryc_1_B,1
0,train,1500,866,5u4p_1_A,1
0,train,1500,867,3fav_1_B,1
0,train,1500,868,3o2t_1_A,1
0,train,1500,869,4u5y_1_B,1
0,train,1500,870,3cg7_1_A,1
0,train,1500,871,1tu9_1_A,1
0,train,1500,872,4we0_1_A,1
0,train,1500,873,2je0_1_A,1
0,train,1500,874,3vbm_1_C,1
0,train,1500,875,2p1r_1_B,1
0,train,1500,876,4d0n_1_B,1
0,train,1500,877,4owl_1_D,1
0,train,1500,878,4it4_1_A,1
0,train,1500,879,4y93_1_A,1
0,train,1500,880,5fma_1_A,1
0,train,1500,881,3fyb_1_B,1
0,train,1500,882,5w7a_1_A,1
0,train,1500,883,4c98_1_B,1
0,train,1500,884,5lb3_1_A,1
0,train,1500,885,2ra2_1_A,1
0,train,1500,886,1t6a_1_A,1
0,train,1500,887,5ncx_1_A,1
0,train,1500,888,4onz_1_A,1
0,train,1500,889,1u2m_1_A,1
0,train,1500,890,2v7s_1_B,1
0,train,1500,891,5my7_1_A,1
0,train,1500,892,4jph_1_A,1
0,train,1500,893,1q8b_1_B,1
0,train,1500,894,2qpx_1_A,1
0,train,1500,895,3b1o_1_A,1
0,train,1500,896,5nkm_1_B,1
0,train,1500,897,1ybx_1_A,1
0,train,1500,898,4zgp_1_A,1
0,train,1500,899,1j1f_1_A,1
0,train,1500,900,4f9a_1_A,1
0,train,1500,901,4v24_1_A,1
0,train,1500,902,5ijl_1_A,1
0,train,1500,903,1go3_1_B,1
0,train,1500,904,5vg2_1_A,1
0,train,1500,905,3bjx_1_B,1
0,train,1500,906,2d81_1_A,1
0,train,1500,907,1dvo_1_A,1
0,train,1500,908,5c9z_1_B,1
0,train,1500,909,3oa8_1_B,1
0,train,1500,910,3obk_1_A,1
0,train,1500,911,3jy6_1_B,1
0,train,1500,912,3oxh_1_A,1
0,train,1500,913,2a2j_1_B,1
0,train,1500,914,3kaj_1_A,1
0,train,1500,915,4kg8_1_C,1
0,train,1500,916,5egj_1_A,1
0,train,1500,917,2ox1_1_B,1
0,train,1500,918,1hn0_1_A,1
0,train,1500,919,1omx_1_A,1
0,train,1500,920,2fsx_1_A,1
0,train,1500,921,4gwo_1_A,1
0,train,1500,922,3q8f_1_A,1
0,train,1500,923,1z6u_1_A,1
0,train,1500,924,1ow1_1_A,1
0,train,1500,925,2zds_1_B,1
0,train,1500,926,3cz8_1_B,1
0,train,1500,927,4rxj_1_B,1
0,train,1500,928,5gt1_1_A,1
0,train,1500,929,4dy0_1_A,1
0,train,1500,930,4m59_1_B,1
0,train,1500,931,1ynp_1_A,1
0,train,1500,932,2occ_1_G,1
0,train,1500,933,4yds_1_A,1
0,train,1500,934,4nqw_1_B,1
0,train,1500,935,4phq_1_A,1
0,train,1500,936,3d5l_1_A,1
0,train,1500,937,3o13_1_A,1
0,train,1500,938,3l4e_1_A,1
0,train,1500,939,3gxr_1_A,1
0,train,1500,940,2w53_1_B,1
0,train,1500,941,3q87_1_B,1
0,train,1500,942,2qjx_1_A,1
0,train,1500,943,3vay_1_B,1
0,train,1500,944,3aka_1_A,1
0,train,1500,945,4cw5_1_A,1
0,train,1500,946,3go9_1_A,1
0,train,1500,947,2d1g_1_B,1
0,train,1500,948,2dec_1_A,1
0,train,1500,949,3f52_1_B,1
0,train,1500,950,3a2e_1_A,1
0,train,1500,951,1ulv_1_A,1
0,train,1500,952,2yil_1_A,1
0,train,1500,953,4wky_1_B,1
0,train,1500,954,4n6j_1_B,1
0,train,1500,955,3exi_1_C,1
0,train,1500,956,2f31_1_A,1
0,train,1500,957,2g2c_1_A,1
0,train,1500,958,2xon_1_A,1
0,train,1500,959,1bfa_1_A,1
0,train,1500,960,2q4e_1_B,1
0,train,1500,961,2qmm_1_B,1
0,train,1500,962,4pem_1_B,1
0,train,1500,963,4l7q_1_A,1
0,train,1500,964,2aj6_1_A,1
0,train,1500,965,2i1o_1_A,1
0,train,1500,966,3bfx_1_A,1
0,train,1500,967,3tqk_1_B,1
0,train,1500,968,5dni_1_A,1
0,train,1500,969,1sgm_1_B,1
0,train,1500,970,1r2j_1_A,1
0,train,1500,971,4eij_1_A,1
0,train,1500,972,5loy_1_B,1
0,train,1500,973,1ukf_1_A,1
0,train,1500,974,3eef_1_A,1
0,train,1500,975,1z5a_1_A,1
0,train,1500,976,1z82_1_B,1
0,train,1500,977,2x29_1_A,1
0,train,1500,978,4cnl_1_A,1
0,train,1500,979,2r7h_1_A,1
0,train,1500,980,2rhf_1_A,1
0,train,1500,981,5hyb_1_A,1
0,train,1500,982,2odl_1_A,1
0,train,1500,983,3dxs_1_A,1
0,train,1500,984,3x15_1_A,1
0,train,1500,985,5c8h_1_A,1
0,train,1500,986,5v7p_1_A,1
0,train,1500,987,1x7o_1_B,1
0,train,1500,988,3c4b_1_B,1
0,train,1500,989,2egi_1_B,1
0,train,1500,990,3i2g_1_A,1
0,train,1500,991,4lvj_1_A,1
0,train,1500,992,2a39_1_A,1
0,train,1500,993,4fxx_1_A,1
0,train,1500,994,5t5i_1_D,1
0,train,1500,995,1eaj_1_A,1
0,train,1500,996,2od0_1_B,1
0,train,1500,997,3zd9_1_A,1
0,train,1500,998,3rrl_1_D,1
0,train,1500,999,2i4l_1_B,1
0,train,1500,1000,4d86_1_A,1
0,train,1500,1001,3zf8_1_B,1
0,train,1500,1002,3ing_1_B,1
0,train,1500,1003,2dyj_1_A,1
0,train,1500,1004,1xed_1_A,1
0,train,1500,1005,4ehc_1_A,1
0,train,1500,1006,5a74_1_B,1
0,train,1500,1007,4lqd_1_B,1
0,train,1500,1008,5vkm_1_A,1
0,train,1500,1009,2qgs_1_A,1
0,train,1500,1010,3l20_1_A,1
0,train,1500,1011,5udl_1_A,1
0,train,1500,1012,3nrv_1_A,1
0,train,1500,1013,3stp_1_A,1
0,train,1500,1014,4moz_1_D,1
0,train,1500,1015,1isu_1_B,1
0,train,1500,1016,4qjk_1_A,1
0,train,1500,1017,3qxc_1_A,1
0,train,1500,1018,3dao_1_A,1
0,train,1500,1019,2xts_1_C,1
0,train,1500,1020,1nzn_1_A,1
0,train,1500,1021,2h0u_1_B,1
0,train,1500,1022,2g7g_1_B,1
0,train,1500,1023,1cf2_1_A,1
0,train,1500,1024,3ztv_1_A,1
0,train,1500,1025,5ys3_1_A,1
0,train,1500,1026,3a24_1_A,1
0,train,1500,1027,3lqn_1_A,1
0,train,1500,1028,5ug7_1_A,1
0,train,1500,1029,2f5k_1_A,1
0,train,1500,1030,5ig8_1_B,1
0,train,1500,1031,2h6b_1_A,1
0,train,1500,1032,4m7s_1_A,1
0,train,1500,1033,4bfk_1_B,1
0,train,1500,1034,3t8k_1_B,1
0,train,1500,1035,5sv5_1_A,1
0,train,1500,1036,1ze3_1_C,1
0,train,1500,1037,3mj6_1_A,1
0,train,1500,1038,5u4q_1_B,1
0,train,1500,1039,3c4a_1_A,1
0,train,1500,1040,3g1w_1_B,1
0,train,1500,1041,3jyb_1_A,1
0,train,1500,1042,4m36_1_A,1
0,train,1500,1043,3bdw_1_B,1
0,train,1500,1044,2zts_1_A,1
0,train,1500,1045,3sek_1_D,1
0,train,1500,1046,1ijw_1_A,1
0,train,1500,1047,2oit_1_A,1
0,train,1500,1048,5yl7_1_A,1
0,train,1500,1049,3jui_1_A,1
0,train,1500,1050,3dea_1_A,1
0,train,1500,1051,3gm5_1_B,1
0,train,1500,1052,5b2t_1_A,0
0,train,1500,1053,2wtm_1_B,1
0,train,1500,1054,5mgw_1_A,1
0,train,1500,1055,1q9b_1_A,1
0,train,1500,1056,4cmr_1_A,1
0,train,1500,1057,1o6d_1_A,1
0,train,1500,1058,3ewo_1_A,1
0,train,1500,1059,3s97_1_B,1
0,train,1500,1060,3g8y_1_A,1
0,train,1500,1061,3kox_1_A,1
0,train,1500,1062,1qrv_1_B,1
0,train,1500,1063,4rd7_1_B,1
0,train,1500,1064,3do8_1_B,1
0,train,1500,1065,5i4e_1_A,1
0,train,1500,1066,3fhf_1_A,1
0,train,1500,1067,5nus_1_B,1
0,train,1500,1068,4rfq_1_B,1
0,train,1500,1069,2w80_1_B,1
0,train,1500,1070,3gwi_1_A,1
0,train,1500,1071,2d16_1_A,1
0,train,1500,1072,1cp9_1_A,1
0,train,1500,1073,5upk_1_A,1
0,train,1500,1074,2jd4_1_A,1
0,train,1500,1075,3t0y_1_A,1
0,train,1500,1076,1em9_1_A,1
0,train,1500,1077,3i7m_1_A,1
0,train,1500,1078,2v94_1_A,1
0,train,1500,1079,2dji_1_A,1
0,train,1500,1080,3c25_1_B,1
0,train,1500,1081,1jj2_1_a,1
0,train,1500,1082,4rlc_1_A,1
0,train,1500,1083,3r3p_1_A,1
0,train,1500,1084,2nxf_1_A,1
0,train,1500,1085,2ox5_1_A,1
0,train,1500,1086,5xfr_1_B,1
0,train,1500,1087,2ann_1_A,1
0,train,1500,1088,4phb_1_A,1
0,train,1500,1089,4ynl_1_B,1
0,train,1500,1090,2jaq_1_B,1
0,train,1500,1091,4hr3_1_A,1
0,train,1500,1092,5gv7_1_A,1
0,train,1500,1093,1wm5_1_A,1
0,train,1500,1094,3hmf_1_A,1
0,train,1500,1095,4eae_1_A,1
0,train,1500,1096,3fir_1_A,1
0,train,1500,1097,3kwc_1_A,1
0,train,1500,1098,1v3z_1_A,1
0,train,1500,1099,4eo9_1_A,1
0,train,1500,1100,5mxz_1_A,1
0,train,1500,1101,3iwg_1_B,1
0,train,1500,1102,2y4x_1_A,1
0,train,1500,1103,2ymv_1_A,1
0,train,1500,1104,2hvw_1_A,1
0,train,1500,1105,6fth_1_A,1
0,train,1500,1106,2nn4_1_A,1
0,train,1500,1107,1hgu_1_A,1
0,train,1500,1108,4bso_1_A,1
0,train,1500,1109,3p3c_1_A,1
0,train,1500,1110,4jjh_1_A,1
0,train,1500,1111,4fek_1_A,1
0,train,1500,1112,3gtz_1_A,1
0,train,1500,1113,3sql_1_B,1
0,train,1500,1114,1np0_1_E,1
0,train,1500,1115,1r7l_1_A,1
0,train,1500,1116,1j6r_1_A,1
0,train,1500,1117,5vxz_1_A,1
0,train,1500,1118,1mve_1_A,1
0,train,1500,1119,4i1s_1_A,1
0,train,1500,1120,6eji_1_A,1
0,train,1500,1121,2gge_1_D,1
0,train,1500,1122,4x00_1_A,1
0,train,1500,1123,3vdz_1_A,1
0,train,1500,1124,4q98_1_A,1
0,train,1500,1125,5uqd_1_A,1
0,train,1500,1126,2uvk_1_A,1
0,train,1500,1127,4dri_1_B,1
0,train,1500,1128,2qu8_1_A,1
0,train,1500,1129,3d6r_1_B,1
0,train,1500,1130,2pge_1_A,1
0,train,1500,1131,4ymr_1_B,1
0,train,1500,1132,3qh2_1_B,1
0,train,1500,1133,3op6_1_B,1
0,train,1500,1134,2ret_1_G,1
0,train,1500,1135,4ee6_1_A,1
0,train,1500,1136,4geg_1_A,1
0,train,1500,1137,3dup_1_B,1
0,train,1500,1138,3py9_1_A,1
0,train,1500,1139,5uts_1_A,1
0,train,1500,1140,3imo_1_B,1
0,train,1500,1141,1b5f_1_C,1
0,train,1500,1142,1y4j_1_A,1
0,train,1500,1143,2i1j_1_A,1
0,train,1500,1144,3dkp_1_A,1
0,train,1500,1145,4c60_1_B,1
0,train,1500,1146,2h2a_1_B,1
0,train,1500,1147,3liu_1_A,1
0,train,1500,1148,1tsf_1_A,1
0,train,1500,1149,1s3z_1_A,1
0,train,1500,1150,3fpn_1_B,1
0,train,1500,1151,3p1x_1_A,1
0,train,1500,1152,1h98_1_A,1
0,train,1500,1153,4a5k_1_B,1
0,train,1500,1154,4k6l_1_F,1
0,train,1500,1155,4rta_1_A,1
0,train,1500,1156,4ay9_1_A,1
0,train,1500,1157,5wzq_1_A,1
0,train,1500,1158,1ka9_1_A,1
0,train,1500,1159,1n97_1_A,1
0,train,1500,1160,3olo_1_B,1
0,train,1500,1161,4csb_1_A,1
0,train,1500,1162,3mk5_1_A,1
0,train,1500,1163,3shs_1_A,1
0,train,1500,1164,1q7l_1_A,1
0,train,1500,1165,1fzy_1_A,1
0,train,1500,1166,3f2h_1_A,1
0,train,1500,1167,4hh3_1_B,1
0,train,1500,1168,4poi_1_A,1
0,train,1500,1169,3iwc_1_B,1
0,train,1500,1170,4y7u_1_A,1
0,train,1500,1171,3r84_1_B,1
0,train,1500,1172,2oxo_1_A,1
0,train,1500,1173,3qfw_1_A,1
0,train,1500,1174,2dqa_1_A,1
0,train,1500,1175,1gpl_1_A,1
0,train,1500,1176,4cvh_1_B,1
0,train,1500,1177,2oy9_1_B,1
0,train,1500,1178,3idh_1_A,1
0,train,1500,1179,5fr7_1_B,1
0,train,1500,1180,3mgb_1_A,1
0,train,1500,1181,5ivu_1_A,1
0,train,1500,1182,5yfb_1_A,1
0,train,1500,1183,6b8w_1_B,1
0,train,1500,1184,1tu3_1_C,1
0,train,1500,1185,2wao_1_A,1
0,train,1500,1186,3gxw_1_A,1
0,train,1500,1187,3t7h_1_A,1
0,train,1500,1188,3bhq_1_B,1
0,train,1500,1189,2eg5_1_B,1
0,train,1500,1190,1eok_1_A,1
0,train,1500,1191,3lki_1_B,1
0,train,1500,1192,2v4b_1_A,1
0,train,1500,1193,2xme_1_A,1
0,train,1500,1194,4pqh_1_A,1
0,train,1500,1195,5hxy_1_A,1
0,train,1500,1196,2c62_1_A,1
0,train,1500,1197,1d5t_1_A,1
0,train,1500,1198,1zso_1_A,1
0,train,1500,1199,3cgz_1_A,1
0,train,1500,1200,1qd1_1_A,1
0,train,1500,1201,3sov_1_A,1
0,train,1500,1202,3nqp_1_A,1
0,train,1500,1203,3nwr_1_B,1
0,train,1500,1204,2ns9_1_B,1
0,train,1500,1205,3lhl_1_A,1
0,train,1500,1206,5d3a_1_A,1
0,train,1500,1207,3ozx_1_A,1
0,train,1500,1208,5wee_1_B,1
0,train,1500,1209,5a53_1_A,1
0,train,1500,1210,5x42_1_B,1
0,train,1500,1211,1wnf_1_B,1
0,train,1500,1212,3r4r_1_A,1
0,train,1500,1213,3b5k_1_A,1
0,train,1500,1214,5nbg_1_B,1
0,train,1500,1215,4ize_1_A,1
0,train,1500,1216,2r4i_1_B,1
0,train,1500,1217,2waa_1_A,1
0,train,1500,1218,4gll_1_B,1
0,train,1500,1219,2f2h_1_A,1
0,train,1500,1220,2iv9_1_A,1
0,train,1500,1221,4ygs_1_A,1
0,train,1500,1222,2fdn_1_A,1
0,train,1500,1223,3hty_1_A,1
0,train,1500,1224,1p0h_1_A,1
0,train,1500,1225,3okg_1_A,1
0,train,1500,1226,2iz7_1_A,1
0,train,1500,1227,1qvc_1_D,1
0,train,1500,1228,4mah_1_A,1
0,train,1500,1229,3ndq_1_A,1
0,train,1500,1230,3gis_1_C,1
0,train,1500,1231,3gbj_1_A,1
0,train,1500,1232,5lly_1_B,1
0,train,1500,1233,5a4p_1_A,1
0,train,1500,1234,6eid_1_B,1
0,train,1500,1235,2yxx_1_A,1
0,train,1500,1236,4afk_1_A,1
0,train,1500,1237,3vr4_1_B,1
0,train,1500,1238,4yzt_1_A,1
0,train,1500,1239,2q9q_1_B,1
0,train,1500,1240,1iv1_1_A,1
0,train,1500,1241,3k4g_1_A,1
0,train,1500,1242,4hly_1_A,1
0,train,1500,1243,3qta_1_B,1
0,train,1500,1244,2oyn_1_A,1
0,train,1500,1245,2au3_1_A,1
0,train,1500,1246,1mbm_1_A,1
0,train,1500,1247,2rg8_1_A,1
0,train,1500,1248,2rdc_1_A,1
0,train,1500,1249,1o9q_1_A,1
0,train,1500,1250,3lyw_1_A,1
0,train,1500,1251,3ldy_1_A,1
0,train,1500,1252,2b5i_1_D,1
0,train,1500,1253,3gd9_1_A,1
0,train,1500,1254,3ilk_1_B,1
0,train,1500,1255,3v9x_1_B,1
0,train,1500,1256,3qvo_1_A,1
0,train,1500,1257,2vqe_1_O,1
0,train,1500,1258,4c4k_1_A,1
0,train,1500,1259,4aw7_1_A,1
0,train,1500,1260,2iya_1_A,1
0,train,1500,1261,1zel_1_A,1
0,train,1500,1262,4liz_1_A,1
0,train,1500,1263,3m03_1_A,1
0,train,1500,1264,3tm5_1_A,1
0,train,1500,1265,1ei5_1_B,1
0,train,1500,1266,1wa5_1_C,1
0,train,1500,1267,4maf_1_B,1
0,train,1500,1268,1j5y_1_A,1
0,train,1500,1269,5ja9_1_B,1
0,train,1500,1270,5a3d_1_B,1
0,train,1500,1271,1taq_1_A,1
0,train,1500,1272,2f3c_1_B,1
0,train,1500,1273,3v6i_1_A,1
0,train,1500,1274,5iga_1_A,1
0,train,1500,1275,3zbp_1_A,1
0,train,1500,1276,5vxd_1_A,1
0,train,1500,1277,4k6h_1_A,1
0,train,1500,1278,4xla_1_A,1
0,train,1500,1279,1lw1_1_A,1
0,train,1500,1280,1o5e_1_B,1
0,train,1500,1281,6fg8_1_A,1
0,train,1500,1282,5uzm_1_A,1
0,train,1500,1283,3moq_1_A,1
0,train,1500,1284,3g43_1_F,1
0,train,1500,1285,4b62_1_A,1
0,train,1500,1286,2pnk_1_A,1
0,train,1500,1287,4yt2_1_A,1
0,train,1500,1288,2q2b_1_A,1
0,train,1500,1289,3q4r_1_A,1
0,train,1500,1290,2nw0_1_A,1
0,train,1500,1291,2a3n_1_B,1
0,train,1500,1292,1hp7_1_A,1
0,train,1500,1293,3stv_1_B,1
0,train,1500,1294,3vat_1_A,1
0,train,1500,1295,2b7u_1_A,1
0,train,1500,1296,1wwz_1_B,1
0,train,1500,1297,5t3p_1_C,1
0,train,1500,1298,2iaf_1_A,1
0,train,1500,1299,3t8b_1_B,1
0,train,1500,1300,2f82_1_A,1
0,train,1500,1301,5vu3_1_B,1
0,train,1500,1302,3knz_1_B,1
0,train,1500,1303,1b4a_1_A,1
0,train,1500,1304,3vx3_1_B,1
0,train,1500,1305,4d2k_1_A,1
0,train,1500,1306,2imh_1_A,1
0,train,1500,1307,3c4n_1_B,1
0,train,1500,1308,3jys_1_A,1
0,train,1500,1309,2ea1_1_A,1
0,train,1500,1310,3ay3_1_A,1
0,train,1500,1311,2dch_1_A,1
0,train,1500,1312,5v3m_1_A,1
0,train,1500,1313,4a37_1_A,1
0,train,1500,1314,2a9u_1_B,1
0,train,1500,1315,2pfz_1_A,1
0,train,1500,1316,4q3b_1_A,1
0,train,1500,1317,4ldz_1_B,1
0,train,1500,1318,2dvn_1_A,1
0,train,1500,1319,3nx4_1_A,1
0,train,1500,1320,3p2y_1_B,1
0,train,1500,1321,3gq2_1_A,1
0,train,1500,1322,3bpj_1_A,1
0,train,1500,1323,3s35_1_C,1
0,train,1500,1324,1ktz_1_C,1
0,train,1500,1325,2amh_1_A,1
0,train,1500,1326,2a1x_1_A,1
0,train,1500,1327,3lyu_1_B,1
0,train,1500,1328,2scp_1_B,1
0,train,1500,1329,2fo3_1_A,1
0,train,1500,1330,1k6x_1_A,1
0,train,1500,1331,6f74_1_A,1
0,train,1500,1332,1cr5_1_A,1
0,train,1500,1333,3lnb_1_A,1
0,train,1500,1334,4k2o_1_A,1
0,train,1500,1335,5aon_1_A,1
0,train,1500,1336,2e7v_1_A,1
0,train,1500,1337,2hqs_1_A,1
0,train,1500,1338,1jb0_1_I,1
0,train,1500,1339,3uqs_1_A,1
0,train,1500,1340,4pki_1_B,1
0,train,1500,1341,4e16_1_B,1
0,train,1500,1342,3pvc_1_A,1
0,train,1500,1343,3gwy_1_A,1
0,train,1500,1344,3guy_1_A,1
0,train,1500,1345,1ic2_1_B,1
0,train,1500,1346,3bf4_1_B,1
0,train,1500,1347,2pkd_1_A,1
0,train,1500,1348,6f9n_1_A,0
0,train,1500,1349,5lqd_1_B,1
0,train,1500,1350,2o4a_1_A,1
0,train,1500,1351,3dn7_1_A,1
0,train,1500,1352,2fcw_1_A,1
0,train,1500,1353,4fz4_1_A,1
0,train,1500,1354,2faw_1_A,1
0,train,1500,1355,1ajc_1_B,1
0,train,1500,1356,5wxx_1_B,1
0,train,1500,1357,4wcx_1_A,1
0,train,1500,1358,3ufi_1_A,1
0,train,1500,1359,2cpg_1_A,1
0,train,1500,1360,3k8u_1_A,1
0,train,1500,1361,4dnh_1_A,1
0,train,1500,1362,1rhf_1_A,1
0,train,1500,1363,5e7g_1_A,1
0,train,1500,1364,4lsb_1_A,1
0,train,1500,1365,1xov_1_A,1
0,train,1500,1366,2il5_1_A,1
0,train,1500,1367,2vz5_1_A,1
0,train,1500,1368,2es4_1_B,1
0,train,1500,1369,2qru_1_A,1
0,train,1500,1370,5h5t_1_A,1
0,train,1500,1371,3oug_1_D,1
0,train,1500,1372,4cnk_1_A,1
0,train,1500,1373,5v2z_1_A,1
0,train,1500,1374,2i7g_1_A,1
0,train,1500,1375,5gmt_1_A,1
0,train,1500,1376,4zos_1_B,1
0,train,1500,1377,5fie_1_A,1
0,train,1500,1378,1q8c_1_A,1
0,train,1500,1379,4i3x_1_A,1
0,train,1500,1380,5aza_1_A,1
0,train,1500,1381,5ov9_1_A,1
0,train,1500,1382,2blf_1_B,1
0,train,1500,1383,6ei3_1_A,1
0,train,1500,1384,1y0u_1_B,1
0,train,1500,1385,2orz_1_A,1
0,train,1500,1386,3qua_1_A,1
0,train,1500,1387,3n6y_1_A,1
0,train,1500,1388,3f7s_1_B,1
0,train,1500,1389,3qay_1_A,1
0,train,1500,1390,3c05_1_A,1
0,train,1500,1391,3t6o_1_A,1
0,train,1500,1392,3nph_1_A,1
0,train,1500,1393,3bhn_1_B,1
0,train,1500,1394,2ii2_1_A,1
0,train,1500,1395,2q0e_1_A,1
0,train,1500,1396,1sfe_1_A,1
0,train,1500,1397,2io9_1_A,1
0,train,1500,1398,3ud2_1_A,1
0,train,1500,1399,3b2s_1_A,1
0,train,1500,1400,6fbk_1_A,1
0,train,1500,1401,5ew6_1_A,1
0,train,1500,1402,4r42_1_C,1
0,train,1500,1403,3gbg_1_A,1
0,train,1500,1404,2hdi_1_A,1
0,train,1500,1405,3cs5_1_B,1
0,train,1500,1406,1n57_1_A,1
0,train,1500,1407,1r6k_1_A,1
0,train,1500,1408,3c0w_1_A,1
0,train,1500,1409,3fs2_1_D,1
0,train,1500,1410,3ne8_1_B,1
0,train,1500,1411,4bj4_1_A,1
0,train,1500,1412,4muo_1_B,1
0,train,1500,1413,4jnj_1_A,1
0,train,1500,1414,4y7o_1_B,1
0,train,1500,1415,5i97_1_B,1
0,train,1500,1416,2byo_1_A,1
0,train,1500,1417,3hug_1_C,1
0,train,1500,1418,2r3v_1_A,1
0,train,1500,1419,1psw_1_A,1
0,train,1500,1420,1h3f_1_A,1
0,train,1500,1421,3x3f_1_A,1
0,train,1500,1422,5l2x_1_A,1
0,train,1500,1423,2fur_1_B,1
0,train,1500,1424,4tve_1_A,1
0,train,1500,1425,2fe1_1_B,1
0,train,1500,1426,3v75_1_B,1
0,train,1500,1427,2z72_1_A,1
0,train,1500,1428,3bks_1_A,1
0,train,1500,1429,3wyd_1_B,1
0,train,1500,1430,2pbl_1_A,1
0,train,1500,1431,4nzg_1_A,1
0,train,1500,1432,5gq1_1_A,1
0,train,1500,1433,5ex3_1_A,1
0,train,1500,1434,4fu0_1_B,1
0,train,1500,1435,3d2m_1_A,1
0,train,1500,1436,5d6t_1_A,1
0,train,1500,1437,1feu_1_A,1
0,train,1500,1438,1pzs_1_B,1
0,train,1500,1439,2di3_1_B,1
0,train,1500,1440,5fjq_1_A,1
0,train,1500,1441,3kyq_1_A,1
0,train,1500,1442,5evy_1_A,1
0,train,1500,1443,2g62_1_A,1
0,train,1500,1444,2hsj_1_B,1
0,train,1500,1445,5h1w_1_A,1
0,train,1500,1446,3kfw_1_A,1
0,train,1500,1447,5e7q_1_B,1
0,train,1500,1448,4v2b_1_A,1
0,train,1500,1449,2q5w_1_A,1
0,train,1500,1450,3k7n_1_A,1
0,train,1500,1451,1fye_1_A,1
0,train,1500,1452,3g13_1_B,1
0,train,1500,1453,2e3v_1_A,1
0,train,1500,1454,5hfs_1_B,1
0,train,1500,1455,4nkp_1_B,1
0,train,1500,1456,1h59_1_B,1
0,train,1500,1457,1hkf_1_B,1
0,train,1500,1458,1fbn_1_A,1
0,train,1500,1459,2yhy_1_A,1
0,train,1500,1460,3a76_1_B,1
0,train,1500,1461,1ve3_1_B,1
0,train,1500,1462,1who_1_A,1
0,train,1500,1463,5ul4_1_A,1
0,train,1500,1464,3a1f_1_A,1
0,train,1500,1465,1kon_1_A,1
0,train,1500,1466,2w9y_1_A,1
0,train,1500,1467,4bvy_1_A,1
0,train,1500,1468,3n9y_1_B,1
0,train,1500,1469,4ed4_1_A,1
0,train,1500,1470,2j1l_1_A,1
0,train,1500,1471,4pgo_1_A,1
0,train,1500,1472,3hrd_1_F,1
0,train,1500,1473,5l31_1_C,1
0,train,1500,1474,4j8s_1_A,1
0,train,1500,1475,1tp6_1_A,1
0,train,1500,1476,1wkc_1_A,1
0,train,1500,1477,3uv1_1_B,1
0,train,1500,1478,2vbk_1_A,1
0,train,1500,1479,2y32_1_C,1
0,train,1500,1480,2h89_1_D,1
0,train,1500,1481,3omg_1_A,1
0,train,1500,1482,3ucp_1_A,1
0,train,1500,1483,4xup_1_A,1
0,train,1500,1484,2vxp_1_A,1
0,train,1500,1485,2w58_1_B,1
0,train,1500,1486,2wu2_1_D,1
0,train,1500,1487,3hp7_1_A,1
0,train,1500,1488,5k0p_1_A,1
0,train,1500,1489,3wi5_1_A,1
0,train,1500,1490,3hi9_1_A,1
0,train,1500,1491,4pem_1_A,1
0,train,1500,1492,4mc3_1_A,1
0,train,1500,1493,4ack_1_A,1
0,train,1500,1494,3mkq_1_E,1
0,train,1500,1495,1upk_1_A,1
0,train,1500,1496,3oi8_1_B,1
0,train,1500,1497,3qcp_1_A,1
0,train,1500,1498,2p97_1_B,1
0,train,1500,1499,1ohe_1_A,1
0,train,3000,0,5e72_1_A,1
0,train,3000,1,3bcv_1_B,1
0,train,3000,2,5a57_1_A,0
0,train,3000,3,2hnt_1_A,1
0,train,3000,4,1ccz_1_A,1
0,train,3000,5,4k1f_1_A,1
0,train,3000,6,2i2o_1_B,1
0,train,3000,7,3m1r_1_D,1
0,train,3000,8,3s98_1_A,1
0,train,3000,9,2qnk_1_A,1
0,train,3000,10,2o26_1_A,1
0,train,3000,11,3ub9_1_B,1
0,train,3000,12,3a72_1_A,1
0,train,3000,13,4psu_1_A,1
0,train,3000,14,3kgd_1_A,1
0,train,3000,15,2dtc_1_B,1
0,train,3000,16,2agv_1_A,1
0,train,3000,17,4dqa_1_A,1
0,train,3000,18,3hrg_1_A,1
0,train,3000,19,2fsi_1_B,1
0,train,3000,20,3rxy_1_C,1
0,train,3000,21,5o01_1_A,1
0,train,3000,22,2fdr_1_A,1
0,train,3000,23,3f0h_1_B,1
0,train,3000,24,4r8f_1_A,1
0,train,3000,25,3dl1_1_A,1
0,train,3000,26,5veb_1_C,1
0,train,3000,27,1f3g_1_A,1
0,train,3000,28,1h32_1_A,1
0,train,3000,29,1xcr_1_A,1
0,train,3000,30,3pnu_1_B,1
0,train,3000,31,2ece_1_A,1
0,train,3000,32,4rfa_1_B,1
0,train,3000,33,1kdg_1_B,1
0,train,3000,34,5kvm_1_A,1
0,train,3000,35,4xoi_1_B,1
0,train,3000,36,5x8z_1_A,1
0,train,3000,37,2pn2_1_B,1
0,train,3000,38,3pnx_1_A,1
0,train,3000,39,3asl_1_A,1
0,train,3000,40,4z04_1_B,1
0,train,3000,41,5w58_1_A,1
0,train,3000,42,3h7a_1_B,1
0,train,3000,43,5k8s_1_A,1
0,train,3000,44,4dck_1_A,1
0,train,3000,45,3lx7_1_B,1
0,train,3000,46,3en2_1_B,1
0,train,3000,47,2p06_1_B,1
0,train,3000,48,2zkg_1_A,1
0,train,3000,49,5l39_1_D,1
0,train,3000,50,1pix_1_B,1
0,train,3000,51,2iu1_1_A,1
0,train,3000,52,2obn_1_A,1
0,train,3000,53,3w40_1_A,1
0,train,3000,54,3bu9_1_A,1
0,train,3000,55,3afg_1_A,1
0,train,3000,56,3lcr_1_A,1
0,train,3000,57,5weg_1_A,1
0,train,3000,58,4u4p_1_A,1
0,train,3000,59,2qr4_1_B,1
0,train,3000,60,2d68_1_A,1
0,train,3000,61,4cvc_1_A,1
0,train,3000,62,1d7c_1_A,1
0,train,3000,63,2bhk_1_A,1
0,train,3000,64,4wtw_1_A,1
0,train,3000,65,5j5u_1_A,1
0,train,3000,66,3guz_1_A,1
0,train,3000,67,1i4n_1_A,1
0,train,3000,68,3b6z_1_A,1
0,train,3000,69,1twf_1_B,0
0,train,3000,70,2vy9_1_A,1
0,train,3000,71,4r3h_1_A,1
0,train,3000,72,2zif_1_B,1
0,train,3000,73,2egi_1_D,1
0,train,3000,74,2wmm_1_A,1
0,train,3000,75,4k05_1_A,1
0,train,3000,76,4r4k_1_A,1
0,train,3000,77,1wkb_1_A,1
0,train,3000,78,1jji_1_A,1
0,train,3000,79,4ich_1_A,1
0,train,3000,80,4i1k_1_A,1
0,train,3000,81,1f8f_1_A,1
0,train,3000,82,2nq3_1_A,1
0,train,3000,83,3lwt_1_A,1
0,train,3000,84,3f6z_1_D,1
0,train,3000,85,2qsd_1_B,1
0,train,3000,86,3tow_1_A,1
0,train,3000,87,4txd_1_A,1
0,train,3000,88,2w8x_1_B,1
0,train,3000,89,2irp_1_A,1
0,train,3000,90,3sy8_1_C,1
0,train,3000,91,5iol_1_E,1
0,train,3000,92,4uhc_1_A,1
0,train,3000,93,4gos_1_A,1
0,train,3000,94,6eoo_1_A,1
0,train,3000,95,3n2a_1_A,1
0,train,3000,96,4hde_1_A,1
0,train,3000,97,5svd_1_A,1
0,train,3000,98,2fsj_1_A,1
0,train,3000,99,3bfm_1_B,1
0,train,3000,100,1tzd_1_A,1
0,train,3000,101,5ku5_1_B,1
0,train,3000,102,2a1k_1_A,1
0,train,3000,103,4y99_1_C,1
0,train,3000,104,5h6x_1_A,1
0,train,3000,105,5y9s_1_B,1
0,train,3000,106,1tu1_1_B,1
0,train,3000,107,4u6b_1_A,1
0,train,3000,108,3uv0_1_A,1
0,train,3000,109,2gop_1_B,1
0,train,3000,110,2qmw_1_D,1
0,train,3000,111,2i7n_1_A,1
0,train,3000,112,4p47_1_A,1
0,train,3000,113,5t51_1_A,1
0,train,3000,114,1zgx_1_A,1
0,train,3000,115,3f5e_1_A,1
0,train,3000,116,5ea2_1_B,1
0,train,3000,117,5tl5_1_A,1
0,train,3000,118,4h10_1_B,1
0,train,3000,119,4txj_1_B,1
0,train,3000,120,5enc_1_A,1
0,train,3000,121,3clq_1_A,1
0,train,3000,122,2e1f_1_A,1
0,train,3000,123,3sns_1_A,1
0,train,3000,124,4s1v_1_B,1
0,train,3000,125,3f6v_1_B,1
0,train,3000,126,1ni9_1_A,1
0,train,3000,127,4gmo_1_A,1
0,train,3000,128,4j3r_1_A,1
0,train,3000,129,4dlf_1_A,1
0,train,3000,130,5xpv_1_B,1
0,train,3000,131,4cs3_1_A,1
0,train,3000,132,3wra_1_A,1
0,train,3000,133,3zs7_1_B,1
0,train,3000,134,1f47_1_B,1
0,train,3000,135,2qy2_1_A,1
0,train,3000,136,2q52_1_A,1
0,train,3000,137,4mn4_1_A,1
0,train,3000,138,4p92_1_A,1
0,train,3000,139,5yqr_1_A,1
0,train,3000,140,5wsk_1_C,1
0,train,3000,141,3ewm_1_A,1
0,train,3000,142,2ar5_1_A,1
0,train,3000,143,2rd9_1_B,1
0,train,3000,144,3sxu_1_B,1
0,train,3000,145,2dgc_1_B,1
0,train,3000,146,4a3z_1_A,1
0,train,3000,147,3pdg_1_A,1
0,train,3000,148,4m5d_1_B,1
0,train,3000,149,1jb0_1_H,1
0,train,3000,150,4o6m_1_A,1
0,train,3000,151,1ubv_1_A,1
0,train,3000,152,4hwi_1_B,1
0,train,3000,153,2ako_1_B,1
0,train,3000,154,5ojy_1_A,1
0,train,3000,155,2px6_1_A,1
0,train,3000,156,5upm_1_A,1
0,train,3000,157,3byw_1_A,1
0,train,3000,158,5mx1_1_A,1
0,train,3000,159,5h0o_1_A,1
0,train,3000,160,1bzd_1_A,1
0,train,3000,161,2g5z_1_A,1
0,train,3000,162,4mbt_1_A,1
0,train,3000,163,4qo5_1_A,1
0,train,3000,164,1or7_1_A,1
0,train,3000,165,1jdp_1_B,1
0,train,3000,166,4g65_1_B,1
0,train,3000,167,5il7_1_B,1
0,train,3000,168,3njc_1_B,1
0,train,3000,169,4rle_1_A,1
0,train,3000,170,2odm_1_A,1
0,train,3000,171,2i7f_1_A,1
0,train,3000,172,2a1i_1_A,1
0,train,3000,173,4f2l_1_A,1
0,train,3000,174,3rx6_1_B,1
0,train,3000,175,2gt1_1_A,1
0,train,3000,176,4k37_1_A,1
0,train,3000,177,2hkx_1_A,1
0,train,3000,178,4r1h_1_B,1
0,train,3000,179,4nar_1_A,1
0,train,3000,180,3caw_1_B,1
0,train,3000,181,2ppi_1_B,1
0,train,3000,182,4nq0_1_A,1
0,train,3000,183,3is6_1_B,1
0,train,3000,184,4xt0_1_B,1
0,train,3000,185,3tbn_1_A,1
0,train,3000,186,2xuv_1_A,1
0,train,3000,187,5a3a_1_A,1
0,train,3000,188,2p23_1_A,1
0,train,3000,189,3fm8_1_A,1
0,train,3000,190,1jju_1_C,1
0,train,3000,191,4y2g_1_A,1
0,train,3000,192,2ns0_1_A,1
0,train,3000,193,1nvp_1_B,1
0,train,3000,194,2ztb_1_A,1
0,train,3000,195,5tuk_1_A,1
0,train,3000,196,5ean_1_A,0
0,train,3000,197,3ju2_1_A,1
0,train,3000,198,3fah_1_A,1
0,train,3000,199,5xut_1_A,0
0,train,3000,200,4yep_1_B,1
0,train,3000,201,1oyz_1_A,1
0,train,3000,202,1af6_1_A,1
0,train,3000,203,3ef0_1_A,1
0,train,3000,204,5d18_1_A,1
0,train,3000,205,3ceu_1_A,1
0,train,3000,206,4xxb_1_B,1
0,train,3000,207,5v8w_1_A,1
0,train,3000,208,3rjt_1_B,1
0,train,3000,209,5emx_1_A,1
0,train,3000,210,3czx_1_B,1
0,train,3000,211,1ogb_1_B,1
0,train,3000,212,2d5w_1_A,1
0,train,3000,213,4hxe_1_A,1
0,train,3000,214,1ycs_1_B,1
0,train,3000,215,2fs5_1_A,1
0,train,3000,216,3h82_1_B,1
0,train,3000,217,2r6s_1_A,1
0,train,3000,218,1g4w_1_A,1
0,train,3000,219,3gdz_1_A,1
0,train,3000,220,3tc2_1_A,1
0,train,3000,221,5n1a_1_A,1
0,train,3000,222,2d0s_1_A,1
0,train,3000,223,3h51_1_B,1
0,train,3000,224,4nov_1_A,1
0,train,3000,225,2gwn_1_A,1
0,train,3000,226,3ab4_1_D,1
0,train,3000,227,3w21_1_B,1
0,train,3000,228,2p65_1_A,1
0,train,3000,229,4x3n_1_A,1
0,train,3000,230,1vpl_1_B,1
0,train,3000,231,3pu9_1_B,1
0,train,3000,232,3gw2_1_B,1
0,train,3000,233,6f23_1_A,1
0,train,3000,234,3ea0_1_A,1
0,train,3000,235,1ok6_1_A,1
0,train,3000,236,1uc5_1_F,1
0,train,3000,237,3f84_1_A,1
0,train,3000,238,2bo3_1_A,1
0,train,3000,239,2hlr_1_A,1
0,train,3000,240,1zth_1_A,1
0,train,3000,241,5cog_1_A,1
0,train,3000,242,2b5w_1_A,1
0,train,3000,243,3ibx_1_D,1
0,train,3000,244,5a0l_1_A,1
0,train,3000,245,4ifa_1_A,1
0,train,3000,246,1f1s_1_A,1
0,train,3000,247,5cm2_1_B,1
0,train,3000,248,3pxv_1_A,1
0,train,3000,249,3hpx_1_B,1
0,train,3000,250,2ywd_1_A,1
0,train,3000,251,3oq3_1_B,1
0,train,3000,252,2xsk_1_A,1
0,train,3000,253,5gt9_1_B,1
0,train,3000,254,4o1w_1_B,1
0,train,3000,255,4zua_1_B,1
0,train,3000,256,3e37_1_B,1
0,train,3000,257,2r73_1_A,1
0,train,3000,258,2omv_1_A,1
0,train,3000,259,3h74_1_A,1
0,train,3000,260,3mx3_1_A,1
0,train,3000,261,2ci9_1_A,1
0,train,3000,262,5u02_1_A,1
0,train,3000,263,5fzr_1_A,1
0,train,3000,264,3mem_1_A,1
0,train,3000,265,3c5v_1_A,1
0,train,3000,266,3hc1_1_A,1
0,train,3000,267,2oez_1_A,1
0,train,3000,268,3nvq_1_C,1
0,train,3000,269,1yvr_1_A,1
0,train,3000,270,6b8s_1_A,1
0,train,3000,271,4k7r_1_A,1
0,train,3000,272,2fyc_1_A,1
0,train,3000,273,3npf_1_A,1
0,train,3000,274,3lwx_1_A,1
0,train,3000,275,1xhk_1_A,1
0,train,3000,276,3pc2_1_A,1
0,train,3000,277,1usu_1_B,1
0,train,3000,278,5isu_1_A,1
0,train,3000,279,4g0m_1_A,1
0,train,3000,280,4nwb_1_A,1
0,train,3000,281,2bhg_1_A,1
0,train,3000,282,1kae_1_A,1
0,train,3000,283,3ly3_1_A,1
0,train,3000,284,2yjg_1_B,1
0,train,3000,285,5hxk_1_B,1
0,train,3000,286,5tro_1_A,1
0,train,3000,287,3pqh_1_A,1
0,train,3000,288,3sho_1_A,1
0,train,3000,289,3u1x_1_A,1
0,train,3000,290,5o9e_1_A,1
0,train,3000,291,3oov_1_B,1
0,train,3000,292,3c7d_1_A,1
0,train,3000,293,3hwr_1_B,1
0,train,3000,294,4qam_1_A,1
0,train,3000,295,4nv4_1_B,1
0,train,3000,296,1fxk_1_F,1
0,train,3000,297,5ksz_1_A,1
0,train,3000,298,2y0b_1_C,1
0,train,3000,299,3v32_1_A,1
0,train,3000,300,2q7a_1_A,1
0,train,3000,301,2vqe_1_C,1
0,train,3000,302,2qtl_1_A,1
0,train,3000,303,3fsb_1_A,1
0,train,3000,304,5na7_1_A,1
0,train,3000,305,4nfu_1_B,1
0,train,3000,306,1kmo_1_A,1
0,train,3000,307,5h67_1_C,1
0,train,3000,308,2fca_1_A,1
0,train,3000,309,2ooc_1_A,1
0,train,3000,310,2r9a_1_B,1
0,train,3000,311,4ei8_1_A,1
0,train,3000,312,5sxh_1_A,1
0,train,3000,313,1jy2_1_B,1
0,train,3000,314,2jfn_1_A,1
0,train,3000,315,5hma_1_A,1
0,train,3000,316,3ddt_1_A,1
0,train,3000,317,3fgg_1_A,1
0,train,3000,318,4ngc_1_A,1
0,train,3000,319,3my2_1_A,1
0,train,3000,320,3ult_1_A,1
0,train,3000,321,1z2i_1_B,1
0,train,3000,322,3gyc_1_A,1
0,train,3000,323,1qwy_1_A,1
0,train,3000,324,3kk4_1_B,1
0,train,3000,325,3o3l_1_A,1
0,train,3000,326,3d36_1_C,1
0,train,3000,327,4lpq_1_A,1
0,train,3000,328,3h1m_1_A,1
0,train,3000,329,3pg6_1_B,1
0,train,3000,330,2oz8_1_A,1
0,train,3000,331,3mfh_1_A,1
0,train,3000,332,2uwr_1_A,1
0,train,3000,333,4p87_1_A,1
0,train,3000,334,1q0s_1_A,1
0,train,3000,335,5a67_1_A,1
0,train,3000,336,1b4f_1_B,1
0,train,3000,337,4nyn_1_A,1
0,train,3000,338,1qua_1_A,1
0,train,3000,339,3t1w_1_B,1
0,train,3000,340,1gu3_1_B,1
0,train,3000,341,3e80_1_A,1
0,train,3000,342,3s6o_1_C,1
0,train,3000,343,3edv_1_B,1
0,train,3000,344,5tka_1_B,1
0,train,3000,345,4dkk_1_B,1
0,train,3000,346,4kcf_1_A,1
0,train,3000,347,3w2w_1_B,1
0,train,3000,348,1jmc_1_A,1
0,train,3000,349,3q47_1_A,1
0,train,3000,350,6cc0_1_B,1
0,train,3000,351,3m73_1_A,1
0,train,3000,352,3ucx_1_A,1
0,train,3000,353,5je1_1_A,1
0,train,3000,354,5elr_1_B,1
0,train,3000,355,3p7j_1_A,1
0,train,3000,356,3emu_1_A,1
0,train,3000,357,1dc1_1_A,1
0,train,3000,358,4goq_1_A,1
0,train,3000,359,3ixc_1_A,1
0,train,3000,360,4uau_1_A,1
0,train,3000,361,4dip_1_A,1
0,train,3000,362,4lv8_1_A,1
0,train,3000,363,3ois_1_A,1
0,train,3000,364,3ef8_1_A,1
0,train,3000,365,3ujz_1_A,1
0,train,3000,366,4i3m_1_B,1
0,train,3000,367,3d85_1_D,1
0,train,3000,368,5apt_1_B,1
0,train,3000,369,5tjj_1_B,1
0,train,3000,370,2xy1_1_A,1
0,train,3000,371,4l3u_1_A,1
0,train,3000,372,4dq9_1_A,1
0,train,3000,373,1zgh_1_A,1
0,train,3000,374,3lsj_1_B,1
0,train,3000,375,5u4u_1_A,1
0,train,3000,376,3nr5_1_A,1
0,train,3000,377,3dci_1_A,1
0,train,3000,378,3lhh_1_A,1
0,train,3000,379,3mud_1_D,1
0,train,3000,380,4uu6_1_A,1
0,train,3000,381,2psp_1_A,1
0,train,3000,382,5ags_1_A,1
0,train,3000,383,5lzn_1_A,1
0,train,3000,384,3epo_1_B,1
0,train,3000,385,2vn8_1_A,1
0,train,3000,386,5x7m_1_A,1
0,train,3000,387,2vnr_1_A,1
0,train,3000,388,2c4f_1_C,1
0,train,3000,389,2q78_1_B,1
0,train,3000,390,1lya_1_B,1
0,train,3000,391,3dfu_1_B,1
0,train,3000,392,4s3o_1_C,1
0,train,3000,393,4n4u_1_A,1
0,train,3000,394,2puy_1_A,1
0,train,3000,395,5szr_1_A,1
0,train,3000,396,3be4_1_A,1
0,train,3000,397,2fdb_1_A,1
0,train,3000,398,2fdj_1_A,1
0,train,3000,399,3s4l_1_A,1
0,train,3000,400,2xpl_1_A,1
0,train,3000,401,1m93_1_B,1
0,train,3000,402,1pxz_1_A,1
0,train,3000,403,3e59_1_A,1
0,train,3000,404,3ren_1_A,1
0,train,3000,405,3l18_1_A,1
0,train,3000,406,5i20_1_A,1
0,train,3000,407,2y8l_1_B,1
0,train,3000,408,3m2t_1_D,1
0,train,3000,409,3lyg_1_B,1
0,train,3000,410,2hp0_1_A,1
0,train,3000,411,5n4k_1_B,1
0,train,3000,412,1gvn_1_D,1
0,train,3000,413,2xwt_1_C,1
0,train,3000,414,2ewc_1_B,1
0,train,3000,415,3dm8_1_B,1
0,train,3000,416,3t6c_1_A,1
0,train,3000,417,4jyk_1_A,1
0,train,3000,418,2qkd_1_A,1
0,train,3000,419,1ah7_1_A,1
0,train,3000,420,2xsb_1_A,1
0,train,3000,421,3nqz_1_A,1
0,train,3000,422,1vjz_1_A,1
0,train,3000,423,3syy_1_A,1
0,train,3000,424,3qfm_1_B,1
0,train,3000,425,2qh1_1_B,1
0,train,3000,426,1ocx_1_A,1
0,train,3000,427,1np0_1_F,1
0,train,3000,428,1u0t_1_C,1
0,train,3000,429,1x8d_1_B,1
0,train,3000,430,2wdq_1_C,1
0,train,3000,431,5ubm_1_C,1
0,train,3000,432,3lhr_1_A,1
0,train,3000,433,4yeg_1_A,1
0,train,3000,434,2f2f_1_A,1
0,train,3000,435,5ir2_1_A,1
0,train,3000,436,5h28_1_A,1
0,train,3000,437,4unf_1_A,1
0,train,3000,438,5d5w_1_B,1
0,train,3000,439,1k2e_1_A,1
0,train,3000,440,1spp_1_A,1
0,train,3000,441,2fl3_1_A,1
0,train,3000,442,2e1n_1_A,1
0,train,3000,443,1n8y_1_A,1
0,train,3000,444,2xs6_1_B,1
0,train,3000,445,2wu2_1_B,1
0,train,3000,446,3twl_1_A,1
0,train,3000,447,3k6g_1_A,1
0,train,3000,448,3ck2_1_A,1
0,train,3000,449,4r9n_1_A,1
0,train,3000,450,2uy6_1_C,1
0,train,3000,451,4csy_1_A,1
0,train,3000,452,1etp_1_A,1
0,train,3000,453,3sd2_1_B,1
0,train,3000,454,4qnn_1_A,1
0,train,3000,455,2rci_1_A,1
0,train,3000,456,2b0v_1_A,1
0,train,3000,457,4h2p_1_A,1
0,train,3000,458,3qqw_1_A,1
0,train,3000,459,2g7z_1_A,1
0,train,3000,460,2qx0_1_B,1
0,train,3000,461,2vfr_1_A,1
0,train,3000,462,2g39_1_B,1
0,train,3000,463,2qdf_1_A,1
0,train,3000,464,4pab_1_A,1
0,train,3000,465,2cwq_1_A,1
0,train,3000,466,5ju5_1_C,1
0,train,3000,467,19hc_1_A,1
0,train,3000,468,5cff_1_B,1
0,train,3000,469,1go3_1_A,1
0,train,3000,470,1co7_1_B,1
0,train,3000,471,4pzj_1_B,1
0,train,3000,472,5k3q_1_B,1
0,train,3000,473,3f1i_1_C,1
0,train,3000,474,1kyq_1_A,1
0,train,3000,475,1e5m_1_B,1
0,train,3000,476,1eni_1_A,1
0,train,3000,477,3d4o_1_A,1
0,train,3000,478,3gek_1_D,1
0,train,3000,479,2flh_1_A,1
0,train,3000,480,4jj9_1_C,1
0,train,3000,481,2db0_1_A,1
0,train,3000,482,5hb8_1_A,1
0,train,3000,483,3r8r_1_A,1
0,train,3000,484,3h8u_1_B,1
0,train,3000,485,2ekd_1_F,1
0,train,3000,486,4aya_1_B,1
0,train,3000,487,5ewu_1_B,1
0,train,3000,488,3bal_1_A,1
0,train,3000,489,1jsu_1_C,1
0,train,3000,490,2eky_1_B,1
0,train,3000,491,3kqg_1_C,1
0,train,3000,492,4ejr_1_B,1
0,train,3000,493,1cqy_1_A,1
0,train,3000,494,3cc2_1_Y,1
0,train,3000,495,6fpn_1_A,1
0,train,3000,496,5kbp_1_B,1
0,train,3000,497,2agw_1_B,1
0,train,3000,498,2p8e_1_A,1
0,train,3000,499,5fq2_1_B,1
0,train,3000,500,4ex7_1_A,1
0,train,3000,501,4agh_1_B,1
0,train,3000,502,3ibw_1_B,1
0,train,3000,503,3bgo_1_A,1
0,train,3000,504,3exn_1_A,1
0,train,3000,505,6es4_1_B,1
0,train,3000,506,1c5e_1_A,1
0,train,3000,507,5mix_1_A,1
0,train,3000,508,1gug_1_A,1
0,train,3000,509,5d2q_1_A,1
0,train,3000,510,3ejv_1_A,1
0,train,3000,511,2opt_1_A,1
0,train,3000,512,5uzv_1_A,1
0,train,3000,513,3wvr_1_A,1
0,train,3000,514,1ept_1_A,1
0,train,3000,515,1fx2_1_A,1
0,train,3000,516,4f2e_1_A,1
0,train,3000,517,5l8n_1_A,1
0,train,3000,518,1ro7_1_A,1
0,train,3000,519,3w9r_1_A,1
0,train,3000,520,1y4w_1_A,1
0,train,3000,521,3rh0_1_A,1
0,train,3000,522,5do6_1_A,1
0,train,3000,523,2ilk_1_A,1
0,train,3000,524,3r0r_1_0,1
0,train,3000,525,2ota_1_B,1
0,train,3000,526,2x9c_1_A,1
0,train,3000,527,4e1p_1_B,1
0,train,3000,528,4xr9_1_B,1
0,train,3000,529,2ymu_1_A,1
0,train,3000,530,4qfq_1_A,1
0,train,3000,531,4q6v_1_A,1
0,train,3000,532,2a8e_1_A,1
0,train,3000,533,4mig_1_D,1
0,train,3000,534,6cbo_1_B,1
0,train,3000,535,3lpe_1_A,1
0,train,3000,536,2rag_1_B,1
0,train,3000,537,5af0_1_A,1
0,train,3000,538,4k08_1_A,1
0,train,3000,539,8cho_1_A,1
0,train,3000,540,3mgd_1_B,1
0,train,3000,541,3dgp_1_A,1
0,train,3000,542,4itc_1_A,1
0,train,3000,543,2o7a_1_A,1
0,train,3000,544,4xh7_1_A,1
0,train,3000,545,3maj_1_B,1
0,train,3000,546,2vod_1_A,1
0,train,3000,547,2fa1_1_B,1
0,train,3000,548,4u0y_1_A,1
0,train,3000,549,2xvt_1_A,1
0,train,3000,550,4b4s_1_A,1
0,train,3000,551,3pjx_1_A,1
0,train,3000,552,2rcd_1_B,1
0,train,3000,553,3f7q_1_A,1
0,train,3000,554,3sf5_1_C,1
0,train,3000,555,4r7r_1_A,1
0,train,3000,556,1mog_1_A,1
0,train,3000,557,2a03_1_A,1
0,train,3000,558,4h08_1_B,1
0,train,3000,559,2x3l_1_A,1
0,train,3000,560,3koj_1_C,1
0,train,3000,561,1qhh_1_A,1
0,train,3000,562,4jwq_1_A,1
0,train,3000,563,5ju6_1_A,1
0,train,3000,564,4iys_1_A,1
0,train,3000,565,5fgs_1_C,1
0,train,3000,566,3mi3_1_A,1
0,train,3000,567,2h09_1_B,1
0,train,3000,568,1uc7_1_A,1
0,train,3000,569,1woi_1_A,1
0,train,3000,570,6az5_1_A,1
0,train,3000,571,2d1c_1_B,1
0,train,3000,572,4k02_1_A,1
0,train,3000,573,3qqn_1_A,1
0,train,3000,574,5mwk_1_A,0
0,train,3000,575,4zlx_1_B,1
0,train,3000,576,4d9i_1_B,1
0,train,3000,577,2obe_1_A,1
0,train,3000,578,5lgg_1_A,1
0,train,3000,579,5ev1_1_A,1
0,train,3000,580,4g4x_1_A,1
0,train,3000,581,2q0y_1_B,1
0,train,3000,582,3llr_1_A,1
0,train,3000,583,4u2v_1_B,1
0,train,3000,584,1hru_1_B,1
0,train,3000,585,5xbf_1_B,1
0,train,3000,586,5h3l_1_A,1
0,train,3000,587,3kh5_1_A,1
0,train,3000,588,3v10_1_A,1
0,train,3000,589,5bz0_1_A,1
0,train,3000,590,3tgn_1_A,1
0,train,3000,591,6b9x_1_E,1
0,train,3000,592,3h1n_1_A,1
0,train,3000,593,1vrm_1_A,1
0,train,3000,594,4npo_1_B,1
0,train,3000,595,3otx_1_A,1
0,train,3000,596,4ffd_1_A,1
0,train,3000,597,2z66_1_A,1
0,train,3000,598,2wd6_1_A,1
0,train,3000,599,3un6_1_A,1
0,train,3000,600,3rez_1_A,1
0,train,3000,601,2oyp_1_A,1
0,train,3000,602,3k6q_1_B,1
0,train,3000,603,3but_1_B,1
0,train,3000,604,3szg_1_C,1
0,train,3000,605,5hqm_1_A,1
0,train,3000,606,2qzb_1_A,1
0,train,3000,607,4uso_1_B,1
0,train,3000,608,2a4n_1_A,1
0,train,3000,609,4wd8_1_B,1
0,train,3000,610,2d1h_1_B,1
0,train,3000,611,3wpo_1_A,1
0,train,3000,612,3wmt_1_B,1
0,train,3000,613,3cwf_1_B,1
0,train,3000,614,4pli_1_A,1
0,train,3000,615,3nyc_1_A,1
0,train,3000,616,3e0x_1_A,1
0,train,3000,617,1im4_1_A,1
0,train,3000,618,1twf_1_A,0
0,train,3000,619,1tzz_1_A,1
0,train,3000,620,2eyu_1_A,1
0,train,3000,621,5wi2_1_A,1
0,train,3000,622,1gz0_1_A,1
0,train,3000,623,1z8h_1_A,1
0,train,3000,624,4ytk_1_A,1
0,train,3000,625,1qsd_1_B,1
0,train,3000,626,1ojh_1_B,1
0,train,3000,627,4rwr_1_A,1
0,train,3000,628,1hyp_1_A,1
0,train,3000,629,4cqd_1_B,1
0,train,3000,630,3bwx_1_A,1
0,train,3000,631,4j9z_1_A,1
0,train,3000,632,2qkb_1_B,1
0,train,3000,633,1ucr_1_A,1
0,train,3000,634,5u7n_1_A,1
0,train,3000,635,1wyy_1_C,1
0,train,3000,636,5ibz_1_D,1
0,train,3000,637,1v6v_1_B,1
0,train,3000,638,4bou_1_B,1
0,train,3000,639,3lcc_1_A,1
0,train,3000,640,3bf8_1_A,1
0,train,3000,641,4rgw_1_B,1
0,train,3000,642,4ew6_1_B,1
0,train,3000,643,2pju_1_B,1
0,train,3000,644,2b5u_1_A,1
0,train,3000,645,2fr7_1_A,1
0,train,3000,646,4ccv_1_A,1
0,train,3000,647,4ag6_1_A,1
0,train,3000,648,1fhu_1_A,1
0,train,3000,649,3rf6_1_B,1
0,train,3000,650,1ik7_1_A,1
0,train,3000,651,3ho7_1_A,1
0,train,3000,652,1qlw_1_A,1
0,train,3000,653,4hiz_1_A,1
0,train,3000,654,3zzp_1_A,1
0,train,3000,655,1skf_1_A,1
0,train,3000,656,4ph1_1_A,1
0,train,3000,657,1bkj_1_A,1
0,train,3000,658,3h9m_1_A,1
0,train,3000,659,2y8l_1_A,1
0,train,3000,660,3aeh_1_A,1
0,train,3000,661,3ej7_1_F,1
0,train,3000,662,2o6w_1_A,1
0,train,3000,663,5xgb_1_B,1
0,train,3000,664,1lml_1_A,1
0,train,3000,665,4gfi_1_A,1
0,train,3000,666,5xls_1_B,1
0,train,3000,667,5l6e_1_B,1
0,train,3000,668,4jrf_1_A,1
0,train,3000,669,4i7d_1_A,1
0,train,3000,670,4ebk_1_B,1
0,train,3000,671,5ke3_1_A,1
0,train,3000,672,5ohq_1_A,1
0,train,3000,673,2jdj_1_B,1
0,train,3000,674,3ils_1_A,1
0,train,3000,675,1r0d_1_A,1
0,train,3000,676,2qqy_1_A,1
0,train,3000,677,1war_1_A,1
0,train,3000,678,5fqa_1_A,1
0,train,3000,679,5f7q_1_A,1
0,train,3000,680,1dw0_1_A,1
0,train,3000,681,3bhd_1_A,1
0,train,3000,682,3mtj_1_D,1
0,train,3000,683,3dip_1_B,1
0,train,3000,684,1r5q_1_A,1
0,train,3000,685,1ek9_1_A,1
0,train,3000,686,1c7s_1_A,1
0,train,3000,687,5uuj_1_A,1
0,train,3000,688,3fav_1_A,1
0,train,3000,689,2a90_1_A,1
0,train,3000,690,3s6t_1_A,1
0,train,3000,691,5bu0_1_A,1
0,train,3000,692,3hrr_1_A,1
0,train,3000,693,4n13_1_A,1
0,train,3000,694,2yid_1_B,1
0,train,3000,695,3bp3_1_A,1
0,train,3000,696,4dkj_1_A,1
0,train,3000,697,4big_1_A,1
0,train,3000,698,5gs9_1_A,1
0,train,3000,699,4zhv_1_A,1
0,train,3000,700,3clk_1_A,1
0,train,3000,701,3bkh_1_A,1
0,train,3000,702,6cwx_1_B,1
0,train,3000,703,5dmb_1_B,1
0,train,3000,704,1gvj_1_A,1
0,train,3000,705,2uwj_1_D,1
0,train,3000,706,3otn_1_A,1
0,train,3000,707,4gc1_1_A,1
0,train,3000,708,4buc_1_A,1
0,train,3000,709,4iyk_1_A,1
0,train,3000,710,2z0t_1_A,1
0,train,3000,711,1rr7_1_A,1
0,train,3000,712,3fef_1_A,1
0,train,3000,713,1oq1_1_A,1
0,train,3000,714,1r5x_1_A,1
0,train,3000,715,2zd7_1_A,1
0,train,3000,716,4jvu_1_B,1
0,train,3000,717,5lxe_1_B,1
0,train,3000,718,1gvh_1_A,1
0,train,3000,719,2v6h_1_B,1
0,train,3000,720,1nd6_1_A,1
0,train,3000,721,3rb5_1_A,1
0,train,3000,722,4rmx_1_A,1
0,train,3000,723,1vio_1_B,1
0,train,3000,724,1qdm_1_A,1
0,train,3000,725,3vys_1_A,1
0,train,3000,726,2go8_1_B,1
0,train,3000,727,4be3_1_B,1
0,train,3000,728,3zxp_1_A,1
0,train,3000,729,5ls7_1_C,1
0,train,3000,730,3so5_1_A,1
0,train,3000,731,1ezv_1_J,1
0,train,3000,732,4fc4_1_B,1
0,train,3000,733,5f4e_1_A,1
0,train,3000,734,4ldp_1_B,1
0,train,3000,735,5no9_1_A,1
0,train,3000,736,4ihq_1_A,1
0,train,3000,737,3deo_1_A,1
0,train,3000,738,4ok0_1_A,1
0,train,3000,739,2yms_1_A,1
0,train,3000,740,4zv0_1_A,1
0,train,3000,741,3jwj_1_A,1
0,train,3000,742,1dl5_1_B,1
0,train,3000,743,5i9j_1_A,1
0,train,3000,744,3rja_1_A,1
0,train,3000,745,2yv4_1_A,1
0,train,3000,746,3l77_1_A,1
0,train,3000,747,2ism_1_A,1
0,train,3000,748,6b9x_1_A,1
0,train,3000,749,4c92_1_B,1
0,train,3000,750,3d2l_1_A,1
0,train,3000,751,4rhw_1_F,1
0,train,3000,752,1nze_1_A,1
0,train,3000,753,1nsf_1_A,1
0,train,3000,754,1acx_1_A,1
0,train,3000,755,2oee_1_B,1
0,train,3000,756,4yic_1_A,1
0,train,3000,757,3od8_1_B,1
0,train,3000,758,2o26_1_D,1
0,train,3000,759,5o8m_1_A,1
0,train,3000,760,3kea_1_B,1
0,train,3000,761,4f62_1_B,1
0,train,3000,762,2zq5_1_A,1
0,train,3000,763,4iup_1_A,1
0,train,3000,764,4n8o_1_B,1
0,train,3000,765,1ory_1_A,1
0,train,3000,766,3tdv_1_A,1
0,train,3000,767,4mtd_1_D,1
0,train,3000,768,1g8p_1_A,1
0,train,3000,769,2jhe_1_B,1
0,train,3000,770,4awy_1_A,1
0,train,3000,771,2q0t_1_A,1
0,train,3000,772,3flh_1_A,1
0,train,3000,773,4k91_1_A,1
0,train,3000,774,1vk3_1_A,1
0,train,3000,775,5a6k_1_A,1
0,train,3000,776,4ext_1_A,1
0,train,3000,777,4hfk_1_B,1
0,train,3000,778,3rgz_1_A,1
0,train,3000,779,3s3t_1_A,1
0,train,3000,780,1fwk_1_A,1
0,train,3000,781,4nna_1_A,1
0,train,3000,782,5mqi_1_A,1
0,train,3000,783,1mhy_1_D,1
0,train,3000,784,4msp_1_B,1
0,train,3000,785,2h8p_1_D,1
0,train,3000,786,2fno_1_B,1
0,train,3000,787,2a15_1_A,1
0,train,3000,788,1xjc_1_A,1
0,train,3000,789,2p4f_1_A,1
0,train,3000,790,5mzn_1_A,1
0,train,3000,791,4xps_1_B,1
0,train,3000,792,1lqa_1_A,1
0,train,3000,793,3c6a_1_A,1
0,train,3000,794,4o7h_1_B,1
0,train,3000,795,3odn_1_A,1
0,train,3000,796,3r87_1_A,1
0,train,3000,797,3d9k_1_A,1
0,train,3000,798,3szp_1_D,1
0,train,3000,799,3sf5_1_B,1
0,train,3000,800,2j3t_1_C,1
0,train,3000,801,5agy_1_A,1
0,train,3000,802,4bx2_1_A,1
0,train,3000,803,2fiw_1_A,1
0,train,3000,804,1jax_1_A,1
0,train,3000,805,3v9o_1_A,1
0,train,3000,806,4k3a_1_A,1
0,train,3000,807,4jox_1_A,1
0,train,3000,808,5u95_1_A,1
0,train,3000,809,4o3v_1_A,1
0,train,3000,810,4lk4_1_A,1
0,train,3000,811,2wco_1_A,1
0,train,3000,812,3khn_1_B,1
0,train,3000,813,3gjy_1_A,1
0,train,3000,814,6ans_1_B,1
0,train,3000,815,4apm_1_A,1
0,train,3000,816,3out_1_B,1
0,train,3000,817,4znm_1_A,1
0,train,3000,818,5b3l_1_A,1
0,train,3000,819,4emh_1_A,1
0,train,3000,820,3v9r_1_D,1
0,train,3000,821,5w78_1_B,1
0,train,3000,822,5jir_1_A,1
0,train,3000,823,1xt9_1_A,1
0,train,3000,824,3i3l_1_A,1
0,train,3000,825,4rsv_1_A,1
0,train,3000,826,4z0n_1_A,1
0,train,3000,827,5caj_1_A,1
0,train,3000,828,4u5y_1_A,1
0,train,3000,829,1qip_1_B,1
0,train,3000,830,2v62_1_A,1
0,train,3000,831,3a1j_1_C,1
0,train,3000,832,2ojh_1_A,1
0,train,3000,833,3gra_1_B,1
0,train,3000,834,5w2f_1_A,1
0,train,3000,835,4xom_1_A,1
0,train,3000,836,1nmo_1_A,1
0,train,3000,837,2pom_1_A,1
0,train,3000,838,4q35_1_A,1
0,train,3000,839,5ejr_1_A,1
0,train,3000,840,1rfe_1_A,1
0,train,3000,841,3w1b_1_A,1
0,train,3000,842,2zpa_1_A,1
0,train,3000,843,5hyh_1_A,1
0,train,3000,844,3gzr_1_B,1
0,train,3000,845,3gio_1_A,1
0,train,3000,846,1urn_1_A,1
0,train,3000,847,3k7b_1_A,1
0,train,3000,848,4nzz_1_A,1
0,train,3000,849,3i87_1_A,1
0,train,3000,850,1y8x_1_B,1
0,train,3000,851,3c9z_1_A,1
0,train,3000,852,2nxn_1_A,1
0,train,3000,853,5aib_1_A,1
0,train,3000,854,5t05_1_A,1
0,train,3000,855,3k9c_1_A,1
0,train,3000,856,3llh_1_A,1
0,train,3000,857,5gyf_1_A,1
0,train,3000,858,5dik_1_A,1
0,train,3000,859,4jo0_1_A,1
0,train,3000,860,4xt6_1_B,1
0,train,3000,861,2yiz_1_A,1
0,train,3000,862,3eau_1_A,1
0,train,3000,863,2q83_1_A,1
0,train,3000,864,4us7_1_A,1
0,train,3000,865,3ryc_1_B,1
0,train,3000,866,5u4p_1_A,1
0,train,3000,867,3fav_1_B,1
0,train,3000,868,3o2t_1_A,1
0,train,3000,869,4u5y_1_B,1
0,train,3000,870,3cg7_1_A,1
0,train,3000,871,1tu9_1_A,1
0,train,3000,872,4we0_1_A,1
0,train,3000,873,2je0_1_A,1
0,train,3000,874,3vbm_1_C,1
0,train,3000,875,2p1r_1_B,1
0,train,3000,876,4d0n_1_B,1
0,train,3000,877,4owl_1_D,1
0,train,3000,878,4it4_1_A,1
0,train,3000,879,4y93_1_A,1
0,train,3000,880,5fma_1_A,1
0,train,3000,881,3fyb_1_B,1
0,train,3000,882,5w7a_1_A,1
0,train,3000,883,4c98_1_B,1
0,train,3000,884,5lb3_1_A,1
0,train,3000,885,2ra2_1_A,1
0,train,3000,886,1t6a_1_A,1
0,train,3000,887,5ncx_1_A,1
0,train,3000,888,4onz_1_A,1
0,train,3000,889,1u2m_1_A,1
0,train,3000,890,2v7s_1_B,1
0,train,3000,891,5my7_1_A,1
0,train,3000,892,4jph_1_A,1
0,train,3000,893,1q8b_1_B,1
0,train,3000,894,2qpx_1_A,1
0,train,3000,895,3b1o_1_A,1
0,train,3000,896,5nkm_1_B,1
0,train,3000,897,1ybx_1_A,1
0,train,3000,898,4zgp_1_A,1
0,train,3000,899,1j1f_1_A,1
0,train,3000,900,4f9a_1_A,1
0,train,3000,901,4v24_1_A,1
0,train,3000,902,5ijl_1_A,1
0,train,3000,903,1go3_1_B,1
0,train,3000,904,5vg2_1_A,1
0,train,3000,905,3bjx_1_B,1
0,train,3000,906,2d81_1_A,1
0,train,3000,907,1dvo_1_A,1
0,train,3000,908,5c9z_1_B,1
0,train,3000,909,3oa8_1_B,1
0,train,3000,910,3obk_1_A,1
0,train,3000,911,3jy6_1_B,1
0,train,3000,912,3oxh_1_A,1
0,train,3000,913,2a2j_1_B,1
0,train,3000,914,3kaj_1_A,1
0,train,3000,915,4kg8_1_C,1
0,train,3000,916,5egj_1_A,1
0,train,3000,917,2ox1_1_B,1
0,train,3000,918,1hn0_1_A,1
0,train,3000,919,1omx_1_A,1
0,train,3000,920,2fsx_1_A,1
0,train,3000,921,4gwo_1_A,1
0,train,3000,922,3q8f_1_A,1
0,train,3000,923,1z6u_1_A,1
0,train,3000,924,1ow1_1_A,1
0,train,3000,925,2zds_1_B,1
0,train,3000,926,3cz8_1_B,1
0,train,3000,927,4rxj_1_B,1
0,train,3000,928,5gt1_1_A,1
0,train,3000,929,4dy0_1_A,1
0,train,3000,930,4m59_1_B,1
0,train,3000,931,1ynp_1_A,1
0,train,3000,932,2occ_1_G,1
0,train,3000,933,4yds_1_A,1
0,train,3000,934,4nqw_1_B,1
0,train,3000,935,4phq_1_A,1
0,train,3000,936,3d5l_1_A,1
0,train,3000,937,3o13_1_A,1
0,train,3000,938,3l4e_1_A,1
0,train,3000,939,3gxr_1_A,1
0,train,3000,940,2w53_1_B,1
0,train,3000,941,3q87_1_B,1
0,train,3000,942,2qjx_1_A,1
0,train,3000,943,3vay_1_B,1
0,train,3000,944,3aka_1_A,1
0,train,3000,945,4cw5_1_A,1
0,train,3000,946,3go9_1_A,1
0,train,3000,947,2d1g_1_B,1
0,train,3000,948,2dec_1_A,1
0,train,3000,949,3f52_1_B,1
0,train,3000,950,3a2e_1_A,1
0,train,3000,951,1ulv_1_A,1
0,train,3000,952,2yil_1_A,1
0,train,3000,953,4wky_1_B,1
0,train,3000,954,4n6j_1_B,1
0,train,3000,955,3exi_1_C,1
0,train,3000,956,2f31_1_A,1
0,train,3000,957,2g2c_1_A,1
0,train,3000,958,2xon_1_A,1
0,train,3000,959,1bfa_1_A,1
0,train,3000,960,2q4e_1_B,1
0,train,3000,961,2qmm_1_B,1
0,train,3000,962,4pem_1_B,1
0,train,3000,963,4l7q_1_A,1
0,train,3000,964,2aj6_1_A,1
0,train,3000,965,2i1o_1_A,1
0,train,3000,966,3bfx_1_A,1
0,train,3000,967,3tqk_1_B,1
0,train,3000,968,5dni_1_A,1
0,train,3000,969,1sgm_1_B,1
0,train,3000,970,1r2j_1_A,1
0,train,3000,971,4eij_1_A,1
0,train,3000,972,5loy_1_B,1
0,train,3000,973,1ukf_1_A,1
0,train,3000,974,3eef_1_A,1
0,train,3000,975,1z5a_1_A,1
0,train,3000,976,1z82_1_B,1
0,train,3000,977,2x29_1_A,1
0,train,3000,978,4cnl_1_A,1
0,train,3000,979,2r7h_1_A,1
0,train,3000,980,2rhf_1_A,1
0,train,3000,981,5hyb_1_A,1
0,train,3000,982,2odl_1_A,1
0,train,3000,983,3dxs_1_A,1
0,train,3000,984,3x15_1_A,1
0,train,3000,985,5c8h_1_A,1
0,train,3000,986,5v7p_1_A,1
0,train,3000,987,1x7o_1_B,1
0,train,3000,988,3c4b_1_B,1
0,train,3000,989,2egi_1_B,1
0,train,3000,990,3i2g_1_A,1
0,train,3000,991,4lvj_1_A,1
0,train,3000,992,2a39_1_A,1
0,train,3000,993,4fxx_1_A,1
0,train,3000,994,5t5i_1_D,1
0,train,3000,995,1eaj_1_A,1
0,train,3000,996,2od0_1_B,1
0,train,3000,997,3zd9_1_A,1
0,train,3000,998,3rrl_1_D,1
0,train,3000,999,2i4l_1_B,1
0,train,3000,1000,4d86_1_A,1
0,train,3000,1001,3zf8_1_B,1
0,train,3000,1002,3ing_1_B,1
0,train,3000,1003,2dyj_1_A,1
0,train,3000,1004,1xed_1_A,1
0,train,3000,1005,4ehc_1_A,1
0,train,3000,1006,5a74_1_B,1
0,train,3000,1007,4lqd_1_B,1
0,train,3000,1008,5vkm_1_A,1
0,train,3000,1009,2qgs_1_A,1
0,train,3000,1010,3l20_1_A,1
0,train,3000,1011,5udl_1_A,1
0,train,3000,1012,3nrv_1_A,1
0,train,3000,1013,3stp_1_A,1
0,train,3000,1014,4moz_1_D,1
0,train,3000,1015,1isu_1_B,1
0,train,3000,1016,4qjk_1_A,1
0,train,3000,1017,3qxc_1_A,1
0,train,3000,1018,3dao_1_A,1
0,train,3000,1019,2xts_1_C,1
0,train,3000,1020,1nzn_1_A,1
0,train,3000,1021,2h0u_1_B,1
0,train,3000,1022,2g7g_1_B,1
0,train,3000,1023,1cf2_1_A,1
0,train,3000,1024,3ztv_1_A,1
0,train,3000,1025,5ys3_1_A,1
0,train,3000,1026,3a24_1_A,1
0,train,3000,1027,3lqn_1_A,1
0,train,3000,1028,5ug7_1_A,1
0,train,3000,1029,2f5k_1_A,1
0,train,3000,1030,5ig8_1_B,1
0,train,3000,1031,2h6b_1_A,1
0,train,3000,1032,4m7s_1_A,1
0,train,3000,1033,4bfk_1_B,1
0,train,3000,1034,3t8k_1_B,1
0,train,3000,1035,5sv5_1_A,1
0,train,3000,1036,1ze3_1_C,1
0,train,3000,1037,3mj6_1_A,1
0,train,3000,1038,5u4q_1_B,1
0,train,3000,1039,3c4a_1_A,1
0,train,3000,1040,3g1w_1_B,1
0,train,3000,1041,3jyb_1_A,1
0,train,3000,1042,4m36_1_A,1
0,train,3000,1043,3bdw_1_B,1
0,train,3000,1044,2zts_1_A,1
0,train,3000,1045,3sek_1_D,1
0,train,3000,1046,1ijw_1_A,1
0,train,3000,1047,2oit_1_A,1
0,train,3000,1048,5yl7_1_A,1
0,train,3000,1049,3jui_1_A,1
0,train,3000,1050,3dea_1_A,1
0,train,3000,1051,3gm5_1_B,1
0,train,3000,1052,5b2t_1_A,0
0,train,3000,1053,2wtm_1_B,1
0,train,3000,1054,5mgw_1_A,1
0,train,3000,1055,1q9b_1_A,1
0,train,3000,1056,4cmr_1_A,1
0,train,3000,1057,1o6d_1_A,1
0,train,3000,1058,3ewo_1_A,1
0,train,3000,1059,3s97_1_B,1
0,train,3000,1060,3g8y_1_A,1
0,train,3000,1061,3kox_1_A,1
0,train,3000,1062,1qrv_1_B,1
0,train,3000,1063,4rd7_1_B,1
0,train,3000,1064,3do8_1_B,1
0,train,3000,1065,5i4e_1_A,1
0,train,3000,1066,3fhf_1_A,1
0,train,3000,1067,5nus_1_B,1
0,train,3000,1068,4rfq_1_B,1
0,train,3000,1069,2w80_1_B,1
0,train,3000,1070,3gwi_1_A,1
0,train,3000,1071,2d16_1_A,1
0,train,3000,1072,1cp9_1_A,1
0,train,3000,1073,5upk_1_A,1
0,train,3000,1074,2jd4_1_A,1
0,train,3000,1075,3t0y_1_A,1
0,train,3000,1076,1em9_1_A,1
0,train,3000,1077,3i7m_1_A,1
0,train,3000,1078,2v94_1_A,1
0,train,3000,1079,2dji_1_A,1
0,train,3000,1080,3c25_1_B,1
0,train,3000,1081,1jj2_1_a,1
0,train,3000,1082,4rlc_1_A,1
0,train,3000,1083,3r3p_1_A,1
0,train,3000,1084,2nxf_1_A,1
0,train,3000,1085,2ox5_1_A,1
0,train,3000,1086,5xfr_1_B,1
0,train,3000,1087,2ann_1_A,1
0,train,3000,1088,4phb_1_A,1
0,train,3000,1089,4ynl_1_B,1
0,train,3000,1090,2jaq_1_B,1
0,train,3000,1091,4hr3_1_A,1
0,train,3000,1092,5gv7_1_A,1
0,train,3000,1093,1wm5_1_A,1
0,train,3000,1094,3hmf_1_A,1
0,train,3000,1095,4eae_1_A,1
0,train,3000,1096,3fir_1_A,1
0,train,3000,1097,3kwc_1_A,1
0,train,3000,1098,1v3z_1_A,1
0,train,3000,1099,4eo9_1_A,1
0,train,3000,1100,5mxz_1_A,1
0,train,3000,1101,3iwg_1_B,1
0,train,3000,1102,2y4x_1_A,1
0,train,3000,1103,2ymv_1_A,1
0,train,3000,1104,2hvw_1_A,1
0,train,3000,1105,6fth_1_A,1
0,train,3000,1106,2nn4_1_A,1
0,train,3000,1107,1hgu_1_A,1
0,train,3000,1108,4bso_1_A,1
0,train,3000,1109,3p3c_1_A,1
0,train,3000,1110,4jjh_1_A,1
0,train,3000,1111,4fek_1_A,1
0,train,3000,1112,3gtz_1_A,1
0,train,3000,1113,3sql_1_B,1
0,train,3000,1114,1np0_1_E,1
0,train,3000,1115,1r7l_1_A,1
0,train,3000,1116,1j6r_1_A,1
0,train,3000,1117,5vxz_1_A,1
0,train,3000,1118,1mve_1_A,1
0,train,3000,1119,4i1s_1_A,1
0,train,3000,1120,6eji_1_A,1
0,train,3000,1121,2gge_1_D,1
0,train,3000,1122,4x00_1_A,1
0,train,3000,1123,3vdz_1_A,1
0,train,3000,1124,4q98_1_A,1
0,train,3000,1125,5uqd_1_A,1
0,train,3000,1126,2uvk_1_A,1
0,train,3000,1127,4dri_1_B,1
0,train,3000,1128,2qu8_1_A,1
0,train,3000,1129,3d6r_1_B,1
0,train,3000,1130,2pge_1_A,1
0,train,3000,1131,4ymr_1_B,1
0,train,3000,1132,3qh2_1_B,1
0,train,3000,1133,3op6_1_B,1
0,train,3000,1134,2ret_1_G,1
0,train,3000,1135,4ee6_1_A,1
0,train,3000,1136,4geg_1_A,1
0,train,3000,1137,3dup_1_B,1
0,train,3000,1138,3py9_1_A,1
0,train,3000,1139,5uts_1_A,1
0,train,3000,1140,3imo_1_B,1
0,train,3000,1141,1b5f_1_C,1
0,train,3000,1142,1y4j_1_A,1
0,train,3000,1143,2i1j_1_A,1
0,train,3000,1144,3dkp_1_A,1
0,train,3000,1145,4c60_1_B,1
0,train,3000,1146,2h2a_1_B,1
0,train,3000,1147,3liu_1_A,1
0,train,3000,1148,1tsf_1_A,1
0,train,3000,1149,1s3z_1_A,1
0,train,3000,1150,3fpn_1_B,1
0,train,3000,1151,3p1x_1_A,1
0,train,3000,1152,1h98_1_A,1
0,train,3000,1153,4a5k_1_B,1
0,train,3000,1154,4k6l_1_F,1
0,train,3000,1155,4rta_1_A,1
0,train,3000,1156,4ay9_1_A,1
0,train,3000,1157,5wzq_1_A,1
0,train,3000,1158,1ka9_1_A,1
0,train,3000,1159,1n97_1_A,1
0,train,3000,1160,3olo_1_B,1
0,train,3000,1161,4csb_1_A,1
0,train,3000,1162,3mk5_1_A,1
0,train,3000,1163,3shs_1_A,1
0,train,3000,1164,1q7l_1_A,1
0,train,3000,1165,1fzy_1_A,1
0,train,3000,1166,3f2h_1_A,1
0,train,3000,1167,4hh3_1_B,1
0,train,3000,1168,4poi_1_A,1
0,train,3000,1169,3iwc_1_B,1
0,train,3000,1170,4y7u_1_A,1
0,train,3000,1171,3r84_1_B,1
0,train,3000,1172,2oxo_1_A,1
0,train,3000,1173,3qfw_1_A,1
0,train,3000,1174,2dqa_1_A,1
0,train,3000,1175,1gpl_1_A,1
0,train,3000,1176,4cvh_1_B,1
0,train,3000,1177,2oy9_1_B,1
0,train,3000,1178,3idh_1_A,1
0,train,3000,1179,5fr7_1_B,1
0,train,3000,1180,3mgb_1_A,1
0,train,3000,1181,5ivu_1_A,1
0,train,3000,1182,5yfb_1_A,1
0,train,3000,1183,6b8w_1_B,1
0,train,3000,1184,1tu3_1_C,1
0,train,3000,1185,2wao_1_A,1
0,train,3000,1186,3gxw_1_A,1
0,train,3000,1187,3t7h_1_A,1
0,train,3000,1188,3bhq_1_B,1
0,train,3000,1189,2eg5_1_B,1
0,train,3000,1190,1eok_1_A,1
0,train,3000,1191,3lki_1_B,1
0,train,3000,1192,2v4b_1_A,1
0,train,3000,1193,2xme_1_A,1
0,train,3000,1194,4pqh_1_A,1
0,train,3000,1195,5hxy_1_A,1
0,train,3000,1196,2c62_1_A,1
0,train,3000,1197,1d5t_1_A,1
0,train,3000,1198,1zso_1_A,1
0,train,3000,1199,3cgz_1_A,1
0,train,3000,1200,1qd1_1_A,1
0,train,3000,1201,3sov_1_A,1
0,train,3000,1202,3nqp_1_A,1
0,train,3000,1203,3nwr_1_B,1
0,train,3000,1204,2ns9_1_B,1
0,train,3000,1205,3lhl_1_A,1
0,train,3000,1206,5d3a_1_A,1
0,train,3000,1207,3ozx_1_A,1
0,train,3000,1208,5wee_1_B,1
0,train,3000,1209,5a53_1_A,1
0,train,3000,1210,5x42_1_B,1
0,train,3000,1211,1wnf_1_B,1
0,train,3000,1212,3r4r_1_A,1
0,train,3000,1213,3b5k_1_A,1
0,train,3000,1214,5nbg_1_B,1
0,train,3000,1215,4ize_1_A,1
0,train,3000,1216,2r4i_1_B,1
0,train,3000,1217,2waa_1_A,1
0,train,3000,1218,4gll_1_B,1
0,train,3000,1219,2f2h_1_A,1
0,train,3000,1220,2iv9_1_A,1
0,train,3000,1221,4ygs_1_A,1
0,train,3000,1222,2fdn_1_A,1
0,train,3000,1223,3hty_1_A,1
0,train,3000,1224,1p0h_1_A,1
0,train,3000,1225,3okg_1_A,1
0,train,3000,1226,2iz7_1_A,1
0,train,3000,1227,1qvc_1_D,1
0,train,3000,1228,4mah_1_A,1
0,train,3000,1229,3ndq_1_A,1
0,train,3000,1230,3gis_1_C,1
0,train,3000,1231,3gbj_1_A,1
0,train,3000,1232,5lly_1_B,1
0,train,3000,1233,5a4p_1_A,1
0,train,3000,1234,6eid_1_B,1
0,train,3000,1235,2yxx_1_A,1
0,train,3000,1236,4afk_1_A,1
0,train,3000,1237,3vr4_1_B,1
0,train,3000,1238,4yzt_1_A,1
0,train,3000,1239,2q9q_1_B,1
0,train,3000,1240,1iv1_1_A,1
0,train,3000,1241,3k4g_1_A,1
0,train,3000,1242,4hly_1_A,1
0,train,3000,1243,3qta_1_B,1
0,train,3000,1244,2oyn_1_A,1
0,train,3000,1245,2au3_1_A,1
0,train,3000,1246,1mbm_1_A,1
0,train,3000,1247,2rg8_1_A,1
0,train,3000,1248,2rdc_1_A,1
0,train,3000,1249,1o9q_1_A,1
0,train,3000,1250,3lyw_1_A,1
0,train,3000,1251,3ldy_1_A,1
0,train,3000,1252,2b5i_1_D,1
0,train,3000,1253,3gd9_1_A,1
0,train,3000,1254,3ilk_1_B,1
0,train,3000,1255,3v9x_1_B,1
0,train,3000,1256,3qvo_1_A,1
0,train,3000,1257,2vqe_1_O,1
0,train,3000,1258,4c4k_1_A,1
0,train,3000,1259,4aw7_1_A,1
0,train,3000,1260,2iya_1_A,1
0,train,3000,1261,1zel_1_A,1
0,train,3000,1262,4liz_1_A,1
0,train,3000,1263,3m03_1_A,1
0,train,3000,1264,3tm5_1_A,1
0,train,3000,1265,1ei5_1_B,1
0,train,3000,1266,1wa5_1_C,1
0,train,3000,1267,4maf_1_B,1
0,train,3000,1268,1j5y_1_A,1
0,train,3000,1269,5ja9_1_B,1
0,train,3000,1270,5a3d_1_B,1
0,train,3000,1271,1taq_1_A,1
0,train,3000,1272,2f3c_1_B,1
0,train,3000,1273,3v6i_1_A,1
0,train,3000,1274,5iga_1_A,1
0,train,3000,1275,3zbp_1_A,1
0,train,3000,1276,5vxd_1_A,1
0,train,3000,1277,4k6h_1_A,1
0,train,3000,1278,4xla_1_A,1
0,train,3000,1279,1lw1_1_A,1
0,train,3000,1280,1o5e_1_B,1
0,train,3000,1281,6fg8_1_A,1
0,train,3000,1282,5uzm_1_A,1
0,train,3000,1283,3moq_1_A,1
0,train,3000,1284,3g43_1_F,1
0,train,3000,1285,4b62_1_A,1
0,train,3000,1286,2pnk_1_A,1
0,train,3000,1287,4yt2_1_A,1
0,train,3000,1288,2q2b_1_A,1
0,train,3000,1289,3q4r_1_A,1
0,train,3000,1290,2nw0_1_A,1
0,train,3000,1291,2a3n_1_B,1
0,train,3000,1292,1hp7_1_A,1
0,train,3000,1293,3stv_1_B,1
0,train,3000,1294,3vat_1_A,1
0,train,3000,1295,2b7u_1_A,1
0,train,3000,1296,1wwz_1_B,1
0,train,3000,1297,5t3p_1_C,1
0,train,3000,1298,2iaf_1_A,1
0,train,3000,1299,3t8b_1_B,1
0,train,3000,1300,2f82_1_A,1
0,train,3000,1301,5vu3_1_B,1
0,train,3000,1302,3knz_1_B,1
0,train,3000,1303,1b4a_1_A,1
0,train,3000,1304,3vx3_1_B,1
0,train,3000,1305,4d2k_1_A,1
0,train,3000,1306,2imh_1_A,1
0,train,3000,1307,3c4n_1_B,1
0,train,3000,1308,3jys_1_A,1
0,train,3000,1309,2ea1_1_A,1
0,train,3000,1310,3ay3_1_A,1
0,train,3000,1311,2dch_1_A,1
0,train,3000,1312,5v3m_1_A,1
0,train,3000,1313,4a37_1_A,1
0,train,3000,1314,2a9u_1_B,1
0,train,3000,1315,2pfz_1_A,1
0,train,3000,1316,4q3b_1_A,1
0,train,3000,1317,4ldz_1_B,1
0,train,3000,1318,2dvn_1_A,1
0,train,3000,1319,3nx4_1_A,1
0,train,3000,1320,3p2y_1_B,1
0,train,3000,1321,3gq2_1_A,1
0,train,3000,1322,3bpj_1_A,1
0,train,3000,1323,3s35_1_C,1
0,train,3000,1324,1ktz_1_C,1
0,train,3000,1325,2amh_1_A,1
0,train,3000,1326,2a1x_1_A,1
0,train,3000,1327,3lyu_1_B,1
0,train,3000,1328,2scp_1_B,1
0,train,3000,1329,2fo3_1_A,1
0,train,3000,1330,1k6x_1_A,1
0,train,3000,1331,6f74_1_A,1
0,train,3000,1332,1cr5_1_A,1
0,train,3000,1333,3lnb_1_A,1
0,train,3000,1334,4k2o_1_A,1
0,train,3000,1335,5aon_1_A,1
0,train,3000,1336,2e7v_1_A,1
0,train,3000,1337,2hqs_1_A,1
0,train,3000,1338,1jb0_1_I,1
0,train,3000,1339,3uqs_1_A,1
0,train,3000,1340,4pki_1_B,1
0,train,3000,1341,4e16_1_B,1
0,train,3000,1342,3pvc_1_A,1
0,train,3000,1343,3gwy_1_A,1
0,train,3000,1344,3guy_1_A,1
0,train,3000,1345,1ic2_1_B,1
0,train,3000,1346,3bf4_1_B,1
0,train,3000,1347,2pkd_1_A,1
0,train,3000,1348,6f9n_1_A,0
0,train,3000,1349,5lqd_1_B,1
0,train,3000,1350,2o4a_1_A,1
0,train,3000,1351,3dn7_1_A,1
0,train,3000,1352,2fcw_1_A,1
0,train,3000,1353,4fz4_1_A,1
0,train,3000,1354,2faw_1_A,1
0,train,3000,1355,1ajc_1_B,1
0,train,3000,1356,5wxx_1_B,1
0,train,3000,1357,4wcx_1_A,1
0,train,3000,1358,3ufi_1_A,1
0,train,3000,1359,2cpg_1_A,1
0,train,3000,1360,3k8u_1_A,1
0,train,3000,1361,4dnh_1_A,1
0,train,3000,1362,1rhf_1_A,1
0,train,3000,1363,5e7g_1_A,1
0,train,3000,1364,4lsb_1_A,1
0,train,3000,1365,1xov_1_A,1
0,train,3000,1366,2il5_1_A,1
0,train,3000,1367,2vz5_1_A,1
0,train,3000,1368,2es4_1_B,1
0,train,3000,1369,2qru_1_A,1
0,train,3000,1370,5h5t_1_A,1
0,train,3000,1371,3oug_1_D,1
0,train,3000,1372,4cnk_1_A,1
0,train,3000,1373,5v2z_1_A,1
0,train,3000,1374,2i7g_1_A,1
0,train,3000,1375,5gmt_1_A,1
0,train,3000,1376,4zos_1_B,1
0,train,3000,1377,5fie_1_A,1
0,train,3000,1378,1q8c_1_A,1
0,train,3000,1379,4i3x_1_A,1
0,train,3000,1380,5aza_1_A,1
0,train,3000,1381,5ov9_1_A,1
0,train,3000,1382,2blf_1_B,1
0,train,3000,1383,6ei3_1_A,1
0,train,3000,1384,1y0u_1_B,1
0,train,3000,1385,2orz_1_A,1
0,train,3000,1386,3qua_1_A,1
0,train,3000,1387,3n6y_1_A,1
0,train,3000,1388,3f7s_1_B,1
0,train,3000,1389,3qay_1_A,1
0,train,3000,1390,3c05_1_A,1
0,train,3000,1391,3t6o_1_A,1
0,train,3000,1392,3nph_1_A,1
0,train,3000,1393,3bhn_1_B,1
0,train,3000,1394,2ii2_1_A,1
0,train,3000,1395,2q0e_1_A,1
0,train,3000,1396,1sfe_1_A,1
0,train,3000,1397,2io9_1_A,1
0,train,3000,1398,3ud2_1_A,1
0,train,3000,1399,3b2s_1_A,1
0,train,3000,1400,6fbk_1_A,1
0,train,3000,1401,5ew6_1_A,1
0,train,3000,1402,4r42_1_C,1
0,train,3000,1403,3gbg_1_A,1
0,train,3000,1404,2hdi_1_A,1
0,train,3000,1405,3cs5_1_B,1
0,train,3000,1406,1n57_1_A,1
0,train,3000,1407,1r6k_1_A,1
0,train,3000,1408,3c0w_1_A,1
0,train,3000,1409,3fs2_1_D,1
0,train,3000,1410,3ne8_1_B,1
0,train,3000,1411,4bj4_1_A,1
0,train,3000,1412,4muo_1_B,1
0,train,3000,1413,4jnj_1_A,1
0,train,3000,1414,4y7o_1_B,1
0,train,3000,1415,5i97_1_B,1
0,train,3000,1416,2byo_1_A,1
0,train,3000,1417,3hug_1_C,1
0,train,3000,1418,2r3v_1_A,1
0,train,3000,1419,1psw_1_A,1
0,train,3000,1420,1h3f_1_A,1
0,train,3000,1421,3x3f_1_A,1
0,train,3000,1422,5l2x_1_A,1
0,train,3000,1423,2fur_1_B,1
0,train,3000,1424,4tve_1_A,1
0,train,3000,1425,2fe1_1_B,1
0,train,3000,1426,3v75_1_B,1
0,train,3000,1427,2z72_1_A,1
0,train,3000,1428,3bks_1_A,1
0,train,3000,1429,3wyd_1_B,1
0,train,3000,1430,2pbl_1_A,1
0,train,3000,1431,4nzg_1_A,1
0,train,3000,1432,5gq1_1_A,1
0,train,3000,1433,5ex3_1_A,1
0,train,3000,1434,4fu0_1_B,1
0,train,3000,1435,3d2m_1_A,1
0,train,3000,1436,5d6t_1_A,1
0,train,3000,1437,1feu_1_A,1
0,train,3000,1438,1pzs_1_B,1
0,train,3000,1439,2di3_1_B,1
0,train,3000,1440,5fjq_1_A,1
0,train,3000,1441,3kyq_1_A,1
0,train,3000,1442,5evy_1_A,1
0,train,3000,1443,2g62_1_A,1
0,train,3000,1444,2hsj_1_B,1
0,train,3000,1445,5h1w_1_A,1
0,train,3000,1446,3kfw_1_A,1
0,train,3000,1447,5e7q_1_B,1
0,train,3000,1448,4v2b_1_A,1
0,train,3000,1449,2q5w_1_A,1
0,train,3000,1450,3k7n_1_A,1
0,train,3000,1451,1fye_1_A,1
0,train,3000,1452,3g13_1_B,1
0,train,3000,1453,2e3v_1_A,1
0,train,3000,1454,5hfs_1_B,1
0,train,3000,1455,4nkp_1_B,1
0,train,3000,1456,1h59_1_B,1
0,train,3000,1457,1hkf_1_B,1
0,train,3000,1458,1fbn_1_A,1
0,train,3000,1459,2yhy_1_A,1
0,train,3000,1460,3a76_1_B,1
0,train,3000,1461,1ve3_1_B,1
0,train,3000,1462,1who_1_A,1
0,train,3000,1463,5ul4_1_A,1
0,train,3000,1464,3a1f_1_A,1
0,train,3000,1465,1kon_1_A,1
0,train,3000,1466,2w9y_1_A,1
0,train,3000,1467,4bvy_1_A,1
0,train,3000,1468,3n9y_1_B,1
0,train,3000,1469,4ed4_1_A,1
0,train,3000,1470,2j1l_1_A,1
0,train,3000,1471,4pgo_1_A,1
0,train,3000,1472,3hrd_1_F,1
0,train,3000,1473,5l31_1_C,1
0,train,3000,1474,4j8s_1_A,1
0,train,3000,1475,1tp6_1_A,1
0,train,3000,1476,1wkc_1_A,1
0,train,3000,1477,3uv1_1_B,1
0,train,3000,1478,2vbk_1_A,1
0,train,3000,1479,2y32_1_C,1
0,train,3000,1480,2h89_1_D,1
0,train,3000,1481,3omg_1_A,1
0,train,3000,1482,3ucp_1_A,1
0,train,3000,1483,4xup_1_A,1
0,train,3000,1484,2vxp_1_A,1
0,train,3000,1485,2w58_1_B,1
0,train,3000,1486,2wu2_1_D,1
0,train,3000,1487,3hp7_1_A,1
0,train,3000,1488,5k0p_1_A,1
0,train,3000,1489,3wi5_1_A,1
0,train,3000,1490,3hi9_1_A,1
0,train,3000,1491,4pem_1_A,1
0,train,3000,1492,4mc3_1_A,1
0,train,3000,1493,4ack_1_A,1
0,train,3000,1494,3mkq_1_E,1
0,train,3000,1495,1upk_1_A,1
0,train,3000,1496,3oi8_1_B,1
0,train,3000,1497,3qcp_1_A,1
0,train,3000,1498,2p97_1_B,1
0,train,3000,1499,1ohe_1_A,1
0,train,3000,1500,3q9t_1_B,1
0,train,3000,1501,3r0v_1_A,1
0,train,3000,1502,5von_1_A,1
0,train,3000,1503,4kha_1_B,1
0,train,3000,1504,3k69_1_B,1
0,train,3000,1505,4ikv_1_A,1
0,train,3000,1506,1ept_1_B,1
0,train,3000,1507,2iy9_1_A,1
0,train,3000,1508,3vb9_1_B,1
0,train,3000,1509,4yto_1_B,1
0,train,3000,1510,3ju7_1_B,1
0,train,3000,1511,3g02_1_A,1
0,train,3000,1512,3g7l_1_A,1
0,train,3000,1513,3vr4_1_G,1
0,train,3000,1514,3wse_1_A,1
0,train,3000,1515,4ouq_1_A,1
0,train,3000,1516,1vhn_1_A,1
0,train,3000,1517,1h4u_1_A,1
0,train,3000,1518,3cjp_1_B,1
0,train,3000,1519,3p3v_1_A,1
0,train,3000,1520,2b6c_1_A,1
0,train,3000,1521,4p0m_1_A,1
0,train,3000,1522,3vza_1_A,1
0,train,3000,1523,1os1_1_A,1
0,train,3000,1524,1w8g_1_A,1
0,train,3000,1525,2nrw_1_A,1
0,train,3000,1526,4bin_1_A,1
0,train,3000,1527,4wri_1_A,1
0,train,3000,1528,4un1_1_A,1
0,train,3000,1529,4n3x_1_A,1
0,train,3000,1530,2qf5_1_A,1
0,train,3000,1531,5gna_1_A,1
0,train,3000,1532,3o53_1_A,1
0,train,3000,1533,1s20_1_A,1
0,train,3000,1534,6csc_1_A,1
0,train,3000,1535,2qyb_1_B,1
0,train,3000,1536,2gia_1_C,1
0,train,3000,1537,2v7f_1_A,1
0,train,3000,1538,5tt6_1_A,1
0,train,3000,1539,5hsq_1_B,1
0,train,3000,1540,4a8j_1_A,1
0,train,3000,1541,5wvq_1_A,1
0,train,3000,1542,5msr_1_A,1
0,train,3000,1543,1t3b_1_B,1
0,train,3000,1544,2e8g_1_A,1
0,train,3000,1545,3csb_1_A,1
0,train,3000,1546,4it6_1_A,1
0,train,3000,1547,5cqf_1_A,1
0,train,3000,1548,6bjo_1_B,1
0,train,3000,1549,1p3d_1_A,1
0,train,3000,1550,1rxx_1_D,1
0,train,3000,1551,5hno_1_B,1
0,train,3000,1552,4r9o_1_C,1
0,train,3000,1553,4bza_1_A,1
0,train,3000,1554,2reg_1_A,1
0,train,3000,1555,2zg6_1_A,1
0,train,3000,1556,3v4o_1_C,1
0,train,3000,1557,3soy_1_B,1
0,train,3000,1558,3dg6_1_A,1
0,train,3000,1559,3bje_1_B,1
0,train,3000,1560,1d3y_1_A,1
0,train,3000,1561,1nza_1_A,1
0,train,3000,1562,2yvl_1_A,1
0,train,3000,1563,1yd7_1_A,1
0,train,3000,1564,5irb_1_A,1
0,train,3000,1565,2iqt_1_B,1
0,train,3000,1566,3kyc_1_B,1
0,train,3000,1567,2x3e_1_B,1
0,train,3000,1568,5de0_1_A,1
0,train,3000,1569,4ewa_1_A,1
0,train,3000,1570,5cr8_1_A,1
0,train,3000,1571,2qkl_1_A,1
0,train,3000,1572,1m2w_1_A,1
0,train,3000,1573,5oho_1_A,1
0,train,3000,1574,1uwv_1_A,1
0,train,3000,1575,5dq8_1_A,1
0,train,3000,1576,4m9c_1_A,1
0,train,3000,1577,2vh9_1_A,1
0,train,3000,1578,4b93_1_A,1
0,train,3000,1579,4bpt_1_A,1
0,train,3000,1580,5mh2_1_A,1
0,train,3000,1581,3u4g_1_B,1
0,train,3000,1582,3iq2_1_A,1
0,train,3000,1583,5hab_1_B,1
0,train,3000,1584,1t0j_1_B,1
0,train,3000,1585,43ca_1_B,1
0,train,3000,1586,5cxy_1_A,1
0,train,3000,1587,3bdv_1_A,1
0,train,3000,1588,3fym_1_A,1
0,train,3000,1589,4evv_1_A,1
0,train,3000,1590,5wam_1_A,1
0,train,3000,1591,5exe_1_C,1
0,train,3000,1592,5m1q_1_A,1
0,train,3000,1593,3sqf_1_A,1
0,train,3000,1594,2q2f_1_B,1
0,train,3000,1595,4cvn_1_A,1
0,train,3000,1596,5wx1_1_A,1
0,train,3000,1597,3lkb_1_B,1
0,train,3000,1598,3nqh_1_A,1
0,train,3000,1599,1vj0_1_A,1
0,train,3000,1600,2xf1_1_A,1
0,train,3000,1601,4rk2_1_A,1
0,train,3000,1602,2yjz_1_A,1
0,train,3000,1603,5fbz_1_B,1
0,train,3000,1604,1mby_1_B,1
0,train,3000,1605,2img_1_A,1
0,train,3000,1606,3h2k_1_A,1
0,train,3000,1607,4l68_1_A,1
0,train,3000,1608,2yv7_1_A,1
0,train,3000,1609,5ukl_1_C,1
0,train,3000,1610,2hy5_1_A,1
0,train,3000,1611,2h0e_1_A,1
0,train,3000,1612,2ghr_1_A,1
0,train,3000,1613,2nrj_1_A,1
0,train,3000,1614,3kbg_1_A,1
0,train,3000,1615,2p5i_1_A,1
0,train,3000,1616,4at7_1_B,1
0,train,3000,1617,3eoq_1_A,1
0,train,3000,1618,2z3b_1_A,1
0,train,3000,1619,2p0w_1_A,1
0,train,3000,1620,2vq5_1_A,1
0,train,3000,1621,1lxj_1_A,1
0,train,3000,1622,4i0w_1_B,1
0,train,3000,1623,3egw_1_C,1
0,train,3000,1624,4lqc_1_A,1
0,train,3000,1625,4c9s_1_B,1
0,train,3000,1626,3gm8_1_A,1
0,train,3000,1627,3pzf_1_A,1
0,train,3000,1628,4mg4_1_B,1
0,train,3000,1629,3gi7_1_A,1
0,train,3000,1630,5k5x_1_A,1
0,train,3000,1631,2etd_1_A,1
0,train,3000,1632,1zsy_1_A,1
0,train,3000,1633,1oru_1_B,1
0,train,3000,1634,3ic3_1_B,1
0,train,3000,1635,3dmd_1_A,1
0,train,3000,1636,2pw9_1_B,1
0,train,3000,1637,3n1x_1_B,1
0,train,3000,1638,4r2l_1_B,1
0,train,3000,1639,2b0c_1_B,1
0,train,3000,1640,4or9_1_A,1
0,train,3000,1641,4yxa_1_A,1
0,train,3000,1642,3ipw_1_A,1
0,train,3000,1643,4rk1_1_A,1
0,train,3000,1644,4ppd_1_A,1
0,train,3000,1645,3n6z_1_A,1
0,train,3000,1646,2h1t_1_B,1
0,train,3000,1647,2c5j_1_A,1
0,train,3000,1648,1zcc_1_A,1
0,train,3000,1649,3qtg_1_D,1
0,train,3000,1650,3a0o_1_A,1
0,train,3000,1651,4dxz_1_A,1
0,train,3000,1652,4nb0_1_B,1
0,train,3000,1653,2hes_1_A,1
0,train,3000,1654,5z8o_1_A,1
0,train,3000,1655,1xbi_1_A,1
0,train,3000,1656,4mzm_1_B,1
0,train,3000,1657,3cni_1_B,1
0,train,3000,1658,2yij_1_B,1
0,train,3000,1659,1t08_1_B,1
0,train,3000,1660,2zfo_1_D,1
0,train,3000,1661,5h5o_1_B,1
0,train,3000,1662,4fuv_1_B,1
0,train,3000,1663,5wxg_1_A,1
0,train,3000,1664,3viq_1_B,1
0,train,3000,1665,5e1z_1_A,1
0,train,3000,1666,1d2z_1_B,1
0,train,3000,1667,5guh_1_A,1
0,train,3000,1668,1t0b_1_A,1
0,train,3000,1669,1zv8_1_A,1
0,train,3000,1670,3p2f_1_A,1
0,train,3000,1671,4r6y_1_A,1
0,train,3000,1672,3mq7_1_A,1
0,train,3000,1673,3alr_1_A,1
0,train,3000,1674,3e3m_1_B,1
0,train,3000,1675,3c19_1_A,1
0,train,3000,1676,3id4_1_A,1
0,train,3000,1677,5d1i_1_B,1
0,train,3000,1678,5hd9_1_A,1
0,train,3000,1679,5fsh_1_B,1
0,train,3000,1680,4fda_1_B,1
0,train,3000,1681,5vbn_1_B,1
0,train,3000,1682,4f54_1_A,1
0,train,3000,1683,3llc_1_A,1
0,train,3000,1684,1ly1_1_B,1
0,train,3000,1685,5k04_1_A,1
0,train,3000,1686,3ced_1_A,1
0,train,3000,1687,5h7r_1_A,1
0,train,3000,1688,4yh8_1_B,1
0,train,3000,1689,2c5l_1_B,1
0,train,3000,1690,5kzv_1_A,1
0,train,3000,1691,1sji_1_B,1
0,train,3000,1692,2xxz_1_A,1
0,train,3000,1693,2nyi_1_B,1
0,train,3000,1694,3htu_1_A,1
0,train,3000,1695,2yy3_1_A,1
0,train,3000,1696,1pvh_1_B,1
0,train,3000,1697,2gm5_1_A,1
0,train,3000,1698,2fd5_1_B,1
0,train,3000,1699,5d0a_1_A,1
0,train,3000,1700,2qh9_1_B,1
0,train,3000,1701,5cgz_1_A,1
0,train,3000,1702,4fvg_1_B,1
0,train,3000,1703,5i6r_1_B,1
0,train,3000,1704,5h8w_1_A,1
0,train,3000,1705,4d8b_1_A,1
0,train,3000,1706,3e19_1_H,1
0,train,3000,1707,2f9f_1_A,1
0,train,3000,1708,4pfs_1_A,1
0,train,3000,1709,4fd7_1_A,1
0,train,3000,1710,5ixb_1_A,1
0,train,3000,1711,1hia_1_A,1
0,train,3000,1712,4pgs_1_A,1
0,train,3000,1713,1l0q_1_A,1
0,train,3000,1714,3ttg_1_A,1
0,train,3000,1715,3qc6_1_A,1
0,train,3000,1716,5vbx_1_A,1
0,train,3000,1717,2rhm_1_A,1
0,train,3000,1718,4eoz_1_D,1
0,train,3000,1719,2wwd_1_A,1
0,train,3000,1720,3s6s_1_A,1
0,train,3000,1721,5ac3_1_A,1
0,train,3000,1722,5tv7_1_A,1
0,train,3000,1723,3nvv_1_B,1
0,train,3000,1724,4nfc_1_A,1
0,train,3000,1725,3g9b_1_A,1
0,train,3000,1726,3aj1_1_B,1
0,train,3000,1727,3vc1_1_A,1
0,train,3000,1728,2zvz_1_B,1
0,train,3000,1729,5mi0_1_A,1
0,train,3000,1730,5q13_1_A,1
0,train,3000,1731,1gk6_1_B,1
0,train,3000,1732,5ubp_1_C,1
0,train,3000,1733,3i7d_1_A,1
0,train,3000,1734,4bhr_1_A,1
0,train,3000,1735,5hae_1_A,1
0,train,3000,1736,4nf0_1_A,1
0,train,3000,1737,1dce_1_A,1
0,train,3000,1738,5nv8_1_A,1
0,train,3000,1739,4pkh_1_B,1
0,train,3000,1740,2hti_1_B,1
0,train,3000,1741,3kas_1_C,1
0,train,3000,1742,3d6w_1_A,1
0,train,3000,1743,3bs4_1_A,1
0,train,3000,1744,1r6b_1_A,1
0,train,3000,1745,4fc8_1_A,1
0,train,3000,1746,5czd_1_B,1
0,train,3000,1747,1y02_1_A,1
0,train,3000,1748,2y7b_1_A,1
0,train,3000,1749,1gml_1_B,1
0,train,3000,1750,5t5i_1_C,1
0,train,3000,1751,2pok_1_B,1
0,train,3000,1752,1xmk_1_A,1
0,train,3000,1753,4bqh_1_A,1
0,train,3000,1754,1kqf_1_C,1
0,train,3000,1755,3ii6_1_C,1
0,train,3000,1756,4ahw_1_A,1
0,train,3000,1757,4akk_1_B,1
0,train,3000,1758,1f1e_1_B,1
0,train,3000,1759,1udx_1_A,1
0,train,3000,1760,3l8q_1_A,1
0,train,3000,1761,4chg_1_B,1
0,train,3000,1762,5gpe_1_A,1
0,train,3000,1763,3zyk_1_A,1
0,train,3000,1764,2qpw_1_A,1
0,train,3000,1765,2ew0_1_A,1
0,train,3000,1766,2yad_1_C,1
0,train,3000,1767,4lty_1_A,1
0,train,3000,1768,3qxb_1_B,1
0,train,3000,1769,1vlu_1_B,1
0,train,3000,1770,4eoz_1_A,1
0,train,3000,1771,4m1h_1_B,1
0,train,3000,1772,4iv0_1_A,1
0,train,3000,1773,3l51_1_B,1
0,train,3000,1774,4fzv_1_B,1
0,train,3000,1775,5uiz_1_A,1
0,train,3000,1776,2bfw_1_A,1
0,train,3000,1777,1fyh_1_B,1
0,train,3000,1778,1zma_1_A,1
0,train,3000,1779,2fbw_1_C,1
0,train,3000,1780,1zq7_1_A,1
0,train,3000,1781,2erv_1_A,1
0,train,3000,1782,4yk2_1_A,1
0,train,3000,1783,2rau_1_A,1
0,train,3000,1784,4o4b_1_B,1
0,train,3000,1785,5ovy_1_A,1
0,train,3000,1786,3bij_1_A,1
0,train,3000,1787,1y0n_1_A,1
0,train,3000,1788,1cjs_1_A,1
0,train,3000,1789,4osn_1_A,1
0,train,3000,1790,3ose_1_A,1
0,train,3000,1791,3fy7_1_A,1
0,train,3000,1792,3qpf_1_A,1
0,train,3000,1793,5j37_1_0,1
0,train,3000,1794,2vu4_1_A,1
0,train,3000,1795,6bzg_1_B,1
0,train,3000,1796,4dtn_1_A,1
0,train,3000,1797,3lpw_1_A,1
0,train,3000,1798,1h54_1_A,1
0,train,3000,1799,2hi4_1_A,1
0,train,3000,1800,2yut_1_B,1
0,train,3000,1801,3s1i_1_A,1
0,train,3000,1802,2v3c_1_B,1
0,train,3000,1803,2d4q_1_A,1
0,train,3000,1804,2gax_1_A,1
0,train,3000,1805,4xbz_1_B,1
0,train,3000,1806,2r7d_1_A,1
0,train,3000,1807,5ejq_1_A,1
0,train,3000,1808,4e4y_1_A,1
0,train,3000,1809,4iwb_1_A,1
0,train,3000,1810,4h1h_1_A,1
0,train,3000,1811,4fdf_1_B,1
0,train,3000,1812,2yys_1_A,1
0,train,3000,1813,3dtu_1_A,1
0,train,3000,1814,3mcb_1_B,1
0,train,3000,1815,4a3t_1_B,1
0,train,3000,1816,5il6_1_A,1
0,train,3000,1817,4bjj_1_A,1
0,train,3000,1818,3q0d_1_B,1
0,train,3000,1819,2b2c_1_B,1
0,train,3000,1820,2d5m_1_B,1
0,train,3000,1821,3cc2_1_b,1
0,train,3000,1822,3qdp_1_A,1
0,train,3000,1823,1htr_1_D,1
0,train,3000,1824,3pnn_1_A,1
0,train,3000,1825,3god_1_C,1
0,train,3000,1826,3ibz_1_A,1
0,train,3000,1827,2occ_1_I,1
0,train,3000,1828,5jvb_1_A,1
0,train,3000,1829,3o2g_1_A,1
0,train,3000,1830,2np3_1_B,1
0,train,3000,1831,5ey3_1_A,1
0,train,3000,1832,4dkn_1_B,1
0,train,3000,1833,4fdd_1_A,1
0,train,3000,1834,4mh4_1_B,1
0,train,3000,1835,5b8h_1_B,1
0,train,3000,1836,4jg5_1_A,1
0,train,3000,1837,4b0m_1_A,1
0,train,3000,1838,5swk_1_C,1
0,train,3000,1839,4cvo_1_B,1
0,train,3000,1840,4cq1_1_A,1
0,train,3000,1841,3w90_1_A,1
0,train,3000,1842,2xh3_1_A,1
0,train,3000,1843,3cry_1_A,1
0,train,3000,1844,4o65_1_A,1
0,train,3000,1845,3f9z_1_A,1
0,train,3000,1846,2zt5_1_B,1
0,train,3000,1847,4jcr_1_A,1
0,train,3000,1848,5ess_1_A,1
0,train,3000,1849,4dsy_1_B,1
0,train,3000,1850,1mu2_1_B,1
0,train,3000,1851,3o4j_1_A,1
0,train,3000,1852,1w5d_1_A,1
0,train,3000,1853,4azh_1_A,1
0,train,3000,1854,1n1f_1_A,1
0,train,3000,1855,2xit_1_B,1
0,train,3000,1856,1wm9_1_A,1
0,train,3000,1857,2w1r_1_B,1
0,train,3000,1858,1hxi_1_A,1
0,train,3000,1859,4whn_1_B,1
0,train,3000,1860,3t33_1_A,1
0,train,3000,1861,5mqh_1_A,1
0,train,3000,1862,3h6j_1_A,1
0,train,3000,1863,4rvq_1_A,1
0,train,3000,1864,4ynm_1_A,1
0,train,3000,1865,5kx5_1_E,1
0,train,3000,1866,3eoi_1_A,1
0,train,3000,1867,4pf6_1_A,1
0,train,3000,1868,4lrv_1_D,1
0,train,3000,1869,1vla_1_B,1
0,train,3000,1870,2i9e_1_A,1
0,train,3000,1871,1b33_1_G,1
0,train,3000,1872,3kr9_1_A,1
0,train,3000,1873,3e8s_1_B,1
0,train,3000,1874,4dny_1_A,1
0,train,3000,1875,5m45_1_F,1
0,train,3000,1876,2qv6_1_A,1
0,train,3000,1877,2oyr_1_A,1
0,train,3000,1878,4x3i_1_A,1
0,train,3000,1879,4a69_1_B,1
0,train,3000,1880,4eht_1_A,1
0,train,3000,1881,5gu8_1_A,1
0,train,3000,1882,3kwl_1_A,1
0,train,3000,1883,3a8y_1_B,1
0,train,3000,1884,3fix_1_A,1
0,train,3000,1885,3jz7_1_B,1
0,train,3000,1886,4yl7_1_A,1
0,train,3000,1887,5m43_1_A,1
0,train,3000,1888,3flk_1_B,1
0,train,3000,1889,2hl7_1_A,1
0,train,3000,1890,3qsz_1_A,1
0,train,3000,1891,2nzw_1_A,1
0,train,3000,1892,3llu_1_A,1
0,train,3000,1893,2ejt_1_A,1
0,train,3000,1894,4knc_1_A,1
0,train,3000,1895,5jmb_1_A,1
0,train,3000,1896,2pkh_1_B,1
0,train,3000,1897,5t86_1_B,1
0,train,3000,1898,4qtt_1_B,1
0,train,3000,1899,3ayh_1_A,1
0,train,3000,1900,5ddw_1_B,1
0,train,3000,1901,3fry_1_B,1
0,train,3000,1902,4mfi_1_A,1
0,train,3000,1903,1ci8_1_A,1
0,train,3000,1904,1h2e_1_A,1
0,train,3000,1905,2og6_1_A,1
0,train,3000,1906,2qip_1_B,1
0,train,3000,1907,4c1t_1_A,1
0,train,3000,1908,4xpm_1_C,1
0,train,3000,1909,4raj_1_A,1
0,train,3000,1910,3ghf_1_A,1
0,train,3000,1911,1q18_1_A,1
0,train,3000,1912,5wxk_1_B,1
0,train,3000,1913,5hxm_1_A,0
0,train,3000,1914,2imd_1_A,1
0,train,3000,1915,5b7g_1_A,1
0,train,3000,1916,3v70_1_A,1
0,train,3000,1917,2x5f_1_B,1
0,train,3000,1918,3r72_1_A,1
0,train,3000,1919,3k9o_1_A,1
0,train,3000,1920,5vug_1_B,1
0,train,3000,1921,3pvz_1_B,1
0,train,3000,1922,1vf7_1_E,1
0,train,3000,1923,2h5n_1_C,1
0,train,3000,1924,1et9_1_A,1
0,train,3000,1925,1xer_1_B,1
0,train,3000,1926,4jra_1_B,1
0,train,3000,1927,2hkp_1_A,1
0,train,3000,1928,4x91_1_A,1
0,train,3000,1929,1v1a_1_A,1
0,train,3000,1930,2inp_1_D,1
0,train,3000,1931,4as2_1_A,1
0,train,3000,1932,2f25_1_A,1
0,train,3000,1933,1nf1_1_A,1
0,train,3000,1934,3qp6_1_B,1
0,train,3000,1935,2bfg_1_A,1
0,train,3000,1936,4yry_1_A,1
0,train,3000,1937,5y9e_1_E,1
0,train,3000,1938,1bgv_1_A,1
0,train,3000,1939,4qlz_1_B,1
0,train,3000,1940,3g7u_1_A,1
0,train,3000,1941,5nir_1_A,1
0,train,3000,1942,3wqt_1_A,1
0,train,3000,1943,2gwc_1_A,1
0,train,3000,1944,5er3_1_A,1
0,train,3000,1945,1k6w_1_A,1
0,train,3000,1946,5xpc_1_B,1
0,train,3000,1947,2zi8_1_A,1
0,train,3000,1948,3v7o_1_B,1
0,train,3000,1949,3ls8_1_A,1
0,train,3000,1950,2b2w_1_A,1
0,train,3000,1951,5hsg_1_A,1
0,train,3000,1952,2etj_1_A,1
0,train,3000,1953,4rho_1_A,1
0,train,3000,1954,5jmf_1_A,1
0,train,3000,1955,4gyg_1_A,1
0,train,3000,1956,2gu1_1_A,1
0,train,3000,1957,2b9e_1_A,1
0,train,3000,1958,3u59_1_A,1
0,train,3000,1959,1mww_1_A,1
0,train,3000,1960,5ay6_1_A,1
0,train,3000,1961,5xvr_1_A,1
0,train,3000,1962,1gou_1_A,1
0,train,3000,1963,5ly3_1_A,1
0,train,3000,1964,5lkq_1_B,1
0,train,3000,1965,3w5m_1_A,0
0,train,3000,1966,3l9b_1_A,1
0,train,3000,1967,5yuf_1_A,1
0,train,3000,1968,3kki_1_A,1
0,train,3000,1969,3ro3_1_A,1
0,train,3000,1970,5c82_1_B,1
0,train,3000,1971,2wuq_1_A,1
0,train,3000,1972,3cfz_1_A,1
0,train,3000,1973,3hcs_1_B,1
0,train,3000,1974,3d7r_1_A,1
0,train,3000,1975,3va4_1_A,1
0,train,3000,1976,2ohc_1_B,1
0,train,3000,1977,1byr_1_A,1
0,train,3000,1978,1hqz_1_A,1
0,train,3000,1979,2ca9_1_B,1
0,train,3000,1980,4alz_1_A,1
0,train,3000,1981,3ci9_1_B,1
0,train,3000,1982,3bdq_1_B,1
0,train,3000,1983,5fiw_1_B,1
0,train,3000,1984,5wuf_1_A,1
0,train,3000,1985,4i6v_1_C,1
0,train,3000,1986,5aii_1_A,1
0,train,3000,1987,2hoq_1_B,1
0,train,3000,1988,3bjr_1_B,1
0,train,3000,1989,5t4m_1_A,1
0,train,3000,1990,4tvr_1_A,1
0,train,3000,1991,1d0g_1_E,1
0,train,3000,1992,2veq_1_B,1
0,train,3000,1993,1m1f_1_B,1
0,train,3000,1994,1lof_1_D,1
0,train,3000,1995,2a2m_1_A,1
0,train,3000,1996,4hzo_1_A,1
0,train,3000,1997,4nk8_1_A,1
0,train,3000,1998,4u04_1_A,1
0,train,3000,1999,4bxi_1_B,1
0,train,3000,2000,1ouo_1_A,1
0,train,3000,2001,3k1t_1_B,1
0,train,3000,2002,2p5k_1_A,1
0,train,3000,2003,2ahr_1_E,1
0,train,3000,2004,3ns6_1_A,1
0,train,3000,2005,5xjg_1_C,1
0,train,3000,2006,2bf6_1_A,1
0,train,3000,2007,1l2l_1_A,1
0,train,3000,2008,4ltd_1_A,1
0,train,3000,2009,3cw3_1_A,1
0,train,3000,2010,3ik4_1_A,1
0,train,3000,2011,4q2n_1_A,1
0,train,3000,2012,2a4a_1_A,1
0,train,3000,2013,5flw_1_A,1
0,train,3000,2014,3iag_1_A,1
0,train,3000,2015,5odc_1_B,1
0,train,3000,2016,4h7y_1_A,1
0,train,3000,2017,1bsl_1_B,1
0,train,3000,2018,4cp6_1_A,1
0,train,3000,2019,5fno_1_A,1
0,train,3000,2020,2w0g_1_A,1
0,train,3000,2021,3g0o_1_B,1
0,train,3000,2022,5h9f_1_K,1
0,train,3000,2023,4dkw_1_A,1
0,train,3000,2024,5opj_1_A,1
0,train,3000,2025,5k39_1_B,1
0,train,3000,2026,5cv0_1_A,1
0,train,3000,2027,2ush_1_A,1
0,train,3000,2028,1uha_1_A,1
0,train,3000,2029,1k3r_1_A,1
0,train,3000,2030,3ucs_1_A,1
0,train,3000,2031,2j4x_1_A,1
0,train,3000,2032,3via_1_A,1
0,train,3000,2033,4lk5_1_B,1
0,train,3000,2034,1rp3_1_A,1
0,train,3000,2035,3hf3_1_A,1
0,train,3000,2036,4pxj_1_A,1
0,train,3000,2037,3qhb_1_A,1
0,train,3000,2038,1o50_1_B,1
0,train,3000,2039,2o8g_1_B,1
0,train,3000,2040,5oqd_1_A,1
0,train,3000,2041,4kp3_1_C,1
0,train,3000,2042,2xst_1_A,1
0,train,3000,2043,1jhj_1_A,1
0,train,3000,2044,3pfe_1_B,1
0,train,3000,2045,2cyc_1_B,1
0,train,3000,2046,4pmo_1_A,1
0,train,3000,2047,2oi8_1_B,1
0,train,3000,2048,1e5x_1_B,1
0,train,3000,2049,4h2k_1_A,1
0,train,3000,2050,2cw9_1_A,1
0,train,3000,2051,3c0d_1_A,1
0,train,3000,2052,3kkz_1_A,1
0,train,3000,2053,2civ_1_A,1
0,train,3000,2054,1w55_1_A,1
0,train,3000,2055,3m1m_1_A,1
0,train,3000,2056,3fjv_1_B,1
0,train,3000,2057,3cc2_1_E,1
0,train,3000,2058,5fzp_1_A,1
0,train,3000,2059,5b47_1_D,1
0,train,3000,2060,4yud_1_A,1
0,train,3000,2061,3h01_1_B,1
0,train,3000,2062,4yec_1_B,1
0,train,3000,2063,2r5s_1_A,1
0,train,3000,2064,1g31_1_A,1
0,train,3000,2065,3kuq_1_A,1
0,train,3000,2066,1x8j_1_A,1
0,train,3000,2067,3q9p_1_A,1
0,train,3000,2068,3ima_1_B,1
0,train,3000,2069,3g5t_1_A,1
0,train,3000,2070,3thg_1_A,1
0,train,3000,2071,1yf2_1_A,1
0,train,3000,2072,4i6k_1_A,1
0,train,3000,2073,2wal_1_A,1
0,train,3000,2074,4oci_1_B,1
0,train,3000,2075,1kny_1_B,1
0,train,3000,2076,3pnz_1_A,1
0,train,3000,2077,2a4x_1_A,1
0,train,3000,2078,5n6x_1_B,1
0,train,3000,2079,1mwq_1_B,1
0,train,3000,2080,5nz7_1_B,1
0,train,3000,2081,3fvd_1_B,1
0,train,3000,2082,5ixl_1_A,1
0,train,3000,2083,5j6y_1_A,1
0,train,3000,2084,5uy7_1_A,1
0,train,3000,2085,3p1y_1_B,1
0,train,3000,2086,3t38_1_B,1
0,train,3000,2087,5e3i_1_A,1
0,train,3000,2088,2cbg_1_A,1
0,train,3000,2089,2w1a_1_D,1
0,train,3000,2090,3sjq_1_D,1
0,train,3000,2091,5by3_1_A,1
0,train,3000,2092,4u7w_1_A,1
0,train,3000,2093,3d5g_1_A,1
0,train,3000,2094,4c0g_1_A,1
0,train,3000,2095,1o8x_1_A,1
0,train,3000,2096,3u64_1_A,1
0,train,3000,2097,2ckx_1_A,1
0,train,3000,2098,4l3f_1_A,1
0,train,3000,2099,3ww0_1_B,1
0,train,3000,2100,6bhv_1_A,1
0,train,3000,2101,3dfz_1_A,1
0,train,3000,2102,4fz2_1_B,1
0,train,3000,2103,2d00_1_A,1
0,train,3000,2104,2iuy_1_A,1
0,train,3000,2105,2yvs_1_B,1
0,train,3000,2106,5awh_1_A,1
0,train,3000,2107,2ebb_1_B,1
0,train,3000,2108,4v3j_1_A,1
0,train,3000,2109,5dzm_1_A,1
0,train,3000,2110,1bnd_1_A,1
0,train,3000,2111,3qh9_1_B,1
0,train,3000,2112,2g0i_1_A,1
0,train,3000,2113,1s4c_1_B,1
0,train,3000,2114,3b5n_1_D,1
0,train,3000,2115,3dsh_1_B,1
0,train,3000,2116,4lsd_1_B,1
0,train,3000,2117,4g9q_1_A,1
0,train,3000,2118,2ful_1_A,1
0,train,3000,2119,1wcu_1_A,1
0,train,3000,2120,2yml_1_A,1
0,train,3000,2121,2xzz_1_A,1
0,train,3000,2122,4r0s_1_A,1
0,train,3000,2123,4zne_1_A,1
0,train,3000,2124,2we3_1_A,1
0,train,3000,2125,2ph5_1_B,1
0,train,3000,2126,1v8d_1_A,1
0,train,3000,2127,4zr7_1_A,1
0,train,3000,2128,2cyy_1_A,1
0,train,3000,2129,1lgp_1_A,1
0,train,3000,2130,4txo_1_A,1
0,train,3000,2131,4xax_1_A,1
0,train,3000,2132,2v8q_1_C,1
0,train,3000,2133,3h95_1_B,1
0,train,3000,2134,1rl0_1_A,1
0,train,3000,2135,2v72_1_A,1
0,train,3000,2136,4w4l_1_C,1
0,train,3000,2137,2uur_1_A,1
0,train,3000,2138,4k90_1_B,1
0,train,3000,2139,3fh1_1_B,1
0,train,3000,2140,4kl0_1_A,1
0,train,3000,2141,5z5d_1_A,1
0,train,3000,2142,4wzx_1_A,1
0,train,3000,2143,1sdi_1_A,1
0,train,3000,2144,4al7_1_A,1
0,train,3000,2145,3s6f_1_B,1
0,train,3000,2146,4yxz_1_A,1
0,train,3000,2147,1rlr_1_A,1
0,train,3000,2148,3ajm_1_B,1
0,train,3000,2149,5vip_1_B,1
0,train,3000,2150,2z5i_1_B,1
0,train,3000,2151,5x7l_1_A,1
0,train,3000,2152,3c9a_1_A,1
0,train,3000,2153,1ntm_1_H,1
0,train,3000,2154,5yzc_1_A,1
0,train,3000,2155,4u3v_1_A,1
0,train,3000,2156,3att_1_A,1
0,train,3000,2157,1kob_1_B,1
0,train,3000,2158,5xom_1_B,1
0,train,3000,2159,3ni8_1_A,1
0,train,3000,2160,5c74_1_A,1
0,train,3000,2161,2pim_1_B,1
0,train,3000,2162,3tr2_1_A,1
0,train,3000,2163,2f5t_1_B,1
0,train,3000,2164,1i6n_1_A,1
0,train,3000,2165,2p3h_1_A,1
0,train,3000,2166,2yf2_1_B,1
0,train,3000,2167,5fjd_1_B,1
0,train,3000,2168,1wjg_1_A,1
0,train,3000,2169,4psm_1_A,1
0,train,3000,2170,5mln_1_A,1
0,train,3000,2171,5n5e_1_A,1
0,train,3000,2172,2ix7_1_C,1
0,train,3000,2173,5ec0_1_A,1
0,train,3000,2174,4c1w_1_A,1
0,train,3000,2175,1z05_1_B,1
0,train,3000,2176,1i80_1_B,1
0,train,3000,2177,5wy4_1_A,1
0,train,3000,2178,1u0m_1_B,1
0,train,3000,2179,3egc_1_B,1
0,train,3000,2180,3l6v_1_A,1
0,train,3000,2181,2ofp_1_A,1
0,train,3000,2182,3cjs_1_A,1
0,train,3000,2183,1x9y_1_A,1
0,train,3000,2184,3nft_1_B,1
0,train,3000,2185,2f59_1_D,1
0,train,3000,2186,1msc_1_A,1
0,train,3000,2187,2y8y_1_A,1
0,train,3000,2188,3dpj_1_B,1
0,train,3000,2189,1vmi_1_B,1
0,train,3000,2190,5vr2_1_B,1
0,train,3000,2191,1wmf_1_A,1
0,train,3000,2192,4l5e_1_B,1
0,train,3000,2193,3vyx_1_A,1
0,train,3000,2194,1xsv_1_B,1
0,train,3000,2195,3l5k_1_A,1
0,train,3000,2196,1xf6_1_B,1
0,train,3000,2197,4mni_1_A,1
0,train,3000,2198,4z9c_1_A,1
0,train,3000,2199,2bu3_1_A,1
0,train,3000,2200,2a06_1_T,1
0,train,3000,2201,2vnu_1_A,1
0,train,3000,2202,5cxp_1_B,1
0,train,3000,2203,1zy7_1_A,1
0,train,3000,2204,4fmm_1_B,1
0,train,3000,2205,2hdo_1_A,1
0,train,3000,2206,2fge_1_A,1
0,train,3000,2207,1mhy_1_E,1
0,train,3000,2208,3e61_1_C,1
0,train,3000,2209,3bpx_1_B,1
0,train,3000,2210,3c4p_1_B,1
0,train,3000,2211,2qib_1_B,1
0,train,3000,2212,4dx5_1_A,0
0,train,3000,2213,3imk_1_A,1
0,train,3000,2214,5w5d_1_E,1
0,train,3000,2215,3s5p_1_A,1
0,train,3000,2216,3hvw_1_A,1
0,train,3000,2217,3djl_1_A,1
0,train,3000,2218,2xsd_1_A,1
0,train,3000,2219,1vc1_1_B,1
0,train,3000,2220,4rpf_1_A,1
0,train,3000,2221,4iei_1_A,1
0,train,3000,2222,5gkk_1_B,1
0,train,3000,2223,3flo_1_A,1
0,train,3000,2224,2fkw_1_A,1
0,train,3000,2225,1epu_1_A,1
0,train,3000,2226,3eud_1_A,1
0,train,3000,2227,5vz4_1_D,1
0,train,3000,2228,5fcu_1_A,1
0,train,3000,2229,1z0h_1_A,1
0,train,3000,2230,4l7a_1_A,1
0,train,3000,2231,5lm9_1_A,1
0,train,3000,2232,2esh_1_A,1
0,train,3000,2233,2z3i_1_A,1
0,train,3000,2234,1y7p_1_B,1
0,train,3000,2235,4a0z_1_B,1
0,train,3000,2236,3ako_1_A,1
0,train,3000,2237,3vrh_1_B,1
0,train,3000,2238,4fp4_1_B,1
0,train,3000,2239,2inc_1_A,1
0,train,3000,2240,1wpb_1_A,1
0,train,3000,2241,2uxt_1_A,1
0,train,3000,2242,3bv6_1_B,1
0,train,3000,2243,5o6c_1_A,1
0,train,3000,2244,5f9p_1_A,1
0,train,3000,2245,3upl_1_A,1
0,train,3000,2246,2b9w_1_A,1
0,train,3000,2247,3h0d_1_B,1
0,train,3000,2248,2p4g_1_B,1
0,train,3000,2249,5xko_1_A,1
0,train,3000,2250,4fo1_1_A,1
0,train,3000,2251,2v7c_1_A,1
0,train,3000,2252,4n01_1_A,1
0,train,3000,2253,5btb_1_A,1
0,train,3000,2254,3uo2_1_A,1
0,train,3000,2255,2e50_1_B,1
0,train,3000,2256,2r1z_1_A,1
0,train,3000,2257,2isy_1_A,1
0,train,3000,2258,4oma_1_A,1
0,train,3000,2259,3dtn_1_B,1
0,train,3000,2260,5elt_1_A,1
0,train,3000,2261,4h15_1_A,1
0,train,3000,2262,3og4_1_B,1
0,train,3000,2263,3k6z_1_B,1
0,train,3000,2264,2nn2_1_A,1
0,train,3000,2265,3tzn_1_B,1
0,train,3000,2266,5x20_1_B,1
0,train,3000,2267,4d5e_1_B,1
0,train,3000,2268,2rfm_1_A,1
0,train,3000,2269,5iys_1_A,1
0,train,3000,2270,5f05_1_B,1
0,train,3000,2271,5xb6_1_B,1
0,train,3000,2272,5eq9_1_B,1
0,train,3000,2273,3pd7_1_A,1
0,train,3000,2274,1svy_1_A,1
0,train,3000,2275,4mjf_1_B,1
0,train,3000,2276,5eb3_1_A,1
0,train,3000,2277,2dr8_1_A,1
0,train,3000,2278,3atq_1_A,1
0,train,3000,2279,4fvm_1_A,1
0,train,3000,2280,5dcz_1_A,1
0,train,3000,2281,2yj4_1_A,1
0,train,3000,2282,5b19_1_B,1
0,train,3000,2283,2xf5_1_B,1
0,train,3000,2284,2oqq_1_B,1
0,train,3000,2285,3dhh_1_C,1
0,train,3000,2286,4evr_1_A,1
0,train,3000,2287,5k8g_1_A,1
0,train,3000,2288,4chh_1_A,1
0,train,3000,2289,4fm3_1_C,1
0,train,3000,2290,3lt6_1_B,1
0,train,3000,2291,3e03_1_A,1
0,train,3000,2292,4lm1_1_A,1
0,train,3000,2293,4d2o_1_A,1
0,train,3000,2294,3wz4_1_A,1
0,train,3000,2295,2f9z_1_A,1
0,train,3000,2296,3sm3_1_B,1
0,train,3000,2297,3fvv_1_A,1
0,train,3000,2298,5oq1_1_A,1
0,train,3000,2299,3h4s_1_B,1
0,train,3000,2300,3osr_1_A,1
0,train,3000,2301,3uc9_1_A,1
0,train,3000,2302,3dwg_1_A,1
0,train,3000,2303,3ged_1_B,1
0,train,3000,2304,1rmg_1_A,1
0,train,3000,2305,2pmq_1_B,1
0,train,3000,2306,4yb6_1_F,1
0,train,3000,2307,4i61_1_A,1
0,train,3000,2308,5cyy_1_A,1
0,train,3000,2309,4wu4_1_A,1
0,train,3000,2310,3gyg_1_B,1
0,train,3000,2311,5a4a_1_A,1
0,train,3000,2312,4n0p_1_A,1
0,train,3000,2313,1v7l_1_A,1
0,train,3000,2314,5azy_1_A,1
0,train,3000,2315,1twf_1_C,1
0,train,3000,2316,1ysj_1_B,1
0,train,3000,2317,5xaq_1_B,1
0,train,3000,2318,5ii5_1_A,1
0,train,3000,2319,3pfo_1_B,1
0,train,3000,2320,4q5r_1_B,1
0,train,3000,2321,3zle_1_A,1
0,train,3000,2322,5cvm_1_A,1
0,train,3000,2323,5e37_1_A,1
0,train,3000,2324,3u2g_1_A,1
0,train,3000,2325,5u22_1_A,1
0,train,3000,2326,5hbh_1_B,1
0,train,3000,2327,1fle_1_B,1
0,train,3000,2328,4im0_1_B,1
0,train,3000,2329,3coq_1_B,1
0,train,3000,2330,2d7e_1_B,1
0,train,3000,2331,4rs8_1_B,1
0,train,3000,2332,4m00_1_A,1
0,train,3000,2333,2gz4_1_B,1
0,train,3000,2334,3mx7_1_A,1
0,train,3000,2335,3gqs_1_A,1
0,train,3000,2336,3u97_1_A,1
0,train,3000,2337,5h6b_1_A,1
0,train,3000,2338,1ttz_1_A,1
0,train,3000,2339,3aq5_1_A,1
0,train,3000,2340,3vop_1_B,1
0,train,3000,2341,1eer_1_A,1
0,train,3000,2342,1klo_1_A,1
0,train,3000,2343,2ce7_1_D,1
0,train,3000,2344,5mzh_1_A,1
0,train,3000,2345,2dgj_1_B,1
0,train,3000,2346,2jfk_1_A,1
0,train,3000,2347,3pve_1_A,1
0,train,3000,2348,3bt3_1_B,1
0,train,3000,2349,2qx5_1_A,1
0,train,3000,2350,2p9i_1_F,1
0,train,3000,2351,4y4q_1_A,1
0,train,3000,2352,3p51_1_A,1
0,train,3000,2353,4flb_1_B,1
0,train,3000,2354,3swf_1_B,1
0,train,3000,2355,3swj_1_A,1
0,train,3000,2356,4cic_1_B,1
0,train,3000,2357,2cb5_1_B,1
0,train,3000,2358,2nyx_1_A,1
0,train,3000,2359,3ep1_1_B,1
0,train,3000,2360,5aan_1_A,1
0,train,3000,2361,3c3d_1_B,1
0,train,3000,2362,2r78_1_A,1
0,train,3000,2363,3tva_1_A,1
0,train,3000,2364,5nny_1_A,1
0,train,3000,2365,4rkc_1_B,1
0,train,3000,2366,4gvq_1_A,1
0,train,3000,2367,3ivm_1_A,1
0,train,3000,2368,4hrs_1_A,1
0,train,3000,2369,4f44_1_B,1
0,train,3000,2370,1wu2_1_B,1
0,train,3000,2371,4rnc_1_B,1
0,train,3000,2372,3l48_1_A,1
0,train,3000,2373,3elk_1_A,1
0,train,3000,2374,4wuv_1_B,1
0,train,3000,2375,4z7e_1_A,1
0,train,3000,2376,1vcv_1_B,1
0,train,3000,2377,1lss_1_B,1
0,train,3000,2378,4gmq_1_A,1
0,train,3000,2379,2bkp_1_A,1
0,train,3000,2380,4xdd_1_A,1
0,train,3000,2381,2f9i_1_D,1
0,train,3000,2382,4cud_1_A,1
0,train,3000,2383,2j0s_1_D,1
0,train,3000,2384,3moi_1_B,1
0,train,3000,2385,1h1o_1_A,1
0,train,3000,2386,4ygb_1_A,1
0,train,3000,2387,1mw7_1_A,1
0,train,3000,2388,3kor_1_A,1
0,train,3000,2389,4grf_1_A,1
0,train,3000,2390,1mnm_1_D,1
0,train,3000,2391,1bxw_1_A,1
0,train,3000,2392,2eh3_1_B,1
0,train,3000,2393,1te2_1_B,1
0,train,3000,2394,1ofh_1_A,1
0,train,3000,2395,2yc3_1_A,1
0,train,3000,2396,2yms_1_D,1
0,train,3000,2397,3kt1_1_A,1
0,train,3000,2398,1wgb_1_A,1
0,train,3000,2399,3e4w_1_A,1
0,train,3000,2400,1iir_1_A,1
0,train,3000,2401,1puo_1_A,1
0,train,3000,2402,4l8k_1_A,1
0,train,3000,2403,2zj8_1_A,1
0,train,3000,2404,4zdt_1_A,1
0,train,3000,2405,4fk5_1_D,1
0,train,3000,2406,5e76_1_A,1
0,train,3000,2407,2qu7_1_B,1
0,train,3000,2408,2e3u_1_A,1
0,train,3000,2409,4iuw_1_A,1
0,train,3000,2410,2ppx_1_A,1
0,train,3000,2411,3zt9_1_A,1
0,train,3000,2412,3clp_1_B,1
0,train,3000,2413,4at7_1_A,1
0,train,3000,2414,1orr_1_A,1
0,train,3000,2415,5v2c_1_V,1
0,train,3000,2416,5uyt_1_A,1
0,train,3000,2417,3kcp_1_A,1
0,train,3000,2418,4bi3_1_A,1
0,train,3000,2419,1lbu_1_A,1
0,train,3000,2420,5vpc_1_B,1
0,train,3000,2421,2r6v_1_A,1
0,train,3000,2422,4ys2_1_A,1
0,train,3000,2423,5e7n_1_A,1
0,train,3000,2424,1shu_1_A,1
0,train,3000,2425,5cx8_1_B,1
0,train,3000,2426,2chg_1_A,1
0,train,3000,2427,1bia_1_A,1
0,train,3000,2428,1fch_1_A,1
0,train,3000,2429,1nlw_1_A,1
0,train,3000,2430,4nkb_1_A,1
0,train,3000,2431,1rq5_1_A,1
0,train,3000,2432,4nch_1_A,1
0,train,3000,2433,3ry7_1_B,1
0,train,3000,2434,3dyj_1_A,1
0,train,3000,2435,3i4g_1_A,1
0,train,3000,2436,3b5m_1_A,1
0,train,3000,2437,3vyw_1_A,1
0,train,3000,2438,1kcf_1_B,1
0,train,3000,2439,5mc7_1_A,1
0,train,3000,2440,1vfy_1_A,1
0,train,3000,2441,5mph_1_A,1
0,train,3000,2442,5trq_1_A,1
0,train,3000,2443,3pe9_1_A,1
0,train,3000,2444,5vc1_1_A,1
0,train,3000,2445,5f5b_1_A,1
0,train,3000,2446,4zwq_1_A,1
0,train,3000,2447,2y9w_1_B,1
0,train,3000,2448,2wde_1_A,1
0,train,3000,2449,4mrt_1_A,1
0,train,3000,2450,3fdu_1_C,1
0,train,3000,2451,2iai_1_B,1
0,train,3000,2452,2qr6_1_A,1
0,train,3000,2453,2a4v_1_A,1
0,train,3000,2454,5a08_1_A,1
0,train,3000,2455,2g5x_1_A,1
0,train,3000,2456,3h7v_1_A,1
0,train,3000,2457,4bsx_1_A,1
0,train,3000,2458,1ud2_1_A,1
0,train,3000,2459,5j72_1_A,1
0,train,3000,2460,4c3y_1_A,1
0,train,3000,2461,3bs5_1_B,1
0,train,3000,2462,4y2c_1_A,1
0,train,3000,2463,5njb_1_B,1
0,train,3000,2464,2zf9_1_A,1
0,train,3000,2465,2hc8_1_A,1
0,train,3000,2466,4orz_1_B,1
0,train,3000,2467,3lyy_1_B,1
0,train,3000,2468,4hwd_1_A,1
0,train,3000,2469,3jzy_1_A,1
0,train,3000,2470,4fzy_1_A,1
0,train,3000,2471,3qyf_1_B,1
0,train,3000,2472,4h6b_1_A,1
0,train,3000,2473,1j5x_1_A,1
0,train,3000,2474,5xun_1_A,1
0,train,3000,2475,3tqm_1_A,1
0,train,3000,2476,5h7y_1_A,1
0,train,3000,2477,4x7u_1_A,1
0,train,3000,2478,5j1t_1_A,1
0,train,3000,2479,6ekb_1_A,1
0,train,3000,2480,2ev2_1_A,1
0,train,3000,2481,2yr4_1_A,1
0,train,3000,2482,1vhv_1_A,1
0,train,3000,2483,1mhm_1_A,1
0,train,3000,2484,2rb9_1_B,1
0,train,3000,2485,2z80_1_A,1
0,train,3000,2486,4lg9_1_A,1
0,train,3000,2487,2gc9_1_A,1
0,train,3000,2488,2pnw_1_A,1
0,train,3000,2489,2o62_1_A,1
0,train,3000,2490,3pmo_1_A,1
0,train,3000,2491,4r7f_1_B,1
0,train,3000,2492,4aow_1_A,1
0,train,3000,2493,2gjv_1_A,1
0,train,3000,2494,2wzv_1_B,1
0,train,3000,2495,3r5a_1_A,1
0,train,3000,2496,3u5w_1_A,1
0,train,3000,2497,5eu0_1_A,1
0,train,3000,2498,3qpi_1_A,1
0,train,3000,2499,1bxi_1_A,1
0,train,3000,2500,2p2e_1_A,1
0,train,3000,2501,4apx_1_B,1
0,train,3000,2502,4m7r_1_A,1
0,train,3000,2503,5w83_1_B,1
0,train,3000,2504,1xko_1_B,1
0,train,3000,2505,6flk_1_A,1
0,train,3000,2506,3w4s_1_A,1
0,train,3000,2507,4dom_1_A,1
0,train,3000,2508,1nc7_1_D,1
0,train,3000,2509,3ok8_1_B,1
0,train,3000,2510,1lta_1_A,1
0,train,3000,2511,1wdv_1_A,1
0,train,3000,2512,1a40_1_A,1
0,train,3000,2513,4qjy_1_A,1
0,train,3000,2514,3b4u_1_A,1
0,train,3000,2515,2o59_1_A,1
0,train,3000,2516,3vxd_1_A,1
0,train,3000,2517,1sur_1_B,1
0,train,3000,2518,4e0q_1_B,1
0,train,3000,2519,3qh4_1_A,1
0,train,3000,2520,3leh_1_B,1
0,train,3000,2521,3n1b_1_A,1
0,train,3000,2522,5d27_1_A,1
0,train,3000,2523,4m6t_1_A,1
0,train,3000,2524,1ee6_1_A,1
0,train,3000,2525,1gv8_1_A,1
0,train,3000,2526,4dyl_1_B,1
0,train,3000,2527,3nja_1_B,1
0,train,3000,2528,3c5h_1_A,1
0,train,3000,2529,4yvd_1_B,1
0,train,3000,2530,2w1n_1_A,1
0,train,3000,2531,5bz3_1_B,1
0,train,3000,2532,3d0j_1_B,1
0,train,3000,2533,4dng_1_B,1
0,train,3000,2534,4ncd_1_A,1
0,train,3000,2535,3cc2_1_R,1
0,train,3000,2536,2h1c_1_C,1
0,train,3000,2537,3db0_1_C,1
0,train,3000,2538,5h65_1_A,1
0,train,3000,2539,3f8m_1_B,1
0,train,3000,2540,2f4o_1_A,1
0,train,3000,2541,3mt0_1_A,1
0,train,3000,2542,4mad_1_A,1
0,train,3000,2543,3i5x_1_A,1
0,train,3000,2544,1fs1_1_C,1
0,train,3000,2545,4wfd_1_A,1
0,train,3000,2546,2por_1_A,1
0,train,3000,2547,5lgd_1_B,1
0,train,3000,2548,5cr9_1_A,1
0,train,3000,2549,4g68_1_A,1
0,train,3000,2550,5kha_1_B,1
0,train,3000,2551,6bo0_1_A,1
0,train,3000,2552,4h1g_1_A,1
0,train,3000,2553,4o4s_1_A,1
0,train,3000,2554,2ef7_1_A,1
0,train,3000,2555,3buu_1_A,1
0,train,3000,2556,4bvx_1_B,1
0,train,3000,2557,3raz_1_A,1
0,train,3000,2558,3cjs_1_B,1
0,train,3000,2559,4mo0_1_A,1
0,train,3000,2560,3mxa_1_A,1
0,train,3000,2561,2d4u_1_B,1
0,train,3000,2562,2wat_1_A,1
0,train,3000,2563,4lfh_1_A,1
0,train,3000,2564,5ngw_1_A,1
0,train,3000,2565,5d1p_1_B,1
0,train,3000,2566,3fms_1_A,1
0,train,3000,2567,3l9w_1_B,1
0,train,3000,2568,4zrj_1_A,1
0,train,3000,2569,4elz_1_A,1
0,train,3000,2570,1stz_1_C,1
0,train,3000,2571,4l82_1_A,1
0,train,3000,2572,4uqw_1_A,1
0,train,3000,2573,2ocv_1_B,1
0,train,3000,2574,3c5x_1_B,1
0,train,3000,2575,5jcd_1_A,1
0,train,3000,2576,4kl6_1_B,1
0,train,3000,2577,1s12_1_B,1
0,train,3000,2578,1s35_1_A,1
0,train,3000,2579,3gc3_1_A,1
0,train,3000,2580,2h7z_1_A,1
0,train,3000,2581,4urh_1_A,1
0,train,3000,2582,5jh0_1_A,1
0,train,3000,2583,2b3z_1_D,1
0,train,3000,2584,3edc_1_A,1
0,train,3000,2585,5wnw_1_B,1
0,train,3000,2586,4ecm_1_A,1
0,train,3000,2587,4ghb_1_B,1
0,train,3000,2588,4hj6_1_B,1
0,train,3000,2589,2hlh_1_A,1
0,train,3000,2590,3chl_1_A,1
0,train,3000,2591,2x28_1_A,1
0,train,3000,2592,3mix_1_A,1
0,train,3000,2593,5k04_1_B,1
0,train,3000,2594,2o14_1_A,1
0,train,3000,2595,3g17_1_B,1
0,train,3000,2596,3g4o_1_B,1
0,train,3000,2597,2i45_1_A,1
0,train,3000,2598,3czc_1_A,1
0,train,3000,2599,5dqs_1_B,1
0,train,3000,2600,5x2e_1_A,1
0,train,3000,2601,2qqz_1_B,1
0,train,3000,2602,1v8h_1_B,1
0,train,3000,2603,1dkf_1_B,1
0,train,3000,2604,3esm_1_B,1
0,train,3000,2605,5jfy_1_B,1
0,train,3000,2606,1t3g_1_B,1
0,train,3000,2607,3c3j_1_B,1
0,train,3000,2608,3cit_1_D,1
0,train,3000,2609,3zg6_1_A,1
0,train,3000,2610,4j8l_1_A,1
0,train,3000,2611,4rk9_1_A,1
0,train,3000,2612,2jbm_1_A,1
0,train,3000,2613,4qdj_1_A,1
0,train,3000,2614,4zjh_1_A,1
0,train,3000,2615,5wk0_1_B,1
0,train,3000,2616,1cz1_1_A,1
0,train,3000,2617,4ttw_1_B,1
0,train,3000,2618,2i9d_1_C,1
0,train,3000,2619,1pky_1_C,1
0,train,3000,2620,6bus_1_A,1
0,train,3000,2621,2gju_1_A,1
0,train,3000,2622,4zme_1_A,1
0,train,3000,2623,3l42_1_A,1
0,train,3000,2624,5m1t_1_B,1
0,train,3000,2625,5jv4_1_A,1
0,train,3000,2626,6c9x_1_A,1
0,train,3000,2627,1m2o_1_C,1
0,train,3000,2628,2gk4_1_B,1
0,train,3000,2629,2o7v_1_A,1
0,train,3000,2630,4ouh_1_A,1
0,train,3000,2631,5w7c_1_A,1
0,train,3000,2632,4ahc_1_A,1
0,train,3000,2633,1us7_1_B,1
0,train,3000,2634,3fgv_1_B,1
0,train,3000,2635,1bpl_1_A,1
0,train,3000,2636,3i6v_1_A,1
0,train,3000,2637,4cyf_1_A,1
0,train,3000,2638,1tuk_1_A,1
0,train,3000,2639,5hd6_1_A,1
0,train,3000,2640,1ojr_1_A,1
0,train,3000,2641,3no3_1_A,1
0,train,3000,2642,2h6r_1_B,1
0,train,3000,2643,3nd2_1_A,1
0,train,3000,2644,1h80_1_A,1
0,train,3000,2645,4r23_1_A,1
0,train,3000,2646,5e3b_1_A,1
0,train,3000,2647,1kut_1_A,1
0,train,3000,2648,2y8g_1_A,1
0,train,3000,2649,1q9s_1_A,1
0,train,3000,2650,1dzo_1_A,1
0,train,3000,2651,5bnx_1_C,1
0,train,3000,2652,4kbj_1_B,1
0,train,3000,2653,4noo_1_A,1
0,train,3000,2654,3s6j_1_C,1
0,train,3000,2655,1wkr_1_A,1
0,train,3000,2656,1zbm_1_A,1
0,train,3000,2657,5bpz_1_A,1
0,train,3000,2658,3eyy_1_B,1
0,train,3000,2659,5van_1_A,1
0,train,3000,2660,3hxl_1_A,1
0,train,3000,2661,1r62_1_A,1
0,train,3000,2662,4ybg_1_A,1
0,train,3000,2663,6b3x_1_A,1
0,train,3000,2664,4puc_1_A,1
0,train,3000,2665,2odh_1_A,1
0,train,3000,2666,2qm2_1_A,1
0,train,3000,2667,5szb_1_A,1
0,train,3000,2668,3epz_1_A,1
0,train,3000,2669,4tpv_1_A,1
0,train,3000,2670,5jw9_1_B,1
0,train,3000,2671,3bcy_1_A,1
0,train,3000,2672,2oay_1_A,1
0,train,3000,2673,6avv_1_A,1
0,train,3000,2674,1w62_1_A,1
0,train,3000,2675,1lf6_1_A,1
0,train,3000,2676,5u7p_1_A,1
0,train,3000,2677,5jd5_1_A,1
0,train,3000,2678,5svy_1_A,1
0,train,3000,2679,3zrh_1_A,1
0,train,3000,2680,3bws_1_A,1
0,train,3000,2681,1o12_1_B,1
0,train,3000,2682,5j0b_1_B,1
0,train,3000,2683,5msn_1_A,1
0,train,3000,2684,3vep_1_B,1
0,train,3000,2685,1f5q_1_B,1
0,train,3000,2686,1ziw_1_A,1
0,train,3000,2687,1w1d_1_A,1
0,train,3000,2688,2gvm_1_A,1
0,train,3000,2689,1z6b_1_A,1
0,train,3000,2690,3v7p_1_A,1
0,train,3000,2691,4evw_1_A,1
0,train,3000,2692,3l6u_1_B,1
0,train,3000,2693,2hqy_1_B,1
0,train,3000,2694,5i2m_1_B,1
0,train,3000,2695,2yz2_1_A,1
0,train,3000,2696,3v3t_1_A,1
0,train,3000,2697,4gs7_1_C,1
0,train,3000,2698,5kjo_1_A,1
0,train,3000,2699,5gn1_1_A,1
0,train,3000,2700,4jkm_1_E,1
0,train,3000,2701,4dnc_1_B,1
0,train,3000,2702,3w1y_1_C,1
0,train,3000,2703,3clj_1_A,1
0,train,3000,2704,4hcs_1_A,1
0,train,3000,2705,3pss_1_B,1
0,train,3000,2706,1zkp_1_B,1
0,train,3000,2707,5oar_1_A,1
0,train,3000,2708,1ywf_1_A,1
0,train,3000,2709,2xev_1_A,1
0,train,3000,2710,1x6j_1_A,1
0,train,3000,2711,3hwj_1_A,1
0,train,3000,2712,3jsj_1_B,1
0,train,3000,2713,1hbg_1_A,1
0,train,3000,2714,1hdo_1_A,1
0,train,3000,2715,1yc9_1_A,1
0,train,3000,2716,4rqo_1_A,1
0,train,3000,2717,5m3t_1_B,1
0,train,3000,2718,4mcw_1_A,1
0,train,3000,2719,4mnn_1_A,1
0,train,3000,2720,2j8k_1_A,1
0,train,3000,2721,5klp_1_A,1
0,train,3000,2722,2v7b_1_A,1
0,train,3000,2723,3umc_1_B,1
0,train,3000,2724,4o9k_1_B,1
0,train,3000,2725,4k22_1_A,1
0,train,3000,2726,1q8d_1_A,1
0,train,3000,2727,4hbz_1_A,1
0,train,3000,2728,5ltg_1_A,1
0,train,3000,2729,5mun_1_B,1
0,train,3000,2730,3lx4_1_A,1
0,train,3000,2731,1xju_1_A,1
0,train,3000,2732,2ou5_1_B,1
0,train,3000,2733,5n2b_1_B,1
0,train,3000,2734,3rot_1_B,1
0,train,3000,2735,5le5_1_D,1
0,train,3000,2736,5b3f_1_B,1
0,train,3000,2737,3lin_1_A,1
0,train,3000,2738,4qtp_1_A,1
0,train,3000,2739,3g3s_1_B,1
0,train,3000,2740,5l2r_1_B,1
0,train,3000,2741,1krh_1_A,1
0,train,3000,2742,4z40_1_B,1
0,train,3000,2743,4amv_1_A,1
0,train,3000,2744,1ylm_1_B,1
0,train,3000,2745,1xks_1_A,1
0,train,3000,2746,2w2l_1_A,1
0,train,3000,2747,2nzc_1_B,1
0,train,3000,2748,4s3r_1_A,1
0,train,3000,2749,2zx0_1_A,1
0,train,3000,2750,5nm7_1_A,1
0,train,3000,2751,2egd_1_B,1
0,train,3000,2752,3e11_1_A,1
0,train,3000,2753,4s1a_1_B,1
0,train,3000,2754,3ph1_1_D,1
0,train,3000,2755,3wwt_1_C,1
0,train,3000,2756,1ku7_1_A,1
0,train,3000,2757,2uvf_1_A,1
0,train,3000,2758,2xvc_1_A,1
0,train,3000,2759,3hug_1_D,1
0,train,3000,2760,4jnm_1_B,1
0,train,3000,2761,3n28_1_A,1
0,train,3000,2762,3q6b_1_A,1
0,train,3000,2763,4zi5_1_B,1
0,train,3000,2764,4qlp_1_B,1
0,train,3000,2765,4xxt_1_A,1
0,train,3000,2766,1hjr_1_B,1
0,train,3000,2767,1wyv_1_B,1
0,train,3000,2768,4r1u_1_A,1
0,train,3000,2769,3c8i_1_B,1
0,train,3000,2770,1fzr_1_A,1
0,train,3000,2771,4y0l_1_A,1
0,train,3000,2772,5fmr_1_A,1
0,train,3000,2773,3o10_1_B,1
0,train,3000,2774,3of7_1_A,1
0,train,3000,2775,4kyq_1_A,1
0,train,3000,2776,3b4q_1_A,1
0,train,3000,2777,1o57_1_A,1
0,train,3000,2778,3hsh_1_A,1
0,train,3000,2779,1v4v_1_B,1
0,train,3000,2780,1vky_1_A,1
0,train,3000,2781,2ck3_1_H,1
0,train,3000,2782,3p1v_1_A,1
0,train,3000,2783,4xwx_1_A,1
0,train,3000,2784,5ahw_1_A,1
0,train,3000,2785,3loq_1_A,1
0,train,3000,2786,5k97_1_A,1
0,train,3000,2787,2a9i_1_A,1
0,train,3000,2788,5b1r_1_A,1
0,train,3000,2789,1h4i_1_B,1
0,train,3000,2790,1lqy_1_A,1
0,train,3000,2791,1sqg_1_A,1
0,train,3000,2792,3nh5_1_A,1
0,train,3000,2793,2zc0_1_A,1
0,train,3000,2794,1ve4_1_A,1
0,train,3000,2795,3lui_1_A,1
0,train,3000,2796,1eso_1_A,1
0,train,3000,2797,2p62_1_B,1
0,train,3000,2798,1zx8_1_A,1
0,train,3000,2799,2fh1_1_A,1
0,train,3000,2800,4hss_1_A,1
0,train,3000,2801,1qas_1_A,1
0,train,3000,2802,5x57_1_A,1
0,train,3000,2803,5jbq_1_A,1
0,train,3000,2804,5gv3_1_A,1
0,train,3000,2805,2i51_1_B,1
0,train,3000,2806,5kcn_1_A,1
0,train,3000,2807,5dcf_1_A,1
0,train,3000,2808,5tug_1_A,1
0,train,3000,2809,1ae9_1_A,1
0,train,3000,2810,5bmp_1_A,1
0,train,3000,2811,2i7t_1_A,1
0,train,3000,2812,4v33_1_A,1
0,train,3000,2813,3bw6_1_A,1
0,train,3000,2814,4hk1_1_A,1
0,train,3000,2815,2qsi_1_B,1
0,train,3000,2816,4oju_1_A,1
0,train,3000,2817,4rjk_1_B,1
0,train,3000,2818,3kd3_1_A,1
0,train,3000,2819,2uz3_1_B,1
0,train,3000,2820,2esr_1_B,1
0,train,3000,2821,3ouv_1_A,1
0,train,3000,2822,5f9z_1_A,1
0,train,3000,2823,3ezu_1_B,1
0,train,3000,2824,2z69_1_A,1
0,train,3000,2825,4mxn_1_A,1
0,train,3000,2826,1at0_1_B,1
0,train,3000,2827,2cv9_1_A,1
0,train,3000,2828,1f0x_1_A,1
0,train,3000,2829,2fiq_1_B,1
0,train,3000,2830,4wfv_1_A,1
0,train,3000,2831,5b5r_1_A,1
0,train,3000,2832,3hn7_1_A,1
0,train,3000,2833,2q3s_1_A,1
0,train,3000,2834,1fsl_1_A,1
0,train,3000,2835,5euv_1_B,1
0,train,3000,2836,2c3v_1_A,1
0,train,3000,2837,5bt9_1_A,1
0,train,3000,2838,2gr8_1_A,1
0,train,3000,2839,5cww_1_B,1
0,train,3000,2840,3fov_1_B,1
0,train,3000,2841,5eik_1_A,1
0,train,3000,2842,4p5n_1_B,1
0,train,3000,2843,2aql_1_A,1
0,train,3000,2844,4jws_1_A,1
0,train,3000,2845,4zcu_1_A,1
0,train,3000,2846,2q13_1_B,1
0,train,3000,2847,2d7v_1_B,1
0,train,3000,2848,1a5k_1_B,1
0,train,3000,2849,2jh3_1_B,1
0,train,3000,2850,5fcc_1_A,1
0,train,3000,2851,4aml_1_A,1
0,train,3000,2852,3mgg_1_A,1
0,train,3000,2853,1erj_1_A,1
0,train,3000,2854,3p9z_1_A,1
0,train,3000,2855,3plc_1_A,1
0,train,3000,2856,5du9_1_A,1
0,train,3000,2857,4mi5_1_A,1
0,train,3000,2858,3h36_1_B,1
0,train,3000,2859,5xlx_1_A,1
0,train,3000,2860,1ogq_1_A,1
0,train,3000,2861,3s32_1_A,1
0,train,3000,2862,4lwd_1_A,1
0,train,3000,2863,3b6n_1_A,1
0,train,3000,2864,5hal_1_A,1
0,train,3000,2865,4p6q_1_A,1
0,train,3000,2866,2y5j_1_A,1
0,train,3000,2867,3vuq_1_B,1
0,train,3000,2868,5c5r_1_B,1
0,train,3000,2869,4woy_1_A,1
0,train,3000,2870,4wnb_1_A,1
0,train,3000,2871,1lsh_1_B,1
0,train,3000,2872,4wed_1_A,1
0,train,3000,2873,1gv2_1_A,1
0,train,3000,2874,3n08_1_A,1
0,train,3000,2875,4p04_1_A,1
0,train,3000,2876,5h3x_1_A,1
0,train,3000,2877,3mtk_1_A,1
0,train,3000,2878,2f6r_1_A,1
0,train,3000,2879,5w8e_1_A,1
0,train,3000,2880,2cfi_1_A,1
0,train,3000,2881,5l37_1_A,1
0,train,3000,2882,1b2v_1_A,1
0,train,3000,2883,1su2_1_A,1
0,train,3000,2884,2ibn_1_A,1
0,train,3000,2885,3u0r_1_A,1
0,train,3000,2886,3iu6_1_A,1
0,train,3000,2887,4yif_1_A,1
0,train,3000,2888,5jej_1_A,1
0,train,3000,2889,3bni_1_B,1
0,train,3000,2890,3zlc_1_A,1
0,train,3000,2891,3h5i_1_A,1
0,train,3000,2892,1bw0_1_A,1
0,train,3000,2893,5crv_1_A,1
0,train,3000,2894,1fo0_1_A,1
0,train,3000,2895,1ut4_1_B,1
0,train,3000,2896,3zxc_1_A,1
0,train,3000,2897,5gpy_1_A,1
0,train,3000,2898,1i1i_1_A,1
0,train,3000,2899,4hs2_1_B,1
0,train,3000,2900,5ex2_1_A,1
0,train,3000,2901,2pqf_1_A,1
0,train,3000,2902,3o0d_1_A,1
0,train,3000,2903,1sq5_1_A,1
0,train,3000,2904,4jw2_1_A,1
0,train,3000,2905,3hpd_1_A,1
0,train,3000,2906,5jdj_1_A,1
0,train,3000,2907,3bz6_1_A,1
0,train,3000,2908,3sft_1_A,1
0,train,3000,2909,4ch7_1_A,1
0,train,3000,2910,3d9x_1_A,1
0,train,3000,2911,5ja4_1_H,1
0,train,3000,2912,3p9y_1_A,1
0,train,3000,2913,4hti_1_A,1
0,train,3000,2914,4pfy_1_A,1
0,train,3000,2915,1vhe_1_A,1
0,train,3000,2916,4tjx_1_A,1
0,train,3000,2917,5a0y_1_B,1
0,train,3000,2918,2ig8_1_B,1
0,train,3000,2919,1mo1_1_A,1
0,train,3000,2920,4xev_1_A,1
0,train,3000,2921,1cz3_1_A,1
0,train,3000,2922,4mtu_1_A,1
0,train,3000,2923,3sum_1_A,1
0,train,3000,2924,4qwn_1_B,1
0,train,3000,2925,2pli_1_A,1
0,train,3000,2926,4m0n_1_A,1
0,train,3000,2927,1t07_1_A,1
0,train,3000,2928,1r3f_1_A,1
0,train,3000,2929,4j2n_1_A,1
0,train,3000,2930,5i47_1_A,1
0,train,3000,2931,5an6_1_B,1
0,train,3000,2932,1u7k_1_A,1
0,train,3000,2933,2y1h_1_A,1
0,train,3000,2934,2byc_1_A,1
0,train,3000,2935,3hff_1_A,1
0,train,3000,2936,1nqy_1_A,1
0,train,3000,2937,4m1a_1_A,1
0,train,3000,2938,5chh_1_A,1
0,train,3000,2939,5ihf_1_B,1
0,train,3000,2940,1yle_1_A,1
0,train,3000,2941,3ihg_1_A,1
0,train,3000,2942,4r2f_1_A,1
0,train,3000,2943,4n06_1_B,1
0,train,3000,2944,4amw_1_A,1
0,train,3000,2945,3kya_1_B,1
0,train,3000,2946,2qgq_1_A,1
0,train,3000,2947,1aua_1_B,1
0,train,3000,2948,4kmc_1_A,1
0,train,3000,2949,2e6m_1_A,1
0,train,3000,2950,3bl4_1_B,1
0,train,3000,2951,1ps9_1_A,1
0,train,3000,2952,4jcw_1_A,1
0,train,3000,2953,3ilv_1_A,1
0,train,3000,2954,5meh_1_A,1
0,train,3000,2955,5d88_1_B,1
0,train,3000,2956,2hc9_1_F,1
0,train,3000,2957,4f7u_1_F,1
0,train,3000,2958,5ej0_1_A,1
0,train,3000,2959,4jot_1_A,1
0,train,3000,2960,3o69_1_B,1
0,train,3000,2961,3oop_1_B,1
0,train,3000,2962,1tud_1_A,1
0,train,3000,2963,3ai7_1_A,1
0,train,3000,2964,1dj7_1_B,1
0,train,3000,2965,3h41_1_A,1
0,train,3000,2966,5v0q_1_A,1
0,train,3000,2967,4rex_1_A,1
0,train,3000,2968,4rmb_1_A,1
0,train,3000,2969,5gj9_1_A,1
0,train,3000,2970,5jx1_1_B,1
0,train,3000,2971,1ka9_1_B,1
0,train,3000,2972,1zvp_1_A,1
0,train,3000,2973,1gux_1_A,1
0,train,3000,2974,2oz9_1_A,1
0,train,3000,2975,3d3h_1_B,1
0,train,3000,2976,2i79_1_B,1
0,train,3000,2977,3cvo_1_B,1
0,train,3000,2978,1xki_1_A,1
0,train,3000,2979,5cov_1_A,1
0,train,3000,2980,2gui_1_A,1
0,train,3000,2981,4za1_1_B,1
0,train,3000,2982,3tac_1_B,1
0,train,3000,2983,3dkr_1_A,1
0,train,3000,2984,3mep_1_B,1
0,train,3000,2985,2xjy_1_A,1
0,train,3000,2986,1q42_1_A,1
0,train,3000,2987,3zyg_1_A,1
0,train,3000,2988,4u9r_1_A,1
0,train,3000,2989,2bwr_1_A,1
0,train,3000,2990,4kwy_1_A,1
0,train,3000,2991,5vtg_1_B,1
0,train,3000,2992,2vqe_1_P,1
0,train,3000,2993,1vkj_1_A,1
0,train,3000,2994,3cok_1_A,1
0,train,3000,2995,3l82_1_B,1
0,train,3000,2996,1dnp_1_A,1
0,train,3000,2997,5epe_1_A,1
0,train,3000,2998,3lic_1_A,1
0,train,3000,2999,5jnm_1_A,1
1,valid,,0,3gac_1_C,1
1,valid,,1,3mdi_1_B,1
1,valid,,2,4u4w_1_A,1
1,valid,,3,3bd1_1_A,1
1,valid,,4,2xi9_1_A,1
1,valid,,5,5aan_1_A,1
1,valid,,6,2iw8_1_B,1
1,valid,,7,2qtd_1_A,1
1,valid,,8,2f2e_1_B,1
1,valid,,9,5aun_1_A,1
1,valid,,10,5c9f_1_A,1
1,valid,,11,4cu2_1_A,1
1,valid,,12,2p19_1_B,1
1,valid,,13,2qlz_1_A,1
1,valid,,14,1gy7_1_B,1
1,valid,,15,5l8s_1_B,1
1,valid,,16,2j4x_1_A,1
1,valid,,17,3e3v_1_A,1
1,valid,,18,3ouv_1_A,1
1,valid,,19,2qgo_1_A,1
1,valid,,20,1v8m_1_A,1
1,valid,,21,1kzq_1_B,1
1,valid,,22,2qtf_1_A,1
1,valid,,23,3k6p_1_A,1
1,valid,,24,2ghr_1_A,1
1,valid,,25,4ebk_1_B,1
1,valid,,26,3eab_1_A,1
1,valid,,27,3adg_1_A,1
1,valid,,28,4yeg_1_A,1
1,valid,,29,3wz4_1_A,1
1,valid,,30,4qgp_1_A,1
1,valid,,31,2ya1_1_A,1
1,valid,,32,2odm_1_A,1
1,valid,,33,5i1y_1_A,1
1,valid,,34,2wp7_1_A,1
1,valid,,35,2rjm_1_A,1
1,valid,,36,2b9e_1_A,1
1,valid,,37,4n69_1_A,1
1,valid,,38,3d48_1_A,1
1,valid,,39,5cuh_1_A,1
1,valid,,40,5j8e_1_A,1
1,valid,,41,5gub_1_A,1
1,valid,,42,1xsv_1_B,1
1,valid,,43,5lxf_1_B,1
1,valid,,44,2obd_1_A,1
1,valid,,45,1n31_1_A,1
1,valid,,46,2fit_1_A,1
1,valid,,47,5e72_1_A,1
1,valid,,48,4k8l_1_B,1
1,valid,,49,2de2_1_A,1
1,valid,,50,1r0v_1_B,1
1,valid,,51,3lnb_1_A,1
1,valid,,52,2iep_1_B,1
1,valid,,53,3vbm_1_C,1
1,valid,,54,3cw3_1_A,1
1,valid,,55,4ywk_1_A,1
1,valid,,56,3ego_1_B,1
1,valid,,57,3cve_1_A,1
1,valid,,58,1h2e_1_A,1
1,valid,,59,5ikk_1_B,1
1,valid,,60,4j3c_1_A,1
1,valid,,61,1v6t_1_A,1
1,valid,,62,1x3l_1_A,1
1,valid,,63,1y02_1_A,1
1,valid,,64,2r6v_1_A,1
1,valid,,65,2uyq_1_A,1
1,valid,,66,5j84_1_A,1
1,valid,,67,4ca0_1_A,1
1,valid,,68,5xau_1_C,1
1,valid,,69,5k6k_1_A,1
1,valid,,70,3h82_1_B,1
1,valid,,71,3l77_1_A,1
1,valid,,72,1f3m_1_B,1
1,valid,,73,5xxs_1_A,1
1,valid,,74,2yaz_1_B,1
1,valid,,75,4a0p_1_A,1
1,valid,,76,4zah_1_B,1
1,valid,,77,1dab_1_A,1
1,valid,,78,4dn7_1_B,1
1,valid,,79,5nim_1_A,1
1,valid,,80,1gu3_1_B,1
1,valid,,81,4r81_1_B,1
1,valid,,82,4avd_1_A,1
1,valid,,83,2zew_1_B,1
1,valid,,84,3bde_1_B,1
1,valid,,85,1wsu_1_A,1
1,valid,,86,4wxp_1_A,1
1,valid,,87,5ldv_1_A,1
1,valid,,88,4k80_1_A,1
1,valid,,89,5dae_1_A,1
1,valid,,90,4d2w_1_A,1
1,valid,,91,3cf6_1_A,1
1,valid,,92,2gb5_1_A,1
1,valid,,93,2o4u_1_A,1
1,valid,,94,1cp9_1_A,1
1,valid,,95,5xcx_1_B,1
1,valid,,96,1qzm_1_A,1
1,valid,,97,3hiu_1_A,1
1,valid,,98,5jcp_1_A,1
1,valid,,99,2ych_1_A,1
1,test_cameo,,0,2fiy_1_A,1
1,test_cameo,,1,5klp_1_A,1
1,test_cameo,,2,4gw3_1_A,1
1,test_cameo,,3,4yr8_1_B,1
1,test_cameo,,4,5y7f_1_A,1
1,test_cameo,,5,2g3a_1_B,1
1,test_cameo,,6,3li8_1_A,1
1,test_cameo,,7,4njh_1_A,1
1,test_cameo,,8,5vxz_1_B,1
1,test_cameo,,9,3i00_1_A,1
1,test_cameo,,10,4dow_1_A,1
1,test_cameo,,11,5maw_1_B,1
1,test_cameo,,12,5wfb_1_A,1
1,test_cameo,,13,1d8h_1_A,1
1,test_cameo,,14,4mdr_1_A,1
1,test_cameo,,15,1yf2_1_A,1
1,test_cameo,,16,4cvn_1_B,1
1,test_cameo,,17,2x65_1_A,1
1,test_cameo,,18,1y9i_1_A,1
1,test_cameo,,19,1oey_1_A,1
1,test_cameo,,20,4wfd_1_A,1
1,test_cameo,,21,1up8_1_A,1
1,test_cameo,,22,2ocg_1_A,1
1,test_cameo,,23,5c88_1_A,1
1,test_cameo,,24,4aya_1_B,1
1,test_cameo,,25,1fi8_1_F,1
1,test_cameo,,26,2vzb_1_A,1
1,test_cameo,,27,3h2k_1_A,1
1,test_cameo,,28,5gv3_1_A,1
1,test_cameo,,29,1psr_1_A,1
1,test_cameo,,30,5tvd_1_A,1
1,test_cameo,,31,4gr5_1_A,1
1,test_cameo,,32,2czv_1_A,1
1,test_cameo,,33,5fwn_1_A,1
1,test_cameo,,34,1sfl_1_B,1
1,test_cameo,,35,5ipp_1_A,1
1,test_cameo,,36,5ccx_1_A,1
1,test_cameo,,37,3ec4_1_A,1
1,test_cameo,,38,5mix_1_A,1
1,test_cameo,,39,2a6p_1_B,1
1,test_cameo,,40,5f0e_1_A,1
1,test_cameo,,41,5w15_1_A,1
1,test_cameo,,42,4jej_1_B,1
1,test_cameo,,43,3sqf_1_A,1
1,test_cameo,,44,1ysj_1_B,1
1,test_cameo,,45,4tkx_1_A,1
1,test_cameo,,46,2gia_1_C,1
1,test_cameo,,47,5hno_1_B,1
1,test_cameo,,48,4gyj_1_A,1
1,test_cameo,,49,5x04_1_B,1
1,test_cameo,,50,5ohq_1_A,1
1,test_cameo,,51,2iw3_1_A,1
1,test_cameo,,52,1m1e_1_B,1
1,test_cameo,,53,3ecn_1_A,1
1,test_cameo,,54,2yml_1_A,1
1,test_cameo,,55,2yb7_1_A,1
1,test_cameo,,56,2r1z_1_A,1
1,test_cameo,,57,1nig_1_A,1
1,test_cameo,,58,1fhu_1_A,1
1,test_cameo,,59,4kzk_1_A,1
1,test_cameo,,60,3qvo_1_A,1
1,test_cameo,,61,2pr0_1_A,1
1,test_cameo,,62,5g2u_1_A,1
1,test_cameo,,63,1mjt_1_A,1
1,test_cameo,,64,2b1x_1_B,1
1,test_cameo,,65,5k6o_1_A,1
1,test_cameo,,66,3e7u_1_A,1
1,test_cameo,,67,4bvy_1_A,1
1,test_cameo,,68,5u6s_1_A,1
1,test_cameo,,69,3n5l_1_A,1
1,test_cameo,,70,2yxy_1_A,1
1,test_cameo,,71,2x7h_1_A,1
1,test_cameo,,72,3og9_1_A,1
1,test_cameo,,73,1iuq_1_A,1
1,test_cameo,,74,4uzy_1_B,1
1,test_cameo,,75,5ean_1_A,0
1,test_cameo,,76,2hrv_1_A,1
1,test_cameo,,77,3clp_1_B,1
1,test_cameo,,78,4nux_1_A,1
1,test_cameo,,79,2g76_1_A,1
1,test_cameo,,80,2cv9_1_A,1
1,test_cameo,,81,3mmi_1_A,1
1,test_cameo,,82,2qed_1_A,1
1,test_cameo,,83,4p6i_1_B,1
1,test_cameo,,84,3pi7_1_B,1
1,test_cameo,,85,5n7e_1_B,1
1,test_cameo,,86,2ivf_1_A,1
1,test_cameo,,87,1o65_1_A,1
1,test_cameo,,88,4rlt_1_A,1
1,test_cameo,,89,3hdo_1_B,1
1,test_cameo,,90,4idn_1_B,1
1,test_cameo,,91,5tv7_1_A,1
1,test_cameo,,92,4kxl_1_A,1
1,test_cameo,,93,3f44_1_A,1
1,test_cameo,,94,3e0x_1_A,1
1,test_cameo,,95,5yix_1_A,1
1,test_cameo,,96,2e7z_1_A,1
1,test_cameo,,97,4lup_1_A,1
1,test_cameo,,98,3vyx_1_A,1
1,test_cameo,,99,4mhe_1_B,1
1,train,500,0,3vvn_1_A,1
1,train,500,1,3qf3_1_A,1
1,train,500,2,3d7j_1_C,1
1,train,500,3,2vqe_1_G,1
1,train,500,4,2a26_1_B,1
1,train,500,5,2re3_1_A,1
1,train,500,6,2x5n_1_A,1
1,train,500,7,1ryp_1_J,1
1,train,500,8,2z58_1_B,1
1,train,500,9,4xl5_1_B,1
1,train,500,10,3f70_1_B,1
1,train,500,11,2v0p_1_B,1
1,train,500,12,4oq1_1_A,1
1,train,500,13,4m59_1_B,1
1,train,500,14,3a4u_1_B,1
1,train,500,15,1k1f_1_A,1
1,train,500,16,4dnh_1_A,1
1,train,500,17,5lxv_1_A,1
1,train,500,18,2qgs_1_A,1
1,train,500,19,3b47_1_B,1
1,train,500,20,2o7v_1_A,1
1,train,500,21,2d05_1_A,1
1,train,500,22,4p92_1_A,1
1,train,500,23,4ip4_1_A,1
1,train,500,24,1k3b_1_B,1
1,train,500,25,5hvx_1_A,1
1,train,500,26,2w4e_1_B,1
1,train,500,27,4xr9_1_B,1
1,train,500,28,3mtq_1_B,1
1,train,500,29,4n8o_1_B,1
1,train,500,30,3aqx_1_A,1
1,train,500,31,4ina_1_A,1
1,train,500,32,4ah9_1_A,1
1,train,500,33,5d7z_1_A,1
1,train,500,34,3ocr_1_A,1
1,train,500,35,5ca8_1_A,1
1,train,500,36,4ino_1_A,1
1,train,500,37,4kjd_1_B,1
1,train,500,38,3vfc_1_B,1
1,train,500,39,5mki_1_A,1
1,train,500,40,4uz8_1_B,1
1,train,500,41,4jw2_1_A,1
1,train,500,42,1o6d_1_A,1
1,train,500,43,5u5g_1_B,1
1,train,500,44,4g1j_1_A,1
1,train,500,45,1ub4_1_F,1
1,train,500,46,4e2a_1_A,1
1,train,500,47,1n2a_1_B,1
1,train,500,48,5uft_1_A,1
1,train,500,49,1dy7_1_A,1
1,train,500,50,2rfa_1_A,1
1,train,500,51,2o14_1_A,1
1,train,500,52,2egd_1_B,1
1,train,500,53,2fgr_1_A,1
1,train,500,54,4evf_1_A,1
1,train,500,55,2x6v_1_B,1
1,train,500,56,5hu7_1_B,1
1,train,500,57,4lba_1_A,1
1,train,500,58,4wli_1_B,1
1,train,500,59,4pf6_1_A,1
1,train,500,60,2qeu_1_B,1
1,train,500,61,1be0_1_A,1
1,train,500,62,3d6w_1_A,1
1,train,500,63,3c8t_1_A,1
1,train,500,64,4nzp_1_A,1
1,train,500,65,2p2e_1_A,1
1,train,500,66,5t47_1_B,1
1,train,500,67,4i8o_1_A,1
1,train,500,68,3bdk_1_B,1
1,train,500,69,3hly_1_A,1
1,train,500,70,3tmk_1_A,1
1,train,500,71,3kox_1_A,1
1,train,500,72,1ofd_1_A,0
1,train,500,73,3l4h_1_A,1
1,train,500,74,3bks_1_A,1
1,train,500,75,1id1_1_B,1
1,train,500,76,1g3j_1_B,1
1,train,500,77,4p0k_1_A,1
1,train,500,78,1u07_1_A,1
1,train,500,79,4ccg_1_B,1
1,train,500,80,4k22_1_A,1
1,train,500,81,4m3p_1_D,1
1,train,500,82,3e8w_1_A,1
1,train,500,83,5k9n_1_A,1
1,train,500,84,3fld_1_A,1
1,train,500,85,2cwr_1_A,1
1,train,500,86,4lhd_1_A,1
1,train,500,87,4hsq_1_A,1
1,train,500,88,4eps_1_B,1
1,train,500,89,4qhz_1_C,1
1,train,500,90,3iuw_1_A,1
1,train,500,91,3u7z_1_A,1
1,train,500,92,2in3_1_A,1
1,train,500,93,3kq5_1_B,1
1,train,500,94,3pgx_1_A,1
1,train,500,95,5ako_1_D,1
1,train,500,96,2ouw_1_B,1
1,train,500,97,5mwn_1_B,1
1,train,500,98,3i2g_1_A,1
1,train,500,99,3oxh_1_A,1
1,train,500,100,3boq_1_A,1
1,train,500,101,5ez7_1_A,1
1,train,500,102,5l37_1_A,1
1,train,500,103,5giz_1_A,1
1,train,500,104,5lda_1_B,1
1,train,500,105,2d4c_1_B,1
1,train,500,106,3fb2_1_A,1
1,train,500,107,2odf_1_B,1
1,train,500,108,6bgu_1_A,1
1,train,500,109,4edl_1_A,1
1,train,500,110,1m93_1_B,1
1,train,500,111,2q7t_1_A,1
1,train,500,112,4rnc_1_B,1
1,train,500,113,2fca_1_A,1
1,train,500,114,5j7d_1_A,1
1,train,500,115,4ru3_1_A,1
1,train,500,116,4z9c_1_A,1
1,train,500,117,4qri_1_B,1
1,train,500,118,2yys_1_A,1
1,train,500,119,3byq_1_B,1
1,train,500,120,4fla_1_B,1
1,train,500,121,2ex5_1_B,1
1,train,500,122,3m70_1_A,1
1,train,500,123,3g0t_1_B,1
1,train,500,124,4lpq_1_A,1
1,train,500,125,2raw_1_B,1
1,train,500,126,1i82_1_A,1
1,train,500,127,5aa5_1_C,1
1,train,500,128,4rt0_1_A,1
1,train,500,129,5mdi_1_A,1
1,train,500,130,2xgf_1_A,1
1,train,500,131,1ybx_1_A,1
1,train,500,132,2ivp_1_A,1
1,train,500,133,3ajw_1_B,1
1,train,500,134,2r68_1_A,1
1,train,500,135,3nd2_1_A,1
1,train,500,136,6b9x_1_E,1
1,train,500,137,2obn_1_A,1
1,train,500,138,2vqe_1_L,1
1,train,500,139,3crm_1_A,1
1,train,500,140,3add_1_A,1
1,train,500,141,3bof_1_A,1
1,train,500,142,3vrk_1_D,1
1,train,500,143,3cc2_1_X,1
1,train,500,144,2qgm_1_A,1
1,train,500,145,5isu_1_A,1
1,train,500,146,3iv1_1_A,1
1,train,500,147,2rjz_1_B,1
1,train,500,148,2xcm_1_C,1
1,train,500,149,3fpj_1_A,1
1,train,500,150,2ibn_1_A,1
1,train,500,151,5g1n_1_B,1
1,train,500,152,3fro_1_C,1
1,train,500,153,3qwu_1_B,1
1,train,500,154,2qeb_1_A,1
1,train,500,155,5nok_1_A,1
1,train,500,156,5v3m_1_A,1
1,train,500,157,3qj9_1_A,1
1,train,500,158,1j5y_1_A,1
1,train,500,159,4bnd_1_B,1
1,train,500,160,4jde_1_B,1
1,train,500,161,5k6a_1_C,1
1,train,500,162,3kzg_1_A,1
1,train,500,163,2nx0_1_A,1
1,train,500,164,2v1x_1_A,1
1,train,500,165,4ri1_1_B,1
1,train,500,166,5awv_1_A,1
1,train,500,167,5njb_1_B,1
1,train,500,168,4dyw_1_A,1
1,train,500,169,5h6t_1_B,1
1,train,500,170,3h75_1_A,1
1,train,500,171,4kku_1_A,1
1,train,500,172,1pii_1_A,1
1,train,500,173,1xvi_1_A,1
1,train,500,174,2z51_1_B,1
1,train,500,175,2r44_1_A,1
1,train,500,176,5usc_1_B,1
1,train,500,177,3eee_1_A,1
1,train,500,178,1wnf_1_B,1
1,train,500,179,3kkb_1_B,1
1,train,500,180,2qos_1_B,1
1,train,500,181,3atq_1_A,1
1,train,500,182,1h6t_1_A,1
1,train,500,183,5dm1_1_A,1
1,train,500,184,4qfv_1_B,1
1,train,500,185,5k5v_1_A,1
1,train,500,186,1z6z_1_B,1
1,train,500,187,3rq0_1_A,1
1,train,500,188,3zib_1_A,1
1,train,500,189,2h21_1_A,1
1,train,500,190,1o0s_1_A,1
1,train,500,191,1omo_1_B,1
1,train,500,192,2fd6_1_D,1
1,train,500,193,3i9s_1_B,1
1,train,500,194,1ko1_1_B,1
1,train,500,195,5kd5_1_A,1
1,train,500,196,3w36_1_B,1
1,train,500,197,3gcd_1_A,1
1,train,500,198,5aye_1_A,1
1,train,500,199,3qd5_1_A,1
1,train,500,200,4fc4_1_B,1
1,train,500,201,4muo_1_B,1
1,train,500,202,5jmf_1_A,1
1,train,500,203,3tow_1_A,1
1,train,500,204,4wri_1_A,1
1,train,500,205,3kfq_1_B,1
1,train,500,206,2om6_1_B,1
1,train,500,207,3f4m_1_A,1
1,train,500,208,2jd4_1_A,1
1,train,500,209,5n7s_1_B,1
1,train,500,210,5tvk_1_B,1
1,train,500,211,4oem_1_C,1
1,train,500,212,1y3t_1_B,1
1,train,500,213,5jg7_1_B,1
1,train,500,214,4un1_1_B,1
1,train,500,215,1nst_1_A,1
1,train,500,216,3ren_1_A,1
1,train,500,217,5wly_1_A,1
1,train,500,218,1xfi_1_A,1
1,train,500,219,2dgj_1_B,1
1,train,500,220,5exe_1_C,1
1,train,500,221,2ns0_1_A,1
1,train,500,222,1c9k_1_B,1
1,train,500,223,3wyd_1_B,1
1,train,500,224,5ubm_1_B,1
1,train,500,225,3ipi_1_B,1
1,train,500,226,3lwu_1_A,1
1,train,500,227,3c57_1_B,1
1,train,500,228,3n3w_1_A,1
1,train,500,229,3wqb_1_B,1
1,train,500,230,3qdh_1_A,1
1,train,500,231,3s04_1_A,1
1,train,500,232,4ys6_1_A,1
1,train,500,233,3vpl_1_A,1
1,train,500,234,5uba_1_A,1
1,train,500,235,3hyi_1_A,1
1,train,500,236,3p47_1_A,1
1,train,500,237,3d5p_1_B,1
1,train,500,238,4lij_1_C,1
1,train,500,239,3ctp_1_B,1
1,train,500,240,2w7a_1_A,1
1,train,500,241,3hrg_1_A,1
1,train,500,242,5ey1_1_A,1
1,train,500,243,3car_1_A,1
1,train,500,244,2wqd_1_B,1
1,train,500,245,3b8f_1_B,1
1,train,500,246,2imr_1_A,1
1,train,500,247,4anp_1_A,1
1,train,500,248,1np0_1_E,1
1,train,500,249,2e7v_1_A,1
1,train,500,250,4wva_1_A,1
1,train,500,251,2opo_1_A,1
1,train,500,252,2j1l_1_A,1
1,train,500,253,3hry_1_A,1
1,train,500,254,4mjf_1_B,1
1,train,500,255,4q35_1_B,1
1,train,500,256,3r4r_1_A,1
1,train,500,257,5axi_1_A,1
1,train,500,258,2vy2_1_A,1
1,train,500,259,4d9i_1_B,1
1,train,500,260,2ijc_1_F,1
1,train,500,261,4hpp_1_A,1
1,train,500,262,2ztd_1_A,1
1,train,500,263,3ed3_1_A,1
1,train,500,264,3cai_1_B,1
1,train,500,265,5yy8_1_A,1
1,train,500,266,3goh_1_A,1
1,train,500,267,2prr_1_A,1
1,train,500,268,1lta_1_A,1
1,train,500,269,4rya_1_A,1
1,train,500,270,4lwk_1_A,1
1,train,500,271,3khx_1_A,1
1,train,500,272,3raz_1_A,1
1,train,500,273,3kea_1_B,1
1,train,500,274,4aez_1_B,1
1,train,500,275,3lmz_1_B,1
1,train,500,276,4lmx_1_A,1
1,train,500,277,5elr_1_B,1
1,train,500,278,5w5d_1_E,1
1,train,500,279,1i8n_1_A,1
1,train,500,280,1ug3_1_A,1
1,train,500,281,1h3l_1_A,1
1,train,500,282,2zu8_1_A,1
1,train,500,283,4bin_1_A,1
1,train,500,284,2fb6_1_A,1
1,train,500,285,4n04_1_A,1
1,train,500,286,3ju7_1_B,1
1,train,500,287,2j9u_1_B,1
1,train,500,288,1ega_1_A,1
1,train,500,289,3kqi_1_B,1
1,train,500,290,5ngo_1_A,1
1,train,500,291,1eur_1_A,1
1,train,500,292,2yv2_1_A,1
1,train,500,293,4k9q_1_A,1
1,train,500,294,3apo_1_A,1
1,train,500,295,5cem_1_A,1
1,train,500,296,2c4f_1_C,1
1,train,500,297,1a8h_1_A,1
1,train,500,298,4ffu_1_E,1
1,train,500,299,1p9r_1_A,1
1,train,500,300,3ldu_1_A,1
1,train,500,301,2a07_1_E,1
1,train,500,302,5go6_1_A,1
1,train,500,303,4v1t_1_A,1
1,train,500,304,4zp0_1_A,1
1,train,500,305,2qsj_1_A,1
1,train,500,306,3u37_1_B,1
1,train,500,307,4jgg_1_A,1
1,train,500,308,1a6q_1_A,1
1,train,500,309,2ef8_1_B,1
1,train,500,310,1olm_1_A,1
1,train,500,311,2w07_1_B,1
1,train,500,312,4mhc_1_A,1
1,train,500,313,4qjk_1_A,1
1,train,500,314,2j3w_1_A,1
1,train,500,315,3ivm_1_A,1
1,train,500,316,3bi2_1_A,1
1,train,500,317,2g1h_1_A,1
1,train,500,318,5m3t_1_B,1
1,train,500,319,3bz6_1_A,1
1,train,500,320,4lwd_1_A,1
1,train,500,321,1vbh_1_B,1
1,train,500,322,2esh_1_A,1
1,train,500,323,3b77_1_A,1
1,train,500,324,3mml_1_D,1
1,train,500,325,2hvf_1_A,1
1,train,500,326,1y8q_1_A,1
1,train,500,327,2y8n_1_B,1
1,train,500,328,4hq1_1_A,1
1,train,500,329,3bu8_1_B,1
1,train,500,330,3w90_1_A,1
1,train,500,331,3q69_1_A,1
1,train,500,332,1mey_1_A,1
1,train,500,333,1b5q_1_A,1
1,train,500,334,4x7u_1_A,1
1,train,500,335,5fn7_1_A,1
1,train,500,336,2bd0_1_A,1
1,train,500,337,1wv8_1_B,1
1,train,500,338,5icr_1_A,1
1,train,500,339,5w78_1_B,1
1,train,500,340,2vjy_1_A,1
1,train,500,341,2qgu_1_A,1
1,train,500,342,5x6v_1_G,1
1,train,500,343,1cxz_1_B,1
1,train,500,344,5fd3_1_A,1
1,train,500,345,5loc_1_B,1
1,train,500,346,3ljb_1_B,1
1,train,500,347,2fkb_1_A,1
1,train,500,348,4zkd_1_A,1
1,train,500,349,2o5r_1_A,1
1,train,500,350,3bj6_1_B,1
1,train,500,351,4lws_1_A,1
1,train,500,352,2hpv_1_B,1
1,train,500,353,2vmg_1_A,1
1,train,500,354,4jnj_1_A,1
1,train,500,355,2vrw_1_B,1
1,train,500,356,2y6p_1_A,1
1,train,500,357,1vpq_1_A,1
1,train,500,358,5jde_1_A,1
1,train,500,359,1dw9_1_A,1
1,train,500,360,4xbz_1_B,1
1,train,500,361,2d7v_1_B,1
1,train,500,362,5oe9_1_A,1
1,train,500,363,4qjr_1_A,1
1,train,500,364,4abx_1_B,1
1,train,500,365,4rv0_1_B,1
1,train,500,366,4uyp_1_C,1
1,train,500,367,2v6v_1_A,1
1,train,500,368,3f2c_1_A,1
1,train,500,369,4jiv_1_D,1
1,train,500,370,6b6g_1_B,1
1,train,500,371,4nfc_1_A,1
1,train,500,372,1nz0_1_A,1
1,train,500,373,5ocq_1_A,1
1,train,500,374,5ko4_1_B,1
1,train,500,375,3ofj_1_A,1
1,train,500,376,3dxi_1_B,1
1,train,500,377,1fl9_1_A,1
1,train,500,378,5gzl_1_A,1
1,train,500,379,3dns_1_B,1
1,train,500,380,3cc1_1_D,1
1,train,500,381,1kjn_1_B,1
1,train,500,382,2x36_1_B,1
1,train,500,383,1kli_1_B,1
1,train,500,384,2jek_1_A,1
1,train,500,385,4xw3_1_A,1
1,train,500,386,4ipi_1_A,1
1,train,500,387,5gna_1_A,1
1,train,500,388,5nji_1_A,1
1,train,500,389,5gsm_1_B,1
1,train,500,390,2vj2_1_A,1
1,train,500,391,4emh_1_A,1
1,train,500,392,3gyk_1_A,1
1,train,500,393,5a35_1_A,1
1,train,500,394,1li5_1_A,1
1,train,500,395,4c92_1_D,1
1,train,500,396,3zmr_1_A,1
1,train,500,397,3dkm_1_A,1
1,train,500,398,2i13_1_A,1
1,train,500,399,1u0j_1_A,1
1,train,500,400,4hx0_1_A,1
1,train,500,401,3pyi_1_B,1
1,train,500,402,2itb_1_B,1
1,train,500,403,5czc_1_A,1
1,train,500,404,3hb2_1_A,1
1,train,500,405,3e54_1_B,1
1,train,500,406,2g07_1_A,1
1,train,500,407,3f9u_1_A,1
1,train,500,408,4lu1_1_B,1
1,train,500,409,4v1x_1_E,1
1,train,500,410,3cuy_1_A,1
1,train,500,411,3fir_1_A,1
1,train,500,412,4y2c_1_A,1
1,train,500,413,5lqd_1_B,1
1,train,500,414,3kk4_1_B,1
1,train,500,415,2bvf_1_A,1
1,train,500,416,4h7y_1_A,1
1,train,500,417,2gax_1_A,1
1,train,500,418,3lxt_1_B,1
1,train,500,419,3l6i_1_A,1
1,train,500,420,1xdn_1_A,1
1,train,500,421,3kws_1_B,1
1,train,500,422,4zhv_1_A,1
1,train,500,423,4kwb_1_A,1
1,train,500,424,2ea1_1_A,1
1,train,500,425,5iu1_1_A,1
1,train,500,426,3h36_1_B,1
1,train,500,427,4e0q_1_B,1
1,train,500,428,1acx_1_A,1
1,train,500,429,2yqy_1_A,1
1,train,500,430,3kxr_1_A,1
1,train,500,431,2jks_1_A,1
1,train,500,432,3p53_1_A,1
1,train,500,433,2qsi_1_B,1
1,train,500,434,5ck4_1_A,1
1,train,500,435,3bqe_1_A,1
1,train,500,436,4iz9_1_A,1
1,train,500,437,1okg_1_A,1
1,train,500,438,3fy6_1_B,1
1,train,500,439,5tsa_1_A,1
1,train,500,440,5foy_1_B,1
1,train,500,441,5is1_1_B,1
1,train,500,442,5m5q_1_A,1
1,train,500,443,1fjl_1_B,1
1,train,500,444,5k8j_1_B,1
1,train,500,445,2aag_1_B,1
1,train,500,446,2nps_1_A,1
1,train,500,447,2gu1_1_A,1
1,train,500,448,1eaj_1_A,1
1,train,500,449,1x2i_1_B,1
1,train,500,450,2o1m_1_A,1
1,train,500,451,1j6u_1_A,1
1,train,500,452,5tvo_1_B,1
1,train,500,453,5uni_1_A,1
1,train,500,454,1tfr_1_A,1
1,train,500,455,2b8m_1_B,1
1,train,500,456,5lmf_1_A,1
1,train,500,457,4jle_1_A,1
1,train,500,458,4rev_1_A,1
1,train,500,459,1ya7_1_O,1
1,train,500,460,3qdp_1_A,1
1,train,500,461,6eio_1_A,1
1,train,500,462,2ns9_1_B,1
1,train,500,463,5itj_1_A,1
1,train,500,464,2awn_1_A,1
1,train,500,465,1jyk_1_A,1
1,train,500,466,3u1w_1_B,1
1,train,500,467,3ovk_1_A,1
1,train,500,468,1h9o_1_A,1
1,train,500,469,1ct9_1_B,1
1,train,500,470,2x9j_1_A,1
1,train,500,471,3hps_1_B,1
1,train,500,472,1cz1_1_A,1
1,train,500,473,3erm_1_B,1
1,train,500,474,1kuh_1_A,1
1,train,500,475,4qpl_1_A,1
1,train,500,476,2hvw_1_A,1
1,train,500,477,4dy0_1_A,1
1,train,500,478,3ad7_1_B,1
1,train,500,479,1ccz_1_A,1
1,train,500,480,3b2m_1_A,1
1,train,500,481,1ni9_1_A,1
1,train,500,482,5gn2_1_A,1
1,train,500,483,3o7h_1_A,1
1,train,500,484,4h2k_1_A,1
1,train,500,485,2czv_1_C,1
1,train,500,486,4pw3_1_A,1
1,train,500,487,1t6t_1_A,1
1,train,500,488,5cqg_1_A,1
1,train,500,489,2c9o_1_A,1
1,train,500,490,4x00_1_A,1
1,train,500,491,6c62_1_B,1
1,train,500,492,5hi5_1_B,1
1,train,500,493,3sy3_1_A,1
1,train,500,494,4pa8_1_A,1
1,train,500,495,2wsw_1_A,1
1,train,500,496,5d50_1_D,1
1,train,500,497,5lkq_1_B,1
1,train,500,498,1f3g_1_A,1
1,train,500,499,1bsl_1_B,1
1,train,1500,0,3vvn_1_A,1
1,train,1500,1,3qf3_1_A,1
1,train,1500,2,3d7j_1_C,1
1,train,1500,3,2vqe_1_G,1
1,train,1500,4,2a26_1_B,1
1,train,1500,5,2re3_1_A,1
1,train,1500,6,2x5n_1_A,1
1,train,1500,7,1ryp_1_J,1
1,train,1500,8,2z58_1_B,1
1,train,1500,9,4xl5_1_B,1
1,train,1500,10,3f70_1_B,1
1,train,1500,11,2v0p_1_B,1
1,train,1500,12,4oq1_1_A,1
1,train,1500,13,4m59_1_B,1
1,train,1500,14,3a4u_1_B,1
1,train,1500,15,1k1f_1_A,1
1,train,1500,16,4dnh_1_A,1
1,train,1500,17,5lxv_1_A,1
1,train,1500,18,2qgs_1_A,1
1,train,1500,19,3b47_1_B,1
1,train,1500,20,2o7v_1_A,1
1,train,1500,21,2d05_1_A,1
1,train,1500,22,4p92_1_A,1
1,train,1500,23,4ip4_1_A,1
1,train,1500,24,1k3b_1_B,1
1,train,1500,25,5hvx_1_A,1
1,train,1500,26,2w4e_1_B,1
1,train,1500,27,4xr9_1_B,1
1,train,1500,28,3mtq_1_B,1
1,train,1500,29,4n8o_1_B,1
1,train,1500,30,3aqx_1_A,1
1,train,1500,31,4ina_1_A,1
1,train,1500,32,4ah9_1_A,1
1,train,1500,33,5d7z_1_A,1
1,train,1500,34,3ocr_1_A,1
1,train,1500,35,5ca8_1_A,1
1,train,1500,36,4ino_1_A,1
1,train,1500,37,4kjd_1_B,1
1,train,1500,38,3vfc_1_B,1
1,train,1500,39,5mki_1_A,1
1,train,1500,40,4uz8_1_B,1
1,train,1500,41,4jw2_1_A,1
1,train,1500,42,1o6d_1_A,1
1,train,1500,43,5u5g_1_B,1
1,train,1500,44,4g1j_1_A,1
1,train,1500,45,1ub4_1_F,1
1,train,1500,46,4e2a_1_A,1
1,train,1500,47,1n2a_1_B,1
1,train,1500,48,5uft_1_A,1
1,train,1500,49,1dy7_1_A,1
1,train,1500,50,2rfa_1_A,1
1,train,1500,51,2o14_1_A,1
1,train,1500,52,2egd_1_B,1
1,train,1500,53,2fgr_1_A,1
1,train,1500,54,4evf_1_A,1
1,train,1500,55,2x6v_1_B,1
1,train,1500,56,5hu7_1_B,1
1,train,1500,57,4lba_1_A,1
1,train,1500,58,4wli_1_B,1
1,train,1500,59,4pf6_1_A,1
1,train,1500,60,2qeu_1_B,1
1,train,1500,61,1be0_1_A,1
1,train,1500,62,3d6w_1_A,1
1,train,1500,63,3c8t_1_A,1
1,train,1500,64,4nzp_1_A,1
1,train,1500,65,2p2e_1_A,1
1,train,1500,66,5t47_1_B,1
1,train,1500,67,4i8o_1_A,1
1,train,1500,68,3bdk_1_B,1
1,train,1500,69,3hly_1_A,1
1,train,1500,70,3tmk_1_A,1
1,train,1500,71,3kox_1_A,1
1,train,1500,72,1ofd_1_A,0
1,train,1500,73,3l4h_1_A,1
1,train,1500,74,3bks_1_A,1
1,train,1500,75,1id1_1_B,1
1,train,1500,76,1g3j_1_B,1
1,train,1500,77,4p0k_1_A,1
1,train,1500,78,1u07_1_A,1
1,train,1500,79,4ccg_1_B,1
1,train,1500,80,4k22_1_A,1
1,train,1500,81,4m3p_1_D,1
1,train,1500,82,3e8w_1_A,1
1,train,1500,83,5k9n_1_A,1
1,train,1500,84,3fld_1_A,1
1,train,1500,85,2cwr_1_A,1
1,train,1500,86,4lhd_1_A,1
1,train,1500,87,4hsq_1_A,1
1,train,1500,88,4eps_1_B,1
1,train,1500,89,4qhz_1_C,1
1,train,1500,90,3iuw_1_A,1
1,train,1500,91,3u7z_1_A,1
1,train,1500,92,2in3_1_A,1
1,train,1500,93,3kq5_1_B,1
1,train,1500,94,3pgx_1_A,1
1,train,1500,95,5ako_1_D,1
1,train,1500,96,2ouw_1_B,1
1,train,1500,97,5mwn_1_B,1
1,train,1500,98,3i2g_1_A,1
1,train,1500,99,3oxh_1_A,1
1,train,1500,100,3boq_1_A,1
1,train,1500,101,5ez7_1_A,1
1,train,1500,102,5l37_1_A,1
1,train,1500,103,5giz_1_A,1
1,train,1500,104,5lda_1_B,1
1,train,1500,105,2d4c_1_B,1
1,train,1500,106,3fb2_1_A,1
1,train,1500,107,2odf_1_B,1
1,train,1500,108,6bgu_1_A,1
1,train,1500,109,4edl_1_A,1
1,train,1500,110,1m93_1_B,1
1,train,1500,111,2q7t_1_A,1
1,train,1500,112,4rnc_1_B,1
1,train,1500,113,2fca_1_A,1
1,train,1500,114,5j7d_1_A,1
1,train,1500,115,4ru3_1_A,1
1,train,1500,116,4z9c_1_A,1
1,train,1500,117,4qri_1_B,1
1,train,1500,118,2yys_1_A,1
1,train,1500,119,3byq_1_B,1
1,train,1500,120,4fla_1_B,1
1,train,1500,121,2ex5_1_B,1
1,train,1500,122,3m70_1_A,1
1,train,1500,123,3g0t_1_B,1
1,train,1500,124,4lpq_1_A,1
1,train,1500,125,2raw_1_B,1
1,train,1500,126,1i82_1_A,1
1,train,1500,127,5aa5_1_C,1
1,train,1500,128,4rt0_1_A,1
1,train,1500,129,5mdi_1_A,1
1,train,1500,130,2xgf_1_A,1
1,train,1500,131,1ybx_1_A,1
1,train,1500,132,2ivp_1_A,1
1,train,1500,133,3ajw_1_B,1
1,train,1500,134,2r68_1_A,1
1,train,1500,135,3nd2_1_A,1
1,train,1500,136,6b9x_1_E,1
1,train,1500,137,2obn_1_A,1
1,train,1500,138,2vqe_1_L,1
1,train,1500,139,3crm_1_A,1
1,train,1500,140,3add_1_A,1
1,train,1500,141,3bof_1_A,1
1,train,1500,142,3vrk_1_D,1
1,train,1500,143,3cc2_1_X,1
1,train,1500,144,2qgm_1_A,1
1,train,1500,145,5isu_1_A,1
1,train,1500,146,3iv1_1_A,1
1,train,1500,147,2rjz_1_B,1
1,train,1500,148,2xcm_1_C,1
1,train,1500,149,3fpj_1_A,1
1,train,1500,150,2ibn_1_A,1
1,train,1500,151,5g1n_1_B,1
1,train,1500,152,3fro_1_C,1
1,train,1500,153,3qwu_1_B,1
1,train,1500,154,2qeb_1_A,1
1,train,1500,155,5nok_1_A,1
1,train,1500,156,5v3m_1_A,1
1,train,1500,157,3qj9_1_A,1
1,train,1500,158,1j5y_1_A,1
1,train,1500,159,4bnd_1_B,1
1,train,1500,160,4jde_1_B,1
1,train,1500,161,5k6a_1_C,1
1,train,1500,162,3kzg_1_A,1
1,train,1500,163,2nx0_1_A,1
1,train,1500,164,2v1x_1_A,1
1,train,1500,165,4ri1_1_B,1
1,train,1500,166,5awv_1_A,1
1,train,1500,167,5njb_1_B,1
1,train,1500,168,4dyw_1_A,1
1,train,1500,169,5h6t_1_B,1
1,train,1500,170,3h75_1_A,1
1,train,1500,171,4kku_1_A,1
1,train,1500,172,1pii_1_A,1
1,train,1500,173,1xvi_1_A,1
1,train,1500,174,2z51_1_B,1
1,train,1500,175,2r44_1_A,1
1,train,1500,176,5usc_1_B,1
1,train,1500,177,3eee_1_A,1
1,train,1500,178,1wnf_1_B,1
1,train,1500,179,3kkb_1_B,1
1,train,1500,180,2qos_1_B,1
1,train,1500,181,3atq_1_A,1
1,train,1500,182,1h6t_1_A,1
1,train,1500,183,5dm1_1_A,1
1,train,1500,184,4qfv_1_B,1
1,train,1500,185,5k5v_1_A,1
1,train,1500,186,1z6z_1_B,1
1,train,1500,187,3rq0_1_A,1
1,train,1500,188,3zib_1_A,1
1,train,1500,189,2h21_1_A,1
1,train,1500,190,1o0s_1_A,1
1,train,1500,191,1omo_1_B,1
1,train,1500,192,2fd6_1_D,1
1,train,1500,193,3i9s_1_B,1
1,train,1500,194,1ko1_1_B,1
1,train,1500,195,5kd5_1_A,1
1,train,1500,196,3w36_1_B,1
1,train,1500,197,3gcd_1_A,1
1,train,1500,198,5aye_1_A,1
1,train,1500,199,3qd5_1_A,1
1,train,1500,200,4fc4_1_B,1
1,train,1500,201,4muo_1_B,1
1,train,1500,202,5jmf_1_A,1
1,train,1500,203,3tow_1_A,1
1,train,1500,204,4wri_1_A,1
1,train,1500,205,3kfq_1_B,1
1,train,1500,206,2om6_1_B,1
1,train,1500,207,3f4m_1_A,1
1,train,1500,208,2jd4_1_A,1
1,train,1500,209,5n7s_1_B,1
1,train,1500,210,5tvk_1_B,1
1,train,1500,211,4oem_1_C,1
1,train,1500,212,1y3t_1_B,1
1,train,1500,213,5jg7_1_B,1
1,train,1500,214,4un1_1_B,1
1,train,1500,215,1nst_1_A,1
1,train,1500,216,3ren_1_A,1
1,train,1500,217,5wly_1_A,1
1,train,1500,218,1xfi_1_A,1
1,train,1500,219,2dgj_1_B,1
1,train,1500,220,5exe_1_C,1
1,train,1500,221,2ns0_1_A,1
1,train,1500,222,1c9k_1_B,1
1,train,1500,223,3wyd_1_B,1
1,train,1500,224,5ubm_1_B,1
1,train,1500,225,3ipi_1_B,1
1,train,1500,226,3lwu_1_A,1
1,train,1500,227,3c57_1_B,1
1,train,1500,228,3n3w_1_A,1
1,train,1500,229,3wqb_1_B,1
1,train,1500,230,3qdh_1_A,1
1,train,1500,231,3s04_1_A,1
1,train,1500,232,4ys6_1_A,1
1,train,1500,233,3vpl_1_A,1
1,train,1500,234,5uba_1_A,1
1,train,1500,235,3hyi_1_A,1
1,train,1500,236,3p47_1_A,1
1,train,1500,237,3d5p_1_B,1
1,train,1500,238,4lij_1_C,1
1,train,1500,239,3ctp_1_B,1
1,train,1500,240,2w7a_1_A,1
1,train,1500,241,3hrg_1_A,1
1,train,1500,242,5ey1_1_A,1
1,train,1500,243,3car_1_A,1
1,train,1500,244,2wqd_1_B,1
1,train,1500,245,3b8f_1_B,1
1,train,1500,246,2imr_1_A,1
1,train,1500,247,4anp_1_A,1
1,train,1500,248,1np0_1_E,1
1,train,1500,249,2e7v_1_A,1
1,train,1500,250,4wva_1_A,1
1,train,1500,251,2opo_1_A,1
1,train,1500,252,2j1l_1_A,1
1,train,1500,253,3hry_1_A,1
1,train,1500,254,4mjf_1_B,1
1,train,1500,255,4q35_1_B,1
1,train,1500,256,3r4r_1_A,1
1,train,1500,257,5axi_1_A,1
1,train,1500,258,2vy2_1_A,1
1,train,1500,259,4d9i_1_B,1
1,train,1500,260,2ijc_1_F,1
1,train,1500,261,4hpp_1_A,1
1,train,1500,262,2ztd_1_A,1
1,train,1500,263,3ed3_1_A,1
1,train,1500,264,3cai_1_B,1
1,train,1500,265,5yy8_1_A,1
1,train,1500,266,3goh_1_A,1
1,train,1500,267,2prr_1_A,1
1,train,1500,268,1lta_1_A,1
1,train,1500,269,4rya_1_A,1
1,train,1500,270,4lwk_1_A,1
1,train,1500,271,3khx_1_A,1
1,train,1500,272,3raz_1_A,1
1,train,1500,273,3kea_1_B,1
1,train,1500,274,4aez_1_B,1
1,train,1500,275,3lmz_1_B,1
1,train,1500,276,4lmx_1_A,1
1,train,1500,277,5elr_1_B,1
1,train,1500,278,5w5d_1_E,1
1,train,1500,279,1i8n_1_A,1
1,train,1500,280,1ug3_1_A,1
1,train,1500,281,1h3l_1_A,1
1,train,1500,282,2zu8_1_A,1
1,train,1500,283,4bin_1_A,1
1,train,1500,284,2fb6_1_A,1
1,train,1500,285,4n04_1_A,1
1,train,1500,286,3ju7_1_B,1
1,train,1500,287,2j9u_1_B,1
1,train,1500,288,1ega_1_A,1
1,train,1500,289,3kqi_1_B,1
1,train,1500,290,5ngo_1_A,1
1,train,1500,291,1eur_1_A,1
1,train,1500,292,2yv2_1_A,1
1,train,1500,293,4k9q_1_A,1
1,train,1500,294,3apo_1_A,1
1,train,1500,295,5cem_1_A,1
1,train,1500,296,2c4f_1_C,1
1,train,1500,297,1a8h_1_A,1
1,train,1500,298,4ffu_1_E,1
1,train,1500,299,1p9r_1_A,1
1,train,1500,300,3ldu_1_A,1
1,train,1500,301,2a07_1_E,1
1,train,1500,302,5go6_1_A,1
1,train,1500,303,4v1t_1_A,1
1,train,1500,304,4zp0_1_A,1
1,train,1500,305,2qsj_1_A,1
1,train,1500,306,3u37_1_B,1
1,train,1500,307,4jgg_1_A,1
1,train,1500,308,1a6q_1_A,1
1,train,1500,309,2ef8_1_B,1
1,train,1500,310,1olm_1_A,1
1,train,1500,311,2w07_1_B,1
1,train,1500,312,4mhc_1_A,1
1,train,1500,313,4qjk_1_A,1
1,train,1500,314,2j3w_1_A,1
1,train,1500,315,3ivm_1_A,1
1,train,1500,316,3bi2_1_A,1
1,train,1500,317,2g1h_1_A,1
1,train,1500,318,5m3t_1_B,1
1,train,1500,319,3bz6_1_A,1
1,train,1500,320,4lwd_1_A,1
1,train,1500,321,1vbh_1_B,1
1,train,1500,322,2esh_1_A,1
1,train,1500,323,3b77_1_A,1
1,train,1500,324,3mml_1_D,1
1,train,1500,325,2hvf_1_A,1
1,train,1500,326,1y8q_1_A,1
1,train,1500,327,2y8n_1_B,1
1,train,1500,328,4hq1_1_A,1
1,train,1500,329,3bu8_1_B,1
1,train,1500,330,3w90_1_A,1
1,train,1500,331,3q69_1_A,1
1,train,1500,332,1mey_1_A,1
1,train,1500,333,1b5q_1_A,1
1,train,1500,334,4x7u_1_A,1
1,train,1500,335,5fn7_1_A,1
1,train,1500,336,2bd0_1_A,1
1,train,1500,337,1wv8_1_B,1
1,train,1500,338,5icr_1_A,1
1,train,1500,339,5w78_1_B,1
1,train,1500,340,2vjy_1_A,1
1,train,1500,341,2qgu_1_A,1
1,train,1500,342,5x6v_1_G,1
1,train,1500,343,1cxz_1_B,1
1,train,1500,344,5fd3_1_A,1
1,train,1500,345,5loc_1_B,1
1,train,1500,346,3ljb_1_B,1
1,train,1500,347,2fkb_1_A,1
1,train,1500,348,4zkd_1_A,1
1,train,1500,349,2o5r_1_A,1
1,train,1500,350,3bj6_1_B,1
1,train,1500,351,4lws_1_A,1
1,train,1500,352,2hpv_1_B,1
1,train,1500,353,2vmg_1_A,1
1,train,1500,354,4jnj_1_A,1
1,train,1500,355,2vrw_1_B,1
1,train,1500,356,2y6p_1_A,1
1,train,1500,357,1vpq_1_A,1
1,train,1500,358,5jde_1_A,1
1,train,1500,359,1dw9_1_A,1
1,train,1500,360,4xbz_1_B,1
1,train,1500,361,2d7v_1_B,1
1,train,1500,362,5oe9_1_A,1
1,train,1500,363,4qjr_1_A,1
1,train,1500,364,4abx_1_B,1
1,train,1500,365,4rv0_1_B,1
1,train,1500,366,4uyp_1_C,1
1,train,1500,367,2v6v_1_A,1
1,train,1500,368,3f2c_1_A,1
1,train,1500,369,4jiv_1_D,1
1,train,1500,370,6b6g_1_B,1
1,train,1500,371,4nfc_1_A,1
1,train,1500,372,1nz0_1_A,1
1,train,1500,373,5ocq_1_A,1
1,train,1500,374,5ko4_1_B,1
1,train,1500,375,3ofj_1_A,1
1,train,1500,376,3dxi_1_B,1
1,train,1500,377,1fl9_1_A,1
1,train,1500,378,5gzl_1_A,1
1,train,1500,379,3dns_1_B,1
1,train,1500,380,3cc1_1_D,1
1,train,1500,381,1kjn_1_B,1
1,train,1500,382,2x36_1_B,1
1,train,1500,383,1kli_1_B,1
1,train,1500,384,2jek_1_A,1
1,train,1500,385,4xw3_1_A,1
1,train,1500,386,4ipi_1_A,1
1,train,1500,387,5gna_1_A,1
1,train,1500,388,5nji_1_A,1
1,train,1500,389,5gsm_1_B,1
1,train,1500,390,2vj2_1_A,1
1,train,1500,391,4emh_1_A,1
1,train,1500,392,3gyk_1_A,1
1,train,1500,393,5a35_1_A,1
1,train,1500,394,1li5_1_A,1
1,train,1500,395,4c92_1_D,1
1,train,1500,396,3zmr_1_A,1
1,train,1500,397,3dkm_1_A,1
1,train,1500,398,2i13_1_A,1
1,train,1500,399,1u0j_1_A,1
1,train,1500,400,4hx0_1_A,1
1,train,1500,401,3pyi_1_B,1
1,train,1500,402,2itb_1_B,1
1,train,1500,403,5czc_1_A,1
1,train,1500,404,3hb2_1_A,1
1,train,1500,405,3e54_1_B,1
1,train,1500,406,2g07_1_A,1
1,train,1500,407,3f9u_1_A,1
1,train,1500,408,4lu1_1_B,1
1,train,1500,409,4v1x_1_E,1
1,train,1500,410,3cuy_1_A,1
1,train,1500,411,3fir_1_A,1
1,train,1500,412,4y2c_1_A,1
1,train,1500,413,5lqd_1_B,1
1,train,1500,414,3kk4_1_B,1
1,train,1500,415,2bvf_1_A,1
1,train,1500,416,4h7y_1_A,1
1,train,1500,417,2gax_1_A,1
1,train,1500,418,3lxt_1_B,1
1,train,1500,419,3l6i_1_A,1
1,train,1500,420,1xdn_1_A,1
1,train,1500,421,3kws_1_B,1
1,train,1500,422,4zhv_1_A,1
1,train,1500,423,4kwb_1_A,1
1,train,1500,424,2ea1_1_A,1
1,train,1500,425,5iu1_1_A,1
1,train,1500,426,3h36_1_B,1
1,train,1500,427,4e0q_1_B,1
1,train,1500,428,1acx_1_A,1
1,train,1500,429,2yqy_1_A,1
1,train,1500,430,3kxr_1_A,1
1,train,1500,431,2jks_1_A,1
1,train,1500,432,3p53_1_A,1
1,train,1500,433,2qsi_1_B,1
1,train,1500,434,5ck4_1_A,1
1,train,1500,435,3bqe_1_A,1
1,train,1500,436,4iz9_1_A,1
1,train,1500,437,1okg_1_A,1
1,train,1500,438,3fy6_1_B,1
1,train,1500,439,5tsa_1_A,1
1,train,1500,440,5foy_1_B,1
1,train,1500,441,5is1_1_B,1
1,train,1500,442,5m5q_1_A,1
1,train,1500,443,1fjl_1_B,1
1,train,1500,444,5k8j_1_B,1
1,train,1500,445,2aag_1_B,1
1,train,1500,446,2nps_1_A,1
1,train,1500,447,2gu1_1_A,1
1,train,1500,448,1eaj_1_A,1
1,train,1500,449,1x2i_1_B,1
1,train,1500,450,2o1m_1_A,1
1,train,1500,451,1j6u_1_A,1
1,train,1500,452,5tvo_1_B,1
1,train,1500,453,5uni_1_A,1
1,train,1500,454,1tfr_1_A,1
1,train,1500,455,2b8m_1_B,1
1,train,1500,456,5lmf_1_A,1
1,train,1500,457,4jle_1_A,1
1,train,1500,458,4rev_1_A,1
1,train,1500,459,1ya7_1_O,1
1,train,1500,460,3qdp_1_A,1
1,train,1500,461,6eio_1_A,1
1,train,1500,462,2ns9_1_B,1
1,train,1500,463,5itj_1_A,1
1,train,1500,464,2awn_1_A,1
1,train,1500,465,1jyk_1_A,1
1,train,1500,466,3u1w_1_B,1
1,train,1500,467,3ovk_1_A,1
1,train,1500,468,1h9o_1_A,1
1,train,1500,469,1ct9_1_B,1
1,train,1500,470,2x9j_1_A,1
1,train,1500,471,3hps_1_B,1
1,train,1500,472,1cz1_1_A,1
1,train,1500,473,3erm_1_B,1
1,train,1500,474,1kuh_1_A,1
1,train,1500,475,4qpl_1_A,1
1,train,1500,476,2hvw_1_A,1
1,train,1500,477,4dy0_1_A,1
1,train,1500,478,3ad7_1_B,1
1,train,1500,479,1ccz_1_A,1
1,train,1500,480,3b2m_1_A,1
1,train,1500,481,1ni9_1_A,1
1,train,1500,482,5gn2_1_A,1
1,train,1500,483,3o7h_1_A,1
1,train,1500,484,4h2k_1_A,1
1,train,1500,485,2czv_1_C,1
1,train,1500,486,4pw3_1_A,1
1,train,1500,487,1t6t_1_A,1
1,train,1500,488,5cqg_1_A,1
1,train,1500,489,2c9o_1_A,1
1,train,1500,490,4x00_1_A,1
1,train,1500,491,6c62_1_B,1
1,train,1500,492,5hi5_1_B,1
1,train,1500,493,3sy3_1_A,1
1,train,1500,494,4pa8_1_A,1
1,train,1500,495,2wsw_1_A,1
1,train,1500,496,5d50_1_D,1
1,train,1500,497,5lkq_1_B,1
1,train,1500,498,1f3g_1_A,1
1,train,1500,499,1bsl_1_B,1
1,train,1500,500,1qha_1_A,1
1,train,1500,501,3t7j_1_A,1
1,train,1500,502,3hwk_1_B,1
1,train,1500,503,2d81_1_A,1
1,train,1500,504,2f1l_1_B,1
1,train,1500,505,4c0g_1_A,1
1,train,1500,506,4dd5_1_A,1
1,train,1500,507,3t0u_1_B,1
1,train,1500,508,6f9n_1_B,1
1,train,1500,509,4q2n_1_A,1
1,train,1500,510,1m5i_1_A,1
1,train,1500,511,4wxa_1_B,1
1,train,1500,512,5esc_1_B,1
1,train,1500,513,3e37_1_B,1
1,train,1500,514,4bi9_1_B,1
1,train,1500,515,3mjf_1_A,1
1,train,1500,516,3hf3_1_A,1
1,train,1500,517,3ehh_1_A,1
1,train,1500,518,4a8x_1_A,1
1,train,1500,519,2ao9_1_A,1
1,train,1500,520,4f0j_1_A,1
1,train,1500,521,5mxc_1_A,1
1,train,1500,522,3d4o_1_A,1
1,train,1500,523,1oys_1_B,1
1,train,1500,524,2w94_1_A,1
1,train,1500,525,3ux8_1_B,1
1,train,1500,526,4mls_1_A,1
1,train,1500,527,3bwx_1_A,1
1,train,1500,528,3l43_1_B,1
1,train,1500,529,6byf_1_A,1
1,train,1500,530,3nzt_1_A,1
1,train,1500,531,1mg5_1_A,1
1,train,1500,532,4ewi_1_A,1
1,train,1500,533,2wc9_1_A,1
1,train,1500,534,2b94_1_A,1
1,train,1500,535,3cc2_1_C,1
1,train,1500,536,4i0w_1_B,1
1,train,1500,537,5cam_1_A,1
1,train,1500,538,5uqp_1_B,1
1,train,1500,539,2gh1_1_A,1
1,train,1500,540,3qsz_1_A,1
1,train,1500,541,4whn_1_B,1
1,train,1500,542,4ius_1_A,1
1,train,1500,543,2vod_1_A,1
1,train,1500,544,3nct_1_A,1
1,train,1500,545,3g43_1_E,1
1,train,1500,546,3ohr_1_B,1
1,train,1500,547,4b0z_1_B,1
1,train,1500,548,4yb6_1_F,1
1,train,1500,549,2ia4_1_A,1
1,train,1500,550,3qqn_1_A,1
1,train,1500,551,4p94_1_B,1
1,train,1500,552,4zla_1_A,1
1,train,1500,553,1vj7_1_A,1
1,train,1500,554,2abw_1_A,1
1,train,1500,555,3c0f_1_B,1
1,train,1500,556,1wt6_1_C,1
1,train,1500,557,2w6a_1_B,1
1,train,1500,558,1gr0_1_A,1
1,train,1500,559,3qpf_1_A,1
1,train,1500,560,5dcs_1_A,1
1,train,1500,561,5ah0_1_A,1
1,train,1500,562,2fck_1_B,1
1,train,1500,563,4r3u_1_D,1
1,train,1500,564,4ks9_1_A,1
1,train,1500,565,3mt1_1_A,1
1,train,1500,566,5k29_1_A,1
1,train,1500,567,1vlu_1_B,1
1,train,1500,568,3g9r_1_C,1
1,train,1500,569,4a4z_1_A,1
1,train,1500,570,4gfi_1_A,1
1,train,1500,571,1g5c_1_B,1
1,train,1500,572,4c5j_1_A,1
1,train,1500,573,5udl_1_A,1
1,train,1500,574,3n8u_1_A,1
1,train,1500,575,5z81_1_A,1
1,train,1500,576,4rtl_1_A,1
1,train,1500,577,4nj5_1_A,1
1,train,1500,578,3wxf_1_A,1
1,train,1500,579,3zxw_1_B,1
1,train,1500,580,2oyy_1_A,1
1,train,1500,581,4jd0_1_A,1
1,train,1500,582,4n3w_1_A,1
1,train,1500,583,1b33_1_A,1
1,train,1500,584,4buc_1_A,1
1,train,1500,585,3ddn_1_D,1
1,train,1500,586,1xpp_1_D,1
1,train,1500,587,3ctr_1_A,1
1,train,1500,588,4ds1_1_A,1
1,train,1500,589,5ic1_1_A,1
1,train,1500,590,2rdi_1_A,1
1,train,1500,591,5knk_1_A,1
1,train,1500,592,5l0p_1_B,1
1,train,1500,593,2ydy_1_A,1
1,train,1500,594,3hx3_1_A,1
1,train,1500,595,3rxz_1_C,1
1,train,1500,596,3hbz_1_A,1
1,train,1500,597,3jso_1_A,1
1,train,1500,598,2qk1_1_A,1
1,train,1500,599,3ueb_1_B,1
1,train,1500,600,1dil_1_A,1
1,train,1500,601,3m6m_1_E,1
1,train,1500,602,1xer_1_B,1
1,train,1500,603,3nvv_1_B,1
1,train,1500,604,6f74_1_A,1
1,train,1500,605,1tkd_1_A,1
1,train,1500,606,3gbt_1_A,1
1,train,1500,607,4b3j_1_A,1
1,train,1500,608,2h7g_1_A,1
1,train,1500,609,4g4f_1_A,1
1,train,1500,610,5idy_1_B,1
1,train,1500,611,3o8v_1_A,1
1,train,1500,612,3pga_1_D,1
1,train,1500,613,3kra_1_C,1
1,train,1500,614,5fq4_1_A,1
1,train,1500,615,3lop_1_A,1
1,train,1500,616,3bww_1_A,1
1,train,1500,617,2fhq_1_B,1
1,train,1500,618,5wzq_1_A,1
1,train,1500,619,5h6m_1_A,1
1,train,1500,620,5b3d_1_A,1
1,train,1500,621,5a0d_1_A,1
1,train,1500,622,4lsz_1_D,1
1,train,1500,623,4v2a_1_A,1
1,train,1500,624,4qdh_1_A,1
1,train,1500,625,2o0y_1_A,1
1,train,1500,626,1hju_1_A,1
1,train,1500,627,3ss3_1_D,1
1,train,1500,628,4bz0_1_A,1
1,train,1500,629,1am7_1_A,1
1,train,1500,630,3teu_1_A,1
1,train,1500,631,3zii_1_A,1
1,train,1500,632,4mak_1_A,1
1,train,1500,633,1mqv_1_A,1
1,train,1500,634,2qgy_1_B,1
1,train,1500,635,4fqd_1_B,1
1,train,1500,636,2gup_1_B,1
1,train,1500,637,3iup_1_B,1
1,train,1500,638,1oai_1_A,1
1,train,1500,639,2oxl_1_B,1
1,train,1500,640,3gw2_1_B,1
1,train,1500,641,4obi_1_A,1
1,train,1500,642,2ql3_1_B,1
1,train,1500,643,5vxd_1_A,1
1,train,1500,644,3i42_1_B,1
1,train,1500,645,3nf2_1_B,1
1,train,1500,646,4lad_1_B,1
1,train,1500,647,2wd6_1_A,1
1,train,1500,648,5hpk_1_A,1
1,train,1500,649,5ncw_1_A,1
1,train,1500,650,2pqi_1_A,1
1,train,1500,651,1s99_1_A,1
1,train,1500,652,1e1r_1_G,1
1,train,1500,653,1o7f_1_A,1
1,train,1500,654,2p1y_1_B,1
1,train,1500,655,3ud2_1_A,1
1,train,1500,656,4l8j_1_B,1
1,train,1500,657,5k3q_1_B,1
1,train,1500,658,4fxx_1_A,1
1,train,1500,659,1j72_1_A,1
1,train,1500,660,2j6p_1_A,1
1,train,1500,661,4wia_1_A,1
1,train,1500,662,3kgk_1_B,1
1,train,1500,663,1gk6_1_B,1
1,train,1500,664,5tl4_1_A,1
1,train,1500,665,2gmk_1_A,1
1,train,1500,666,3p02_1_A,1
1,train,1500,667,4p4m_1_A,1
1,train,1500,668,4hst_1_B,1
1,train,1500,669,4hwh_1_A,1
1,train,1500,670,2zlv_1_D,1
1,train,1500,671,2vo9_1_A,1
1,train,1500,672,3or2_1_C,1
1,train,1500,673,3g8z_1_B,1
1,train,1500,674,2i6e_1_A,1
1,train,1500,675,3fz5_1_B,1
1,train,1500,676,4pq1_1_A,1
1,train,1500,677,5k2m_1_A,1
1,train,1500,678,4xnv_1_A,1
1,train,1500,679,4hjj_1_C,1
1,train,1500,680,2yxx_1_A,1
1,train,1500,681,2xdg_1_B,1
1,train,1500,682,3mx3_1_A,1
1,train,1500,683,1zs4_1_A,1
1,train,1500,684,3dzb_1_A,1
1,train,1500,685,1ac5_1_A,1
1,train,1500,686,1us3_1_A,1
1,train,1500,687,5x56_1_A,1
1,train,1500,688,2w31_1_B,1
1,train,1500,689,3gms_1_A,1
1,train,1500,690,5h7k_1_A,1
1,train,1500,691,4u86_1_A,1
1,train,1500,692,1dle_1_B,1
1,train,1500,693,3r1p_1_A,1
1,train,1500,694,5ccb_1_B,1
1,train,1500,695,1yrx_1_A,1
1,train,1500,696,1ji6_1_A,1
1,train,1500,697,3tk1_1_A,1
1,train,1500,698,2dvn_1_A,1
1,train,1500,699,3zrj_1_A,1
1,train,1500,700,3feh_1_A,1
1,train,1500,701,3ict_1_A,1
1,train,1500,702,3d4u_1_B,1
1,train,1500,703,5vol_1_D,1
1,train,1500,704,4ehx_1_A,1
1,train,1500,705,1jey_1_A,1
1,train,1500,706,3ib6_1_A,1
1,train,1500,707,1omx_1_A,1
1,train,1500,708,3lw9_1_A,1
1,train,1500,709,2nqo_1_C,1
1,train,1500,710,1knb_1_A,1
1,train,1500,711,1ztd_1_B,1
1,train,1500,712,2am3_1_A,1
1,train,1500,713,3fav_1_A,1
1,train,1500,714,2e6m_1_A,1
1,train,1500,715,4rxt_1_A,1
1,train,1500,716,3dxx_1_A,1
1,train,1500,717,3rss_1_A,1
1,train,1500,718,3s9d_1_B,1
1,train,1500,719,4a2c_1_A,1
1,train,1500,720,2es4_1_B,1
1,train,1500,721,1nmo_1_A,1
1,train,1500,722,5g37_1_A,1
1,train,1500,723,5bp5_1_C,1
1,train,1500,724,2hjh_1_A,1
1,train,1500,725,2qh9_1_B,1
1,train,1500,726,1bgv_1_A,1
1,train,1500,727,1mgt_1_A,1
1,train,1500,728,1wlu_1_A,1
1,train,1500,729,3fsp_1_A,1
1,train,1500,730,3ibx_1_D,1
1,train,1500,731,4krr_1_A,1
1,train,1500,732,5vbc_1_A,1
1,train,1500,733,5x9q_1_B,1
1,train,1500,734,5jw9_1_B,1
1,train,1500,735,5gy2_1_B,1
1,train,1500,736,4azh_1_A,1
1,train,1500,737,2foi_1_C,1
1,train,1500,738,1srv_1_A,1
1,train,1500,739,4ols_1_A,1
1,train,1500,740,2w4s_1_B,1
1,train,1500,741,1zck_1_A,1
1,train,1500,742,5ko9_1_A,1
1,train,1500,743,4z4a_1_A,1
1,train,1500,744,2zxk_1_B,1
1,train,1500,745,4x33_1_B,1
1,train,1500,746,1y14_1_A,1
1,train,1500,747,3no6_1_A,1
1,train,1500,748,5fqd_1_A,1
1,train,1500,749,1vcv_1_B,1
1,train,1500,750,1g1c_1_B,1
1,train,1500,751,5te1_1_A,1
1,train,1500,752,3srg_1_A,1
1,train,1500,753,3tl4_1_A,1
1,train,1500,754,2ve4_1_A,1
1,train,1500,755,5nf4_1_A,1
1,train,1500,756,1lk9_1_A,1
1,train,1500,757,2v94_1_A,1
1,train,1500,758,5v2o_1_A,1
1,train,1500,759,3oo9_1_A,1
1,train,1500,760,3rjv_1_A,1
1,train,1500,761,5vlq_1_A,1
1,train,1500,762,5eiq_1_A,1
1,train,1500,763,4eij_1_A,1
1,train,1500,764,1n26_1_B,1
1,train,1500,765,2hw2_1_A,1
1,train,1500,766,3iuz_1_A,1
1,train,1500,767,2a35_1_B,1
1,train,1500,768,2yvm_1_A,1
1,train,1500,769,5syt_1_A,1
1,train,1500,770,3asd_1_A,1
1,train,1500,771,3ey6_1_A,1
1,train,1500,772,3cit_1_D,1
1,train,1500,773,1mhm_1_A,1
1,train,1500,774,4cvd_1_A,1
1,train,1500,775,3gwh_1_B,1
1,train,1500,776,1jfx_1_A,1
1,train,1500,777,4e61_1_B,1
1,train,1500,778,3noi_1_B,1
1,train,1500,779,6au8_1_B,1
1,train,1500,780,5jjo_1_A,1
1,train,1500,781,2b5e_1_A,1
1,train,1500,782,2ox7_1_A,1
1,train,1500,783,5efr_1_A,1
1,train,1500,784,5jfz_1_A,1
1,train,1500,785,1wka_1_A,1
1,train,1500,786,5ht6_1_A,1
1,train,1500,787,2r4i_1_B,1
1,train,1500,788,1h1i_1_A,1
1,train,1500,789,3ey1_1_A,1
1,train,1500,790,3q0q_1_A,1
1,train,1500,791,5mu4_1_B,1
1,train,1500,792,2w9z_1_A,1
1,train,1500,793,3uv9_1_A,1
1,train,1500,794,3ir3_1_B,1
1,train,1500,795,5b3t_1_A,1
1,train,1500,796,2qjy_1_F,1
1,train,1500,797,3h3b_1_A,1
1,train,1500,798,3k9v_1_A,1
1,train,1500,799,4eln_1_A,1
1,train,1500,800,2ig6_1_B,1
1,train,1500,801,5h7r_1_A,1
1,train,1500,802,4ha6_1_A,1
1,train,1500,803,2oqq_1_B,1
1,train,1500,804,2oxo_1_A,1
1,train,1500,805,2e6v_1_A,1
1,train,1500,806,3bln_1_B,1
1,train,1500,807,4cp1_1_A,1
1,train,1500,808,1nf8_1_A,1
1,train,1500,809,4u9w_1_A,1
1,train,1500,810,3uxf_1_A,1
1,train,1500,811,5ilb_1_A,1
1,train,1500,812,1wiw_1_A,1
1,train,1500,813,4chj_1_A,1
1,train,1500,814,5c9z_1_A,1
1,train,1500,815,2b5t_1_A,1
1,train,1500,816,2dxq_1_B,1
1,train,1500,817,2zts_1_A,1
1,train,1500,818,3p8k_1_B,1
1,train,1500,819,3zyy_1_A,1
1,train,1500,820,3m4i_1_A,1
1,train,1500,821,3dd7_1_A,1
1,train,1500,822,2bq4_1_A,1
1,train,1500,823,1vcl_1_A,1
1,train,1500,824,4k2o_1_A,1
1,train,1500,825,2v9a_1_A,1
1,train,1500,826,2b7k_1_A,1
1,train,1500,827,4unf_1_A,1
1,train,1500,828,4qwo_1_A,1
1,train,1500,829,3rf7_1_A,1
1,train,1500,830,4nqr_1_A,1
1,train,1500,831,1sgw_1_A,1
1,train,1500,832,3b5t_1_A,1
1,train,1500,833,3m66_1_A,1
1,train,1500,834,3nqj_1_B,1
1,train,1500,835,3boy_1_A,1
1,train,1500,836,3gff_1_B,1
1,train,1500,837,4esb_1_B,1
1,train,1500,838,4rqm_1_A,1
1,train,1500,839,1j24_1_A,1
1,train,1500,840,2wwp_1_A,1
1,train,1500,841,5swu_1_A,1
1,train,1500,842,2rar_1_A,1
1,train,1500,843,1wq1_1_A,1
1,train,1500,844,4cud_1_A,1
1,train,1500,845,4d3y_1_A,1
1,train,1500,846,5kug_1_A,1
1,train,1500,847,3l31_1_A,1
1,train,1500,848,3f8x_1_A,1
1,train,1500,849,2ptz_1_A,1
1,train,1500,850,3o8s_1_B,1
1,train,1500,851,4gmo_1_A,1
1,train,1500,852,3lf2_1_B,1
1,train,1500,853,1wvg_1_A,1
1,train,1500,854,3dml_1_A,1
1,train,1500,855,5mun_1_B,1
1,train,1500,856,2w83_1_D,1
1,train,1500,857,3zuo_1_A,1
1,train,1500,858,4b8n_1_A,1
1,train,1500,859,5f9z_1_A,1
1,train,1500,860,1rl2_1_A,1
1,train,1500,861,5tvf_1_C,1
1,train,1500,862,5yhh_1_A,1
1,train,1500,863,2q4f_1_A,1
1,train,1500,864,3qe2_1_A,1
1,train,1500,865,5jqm_1_B,1
1,train,1500,866,3m8z_1_A,1
1,train,1500,867,5ug7_1_A,1
1,train,1500,868,5lc4_1_A,1
1,train,1500,869,2wmp_1_B,1
1,train,1500,870,1z05_1_B,1
1,train,1500,871,2nxw_1_D,1
1,train,1500,872,4qdj_1_A,1
1,train,1500,873,1rtw_1_B,1
1,train,1500,874,4ltd_1_A,1
1,train,1500,875,5t2s_1_A,1
1,train,1500,876,1nzn_1_A,1
1,train,1500,877,1z5z_1_A,1
1,train,1500,878,2e3u_1_A,1
1,train,1500,879,3rag_1_A,1
1,train,1500,880,3c5h_1_A,1
1,train,1500,881,3g7q_1_B,1
1,train,1500,882,5o5s_1_B,1
1,train,1500,883,2gj8_1_A,1
1,train,1500,884,1n1j_1_B,1
1,train,1500,885,6f0t_1_A,1
1,train,1500,886,2i71_1_A,1
1,train,1500,887,4u03_1_A,1
1,train,1500,888,1dnp_1_A,1
1,train,1500,889,3lf9_1_A,1
1,train,1500,890,3mpl_1_A,1
1,train,1500,891,3vns_1_A,1
1,train,1500,892,5i39_1_A,1
1,train,1500,893,4k5u_1_A,1
1,train,1500,894,3i7j_1_A,1
1,train,1500,895,3n24_1_B,1
1,train,1500,896,3ihg_1_A,1
1,train,1500,897,2vk2_1_A,1
1,train,1500,898,5xdc_1_D,1
1,train,1500,899,4lya_1_A,1
1,train,1500,900,3sf5_1_C,1
1,train,1500,901,5gvd_1_A,1
1,train,1500,902,2fdr_1_A,1
1,train,1500,903,1j84_1_A,1
1,train,1500,904,5to5_1_B,1
1,train,1500,905,1rl0_1_A,1
1,train,1500,906,2efk_1_B,1
1,train,1500,907,4fm3_1_C,1
1,train,1500,908,2ela_1_A,1
1,train,1500,909,4jqs_1_A,1
1,train,1500,910,4jbe_1_A,1
1,train,1500,911,3dhu_1_A,1
1,train,1500,912,2d8e_1_A,1
1,train,1500,913,2j9l_1_F,1
1,train,1500,914,3x1l_1_C,1
1,train,1500,915,1z9w_1_A,1
1,train,1500,916,4bqo_1_A,1
1,train,1500,917,1j5u_1_A,1
1,train,1500,918,1uan_1_A,1
1,train,1500,919,3mcb_1_B,1
1,train,1500,920,3f4a_1_B,1
1,train,1500,921,5xut_1_A,0
1,train,1500,922,1yuk_1_B,1
1,train,1500,923,3m63_1_A,1
1,train,1500,924,5jzs_1_A,1
1,train,1500,925,5o63_1_A,1
1,train,1500,926,3umb_1_B,1
1,train,1500,927,2eq9_1_C,1
1,train,1500,928,1ux7_1_A,1
1,train,1500,929,5dbl_1_A,1
1,train,1500,930,3efz_1_A,1
1,train,1500,931,2zze_1_A,1
1,train,1500,932,3fx3_1_B,1
1,train,1500,933,2jhe_1_B,1
1,train,1500,934,1n1q_1_A,1
1,train,1500,935,5uvr_1_A,1
1,train,1500,936,2d1h_1_B,1
1,train,1500,937,2occ_1_L,1
1,train,1500,938,2c40_1_B,1
1,train,1500,939,1v2x_1_B,1
1,train,1500,940,2nwi_1_B,1
1,train,1500,941,2dkh_1_A,1
1,train,1500,942,1kh8_1_A,1
1,train,1500,943,2wwd_1_A,1
1,train,1500,944,4xa9_1_A,1
1,train,1500,945,2y1b_1_A,1
1,train,1500,946,1col_1_A,1
1,train,1500,947,3dgt_1_A,1
1,train,1500,948,2z0t_1_A,1
1,train,1500,949,3a15_1_B,1
1,train,1500,950,5nii_1_A,1
1,train,1500,951,1gvn_1_D,1
1,train,1500,952,5gwx_1_A,1
1,train,1500,953,4lc3_1_B,1
1,train,1500,954,4at0_1_A,1
1,train,1500,955,5lug_1_A,1
1,train,1500,956,4f1j_1_A,1
1,train,1500,957,4ryn_1_A,1
1,train,1500,958,2zw9_1_A,1
1,train,1500,959,4zhb_1_A,1
1,train,1500,960,2c49_1_A,1
1,train,1500,961,3l0o_1_B,1
1,train,1500,962,2pfi_1_A,1
1,train,1500,963,2ozg_1_A,1
1,train,1500,964,5t5m_1_E,1
1,train,1500,965,1lml_1_A,1
1,train,1500,966,1xko_1_B,1
1,train,1500,967,1a4m_1_A,1
1,train,1500,968,4wz0_1_A,1
1,train,1500,969,1t6e_1_A,1
1,train,1500,970,1j30_1_B,1
1,train,1500,971,4bqh_1_A,1
1,train,1500,972,1u7o_1_A,1
1,train,1500,973,3exc_1_B,1
1,train,1500,974,1jtk_1_A,1
1,train,1500,975,6ar7_1_A,1
1,train,1500,976,3guu_1_A,1
1,train,1500,977,2vrz_1_B,1
1,train,1500,978,4fmm_1_B,1
1,train,1500,979,4inq_1_A,1
1,train,1500,980,4dr0_1_A,1
1,train,1500,981,3qll_1_A,1
1,train,1500,982,1vla_1_B,1
1,train,1500,983,1bpl_1_A,1
1,train,1500,984,1iv1_1_A,1
1,train,1500,985,5ze3_1_A,1
1,train,1500,986,5wwe_1_A,1
1,train,1500,987,5hly_1_B,1
1,train,1500,988,3b20_1_B,1
1,train,1500,989,2nn5_1_A,1
1,train,1500,990,5ouo_1_A,1
1,train,1500,991,3l23_1_A,1
1,train,1500,992,2g36_1_B,1
1,train,1500,993,3so5_1_A,1
1,train,1500,994,1rlw_1_A,1
1,train,1500,995,5en5_1_C,1
1,train,1500,996,5v0s_1_B,1
1,train,1500,997,3g5o_1_B,1
1,train,1500,998,5tzg_1_B,1
1,train,1500,999,2a8i_1_B,1
1,train,1500,1000,4uy7_1_A,1
1,train,1500,1001,2qqz_1_B,1
1,train,1500,1002,1vb3_1_A,1
1,train,1500,1003,3g5i_1_A,1
1,train,1500,1004,5i0q_1_D,1
1,train,1500,1005,3pgz_1_A,1
1,train,1500,1006,3f21_1_A,1
1,train,1500,1007,4czv_1_A,1
1,train,1500,1008,3v6i_1_A,1
1,train,1500,1009,5hjk_1_A,1
1,train,1500,1010,1vmi_1_B,1
1,train,1500,1011,5e4m_1_A,1
1,train,1500,1012,4rlj_1_B,1
1,train,1500,1013,3d37_1_B,1
1,train,1500,1014,4m1b_1_A,1
1,train,1500,1015,5d1i_1_B,1
1,train,1500,1016,5mwa_1_A,1
1,train,1500,1017,3wut_1_B,1
1,train,1500,1018,5gzy_1_A,1
1,train,1500,1019,4b62_1_A,1
1,train,1500,1020,5f5r_1_A,1
1,train,1500,1021,4otn_1_B,1
1,train,1500,1022,4euu_1_B,1
1,train,1500,1023,1vyg_1_A,1
1,train,1500,1024,3p9z_1_A,1
1,train,1500,1025,1nvm_1_C,1
1,train,1500,1026,1z45_1_B,1
1,train,1500,1027,2gaa_1_A,1
1,train,1500,1028,1k4z_1_B,1
1,train,1500,1029,3orf_1_B,1
1,train,1500,1030,4k7b_1_A,1
1,train,1500,1031,5fma_1_A,1
1,train,1500,1032,5w95_1_A,1
1,train,1500,1033,3k3c_1_A,1
1,train,1500,1034,5iuy_1_C,1
1,train,1500,1035,2vc8_1_A,1
1,train,1500,1036,6avd_1_A,1
1,train,1500,1037,4hfk_1_B,1
1,train,1500,1038,1zvp_1_A,1
1,train,1500,1039,2o20_1_A,1
1,train,1500,1040,5tt6_1_A,1
1,train,1500,1041,3l6h_1_A,1
1,train,1500,1042,3qmq_1_A,1
1,train,1500,1043,3dc7_1_A,1
1,train,1500,1044,1wmx_1_A,1
1,train,1500,1045,1xng_1_B,1
1,train,1500,1046,3op1_1_A,1
1,train,1500,1047,5ces_1_B,1
1,train,1500,1048,4koa_1_A,1
1,train,1500,1049,1zzg_1_B,1
1,train,1500,1050,5b3g_1_B,1
1,train,1500,1051,5vit_1_A,1
1,train,1500,1052,3nd1_1_B,1
1,train,1500,1053,6bt4_1_A,1
1,train,1500,1054,1qo0_1_D,1
1,train,1500,1055,1ojz_1_A,1
1,train,1500,1056,3puq_1_A,1
1,train,1500,1057,1xiw_1_A,1
1,train,1500,1058,4it5_1_B,1
1,train,1500,1059,4kmf_1_A,1
1,train,1500,1060,2vlb_1_A,1
1,train,1500,1061,4kv2_1_B,1
1,train,1500,1062,4r7f_1_B,1
1,train,1500,1063,5j8y_1_B,1
1,train,1500,1064,1bja_1_A,1
1,train,1500,1065,5uxc_1_A,1
1,train,1500,1066,4xgh_1_A,1
1,train,1500,1067,5if0_1_C,1
1,train,1500,1068,4ija_1_B,1
1,train,1500,1069,3jyh_1_A,1
1,train,1500,1070,2zxi_1_B,1
1,train,1500,1071,3op7_1_A,1
1,train,1500,1072,1iir_1_A,1
1,train,1500,1073,1tfe_1_B,1
1,train,1500,1074,3bpq_1_A,1
1,train,1500,1075,3b09_1_B,1
1,train,1500,1076,2bhg_1_A,1
1,train,1500,1077,1g2e_1_A,1
1,train,1500,1078,2o38_1_A,1
1,train,1500,1079,4dgk_1_A,1
1,train,1500,1080,1g8e_1_B,1
1,train,1500,1081,1krh_1_A,1
1,train,1500,1082,5x0t_1_C,1
1,train,1500,1083,2h5n_1_C,1
1,train,1500,1084,5et0_1_A,1
1,train,1500,1085,3i38_1_B,1
1,train,1500,1086,4m1j_1_A,1
1,train,1500,1087,3vop_1_B,1
1,train,1500,1088,4fei_1_B,1
1,train,1500,1089,5ugw_1_A,1
1,train,1500,1090,4r12_1_A,1
1,train,1500,1091,4bj4_1_A,1
1,train,1500,1092,2fau_1_A,1
1,train,1500,1093,1f3v_1_A,1
1,train,1500,1094,5it4_1_B,1
1,train,1500,1095,5hxg_1_A,1
1,train,1500,1096,5dap_1_A,1
1,train,1500,1097,1f5q_1_B,1
1,train,1500,1098,2ce7_1_D,1
1,train,1500,1099,3n1x_1_B,1
1,train,1500,1100,4zi9_1_B,1
1,train,1500,1101,3k2o_1_B,1
1,train,1500,1102,1myk_1_A,1
1,train,1500,1103,5vmd_1_A,1
1,train,1500,1104,5kc9_1_A,1
1,train,1500,1105,3uec_1_A,1
1,train,1500,1106,4gnr_1_A,1
1,train,1500,1107,4csd_1_A,1
1,train,1500,1108,5gww_1_B,1
1,train,1500,1109,3q1o_1_A,1
1,train,1500,1110,4r1a_1_A,1
1,train,1500,1111,2od4_1_B,1
1,train,1500,1112,3p8t_1_A,1
1,train,1500,1113,3k69_1_B,1
1,train,1500,1114,3zt9_1_A,1
1,train,1500,1115,1eyp_1_A,1
1,train,1500,1116,2zw6_1_B,1
1,train,1500,1117,3fcm_1_A,1
1,train,1500,1118,1igu_1_B,1
1,train,1500,1119,3kvn_1_A,1
1,train,1500,1120,2h9e_1_A,1
1,train,1500,1121,2occ_1_G,1
1,train,1500,1122,1oxj_1_A,1
1,train,1500,1123,4a49_1_A,1
1,train,1500,1124,1w55_1_A,1
1,train,1500,1125,5cm2_1_A,1
1,train,1500,1126,5i20_1_A,1
1,train,1500,1127,2yhy_1_A,1
1,train,1500,1128,4rwr_1_A,1
1,train,1500,1129,2qyv_1_B,1
1,train,1500,1130,3lvy_1_B,1
1,train,1500,1131,5aiu_1_A,1
1,train,1500,1132,1f23_1_A,1
1,train,1500,1133,3aaf_1_B,1
1,train,1500,1134,5dmm_1_A,1
1,train,1500,1135,4u99_1_A,1
1,train,1500,1136,1twu_1_B,1
1,train,1500,1137,5efq_1_B,1
1,train,1500,1138,2g7g_1_B,1
1,train,1500,1139,4qgo_1_A,1
1,train,1500,1140,2ets_1_A,1
1,train,1500,1141,4hj6_1_B,1
1,train,1500,1142,1w9g_1_A,1
1,train,1500,1143,3pdy_1_A,1
1,train,1500,1144,5d50_1_F,1
1,train,1500,1145,2pv4_1_A,1
1,train,1500,1146,4zcc_1_B,1
1,train,1500,1147,4eju_1_A,1
1,train,1500,1148,4maf_1_B,1
1,train,1500,1149,3nbc_1_A,1
1,train,1500,1150,4h79_1_A,1
1,train,1500,1151,2oaf_1_B,1
1,train,1500,1152,2zxe_1_B,1
1,train,1500,1153,5ldd_1_B,1
1,train,1500,1154,4w8g_1_A,1
1,train,1500,1155,2jis_1_A,1
1,train,1500,1156,6ei3_1_A,1
1,train,1500,1157,4clq_1_A,1
1,train,1500,1158,2a0m_1_A,1
1,train,1500,1159,3gmi_1_A,1
1,train,1500,1160,4ras_1_A,1
1,train,1500,1161,3mzo_1_F,1
1,train,1500,1162,5e1l_1_A,1
1,train,1500,1163,2y6y_1_A,1
1,train,1500,1164,3zdm_1_D,1
1,train,1500,1165,4zv9_1_A,1
1,train,1500,1166,3g0z_1_A,1
1,train,1500,1167,3mbc_1_A,1
1,train,1500,1168,4kpa_1_A,1
1,train,1500,1169,3fnd_1_A,1
1,train,1500,1170,1npi_1_A,1
1,train,1500,1171,4rtt_1_B,1
1,train,1500,1172,4afh_1_A,1
1,train,1500,1173,2g49_1_A,1
1,train,1500,1174,5h6b_1_A,1
1,train,1500,1175,2vcg_1_B,1
1,train,1500,1176,4zwb_1_A,1
1,train,1500,1177,2wbv_1_B,1
1,train,1500,1178,2cxk_1_B,1
1,train,1500,1179,3cje_1_B,1
1,train,1500,1180,4bif_1_A,1
1,train,1500,1181,3kde_1_A,1
1,train,1500,1182,4h2y_1_D,1
1,train,1500,1183,2fsi_1_B,1
1,train,1500,1184,4gxt_1_A,1
1,train,1500,1185,2c3n_1_A,1
1,train,1500,1186,2iu1_1_A,1
1,train,1500,1187,4bl6_1_D,1
1,train,1500,1188,2dqa_1_A,1
1,train,1500,1189,4ayn_1_B,1
1,train,1500,1190,3zhi_1_A,1
1,train,1500,1191,1fxk_1_B,1
1,train,1500,1192,3m4r_1_A,1
1,train,1500,1193,4muq_1_A,1
1,train,1500,1194,1tp6_1_A,1
1,train,1500,1195,6az2_1_B,1
1,train,1500,1196,2bky_1_A,1
1,train,1500,1197,3t7v_1_A,1
1,train,1500,1198,4bmk_1_A,1
1,train,1500,1199,5ls2_1_A,1
1,train,1500,1200,2z1p_1_A,1
1,train,1500,1201,3zf8_1_B,1
1,train,1500,1202,4oxw_1_A,1
1,train,1500,1203,2qp2_1_A,1
1,train,1500,1204,3n7c_1_A,1
1,train,1500,1205,3fwz_1_B,1
1,train,1500,1206,4kl6_1_B,1
1,train,1500,1207,4ofw_1_A,1
1,train,1500,1208,3k6g_1_A,1
1,train,1500,1209,4mfk_1_A,1
1,train,1500,1210,4nnz_1_B,1
1,train,1500,1211,3lk7_1_A,1
1,train,1500,1212,3ck6_1_E,1
1,train,1500,1213,4dom_1_A,1
1,train,1500,1214,5a0l_1_A,1
1,train,1500,1215,3kxp_1_B,1
1,train,1500,1216,3wtd_1_A,1
1,train,1500,1217,2ovi_1_A,1
1,train,1500,1218,4x54_1_B,1
1,train,1500,1219,4aaj_1_A,1
1,train,1500,1220,3jxo_1_A,1
1,train,1500,1221,4awy_1_A,1
1,train,1500,1222,2pie_1_A,1
1,train,1500,1223,2gfa_1_A,1
1,train,1500,1224,5kf6_1_A,0
1,train,1500,1225,1mvo_1_B,1
1,train,1500,1226,1xki_1_A,1
1,train,1500,1227,3njc_1_B,1
1,train,1500,1228,1pjc_1_A,1
1,train,1500,1229,3ws1_1_A,1
1,train,1500,1230,5ecd_1_A,1
1,train,1500,1231,3kkz_1_A,1
1,train,1500,1232,3l8q_1_A,1
1,train,1500,1233,4dln_1_B,1
1,train,1500,1234,4xsq_1_A,1
1,train,1500,1235,2dfu_1_B,1
1,train,1500,1236,5x6u_1_A,1
1,train,1500,1237,4n6j_1_B,1
1,train,1500,1238,2e8g_1_A,1
1,train,1500,1239,3bij_1_A,1
1,train,1500,1240,5w5a_1_B,1
1,train,1500,1241,5myi_1_A,1
1,train,1500,1242,5mqp_1_A,1
1,train,1500,1243,1jda_1_A,1
1,train,1500,1244,4n5q_1_A,1
1,train,1500,1245,3nre_1_A,1
1,train,1500,1246,2y5j_1_A,1
1,train,1500,1247,5ap8_1_A,1
1,train,1500,1248,2q0t_1_A,1
1,train,1500,1249,3awy_1_B,1
1,train,1500,1250,2yb5_1_A,1
1,train,1500,1251,5nz7_1_B,1
1,train,1500,1252,5ijh_1_A,1
1,train,1500,1253,2ze5_1_A,1
1,train,1500,1254,3pu9_1_B,1
1,train,1500,1255,3eby_1_A,1
1,train,1500,1256,4nar_1_A,1
1,train,1500,1257,1h1o_1_A,1
1,train,1500,1258,3f2i_1_A,1
1,train,1500,1259,4bjh_1_B,1
1,train,1500,1260,3pro_1_B,1
1,train,1500,1261,1ezv_1_J,1
1,train,1500,1262,2gr8_1_A,1
1,train,1500,1263,1j5p_1_B,1
1,train,1500,1264,5a0n_1_A,1
1,train,1500,1265,3e7w_1_A,1
1,train,1500,1266,2odh_1_A,1
1,train,1500,1267,2hlq_1_A,1
1,train,1500,1268,2hsn_1_C,1
1,train,1500,1269,5h5a_1_A,1
1,train,1500,1270,6cuq_1_B,1
1,train,1500,1271,4apo_1_A,1
1,train,1500,1272,1n0w_1_A,1
1,train,1500,1273,3gwi_1_A,1
1,train,1500,1274,3kgd_1_A,1
1,train,1500,1275,3g02_1_A,1
1,train,1500,1276,1ucr_1_A,1
1,train,1500,1277,5too_1_A,1
1,train,1500,1278,3ppb_1_B,1
1,train,1500,1279,1n1i_1_A,1
1,train,1500,1280,1yj7_1_A,1
1,train,1500,1281,5dic_1_A,1
1,train,1500,1282,4oa3_1_A,1
1,train,1500,1283,2xtc_1_A,1
1,train,1500,1284,3oz2_1_A,1
1,train,1500,1285,2vlg_1_A,1
1,train,1500,1286,1dq3_1_A,1
1,train,1500,1287,4l01_1_A,1
1,train,1500,1288,4z24_1_A,1
1,train,1500,1289,4bps_1_A,1
1,train,1500,1290,3pwx_1_B,1
1,train,1500,1291,5m45_1_B,1
1,train,1500,1292,1fxk_1_F,1
1,train,1500,1293,2okx_1_A,1
1,train,1500,1294,1lgh_1_A,1
1,train,1500,1295,1qfg_1_A,1
1,train,1500,1296,2q03_1_B,1
1,train,1500,1297,4hqo_1_A,1
1,train,1500,1298,3eh2_1_A,1
1,train,1500,1299,4efz_1_A,1
1,train,1500,1300,6cw5_1_B,1
1,train,1500,1301,2p1j_1_A,1
1,train,1500,1302,3bt7_1_A,1
1,train,1500,1303,2c10_1_A,1
1,train,1500,1304,4nfa_1_A,1
1,train,1500,1305,3e9l_1_A,1
1,train,1500,1306,5foe_1_A,1
1,train,1500,1307,3nbi_1_A,1
1,train,1500,1308,5uju_1_B,1
1,train,1500,1309,5b3l_1_A,1
1,train,1500,1310,4geg_1_A,1
1,train,1500,1311,3f52_1_B,1
1,train,1500,1312,5x7l_1_A,1
1,train,1500,1313,6cnz_1_B,1
1,train,1500,1314,4nl0_1_A,1
1,train,1500,1315,5kwy_1_A,1
1,train,1500,1316,4m4n_1_A,1
1,train,1500,1317,3c9h_1_A,1
1,train,1500,1318,4rgi_1_A,1
1,train,1500,1319,1otg_1_A,1
1,train,1500,1320,1o7i_1_A,1
1,train,1500,1321,5jnm_1_A,1
1,train,1500,1322,3k2n_1_B,1
1,train,1500,1323,2we8_1_B,1
1,train,1500,1324,2eo4_1_B,1
1,train,1500,1325,1twf_1_A,0
1,train,1500,1326,1y7p_1_B,1
1,train,1500,1327,2p1m_1_A,1
1,train,1500,1328,3kwt_1_A,1
1,train,1500,1329,4omf_1_E,1
1,train,1500,1330,4ezb_1_B,1
1,train,1500,1331,1cf2_1_A,1
1,train,1500,1332,3l50_1_A,1
1,train,1500,1333,1w6k_1_A,1
1,train,1500,1334,1xso_1_B,1
1,train,1500,1335,1zx5_1_A,1
1,train,1500,1336,5ly0_1_B,1
1,train,1500,1337,5k04_1_A,1
1,train,1500,1338,1x8y_1_A,1
1,train,1500,1339,5e8m_1_B,1
1,train,1500,1340,4agr_1_A,1
1,train,1500,1341,5te9_1_B,1
1,train,1500,1342,1c7s_1_A,1
1,train,1500,1343,1is2_1_A,1
1,train,1500,1344,3zit_1_B,1
1,train,1500,1345,1pg7_1_C,1
1,train,1500,1346,5oq3_1_A,1
1,train,1500,1347,1fwy_1_C,1
1,train,1500,1348,2np3_1_A,1
1,train,1500,1349,4s1c_1_A,1
1,train,1500,1350,3tgl_1_A,1
1,train,1500,1351,2gb0_1_A,1
1,train,1500,1352,2yxo_1_B,1
1,train,1500,1353,4l3r_1_A,1
1,train,1500,1354,3t99_1_A,1
1,train,1500,1355,1thn_1_A,1
1,train,1500,1356,2r9q_1_A,1
1,train,1500,1357,5fhy_1_A,1
1,train,1500,1358,2r1f_1_B,1
1,train,1500,1359,1xip_1_A,1
1,train,1500,1360,3v7q_1_A,1
1,train,1500,1361,3c2c_1_A,1
1,train,1500,1362,1hia_1_A,1
1,train,1500,1363,5vjc_1_A,1
1,train,1500,1364,4gzn_1_A,1
1,train,1500,1365,3vfz_1_A,1
1,train,1500,1366,5xau_1_A,1
1,train,1500,1367,4yz9_1_A,1
1,train,1500,1368,4fa4_1_B,1
1,train,1500,1369,3o7v_1_B,1
1,train,1500,1370,4xp8_1_A,1
1,train,1500,1371,3idz_1_A,1
1,train,1500,1372,1c75_1_A,1
1,train,1500,1373,3zie_1_A,1
1,train,1500,1374,3szs_1_A,1
1,train,1500,1375,2fyu_1_C,1
1,train,1500,1376,1fo0_1_A,1
1,train,1500,1377,5lhm_1_A,1
1,train,1500,1378,5kcn_1_A,1
1,train,1500,1379,3f3x_1_B,1
1,train,1500,1380,5img_1_A,1
1,train,1500,1381,4z87_1_G,1
1,train,1500,1382,4p04_1_A,1
1,train,1500,1383,4xed_1_A,1
1,train,1500,1384,1fr3_1_A,1
1,train,1500,1385,2yy0_1_B,1
1,train,1500,1386,5o30_1_B,1
1,train,1500,1387,2flh_1_A,1
1,train,1500,1388,1f3u_1_A,1
1,train,1500,1389,2bw3_1_D,1
1,train,1500,1390,1ykd_1_B,1
1,train,1500,1391,2i5e_1_B,1
1,train,1500,1392,4kl0_1_A,1
1,train,1500,1393,3in1_1_A,1
1,train,1500,1394,4e44_1_A,1
1,train,1500,1395,4uiq_1_B,1
1,train,1500,1396,2vn5_1_A,1
1,train,1500,1397,3s6l_1_A,1
1,train,1500,1398,2czs_1_A,1
1,train,1500,1399,5j1l_1_A,1
1,train,1500,1400,1w2w_1_D,1
1,train,1500,1401,4fwg_1_A,1
1,train,1500,1402,4u1q_1_B,1
1,train,1500,1403,5xom_1_B,1
1,train,1500,1404,3cne_1_B,1
1,train,1500,1405,3ggn_1_A,1
1,train,1500,1406,2guz_1_A,1
1,train,1500,1407,4b4s_1_A,1
1,train,1500,1408,2gwm_1_A,1
1,train,1500,1409,4gdx_1_B,1
1,train,1500,1410,5fsy_1_A,1
1,train,1500,1411,2xwx_1_B,1
1,train,1500,1412,4gc1_1_A,1
1,train,1500,1413,5hmq_1_B,1
1,train,1500,1414,3tt9_1_A,1
1,train,1500,1415,5o8w_1_A,1
1,train,1500,1416,3qyf_1_B,1
1,train,1500,1417,3pic_1_A,1
1,train,1500,1418,4dav_1_A,1
1,train,1500,1419,5c8h_1_A,1
1,train,1500,1420,2w3w_1_A,1
1,train,1500,1421,3dsb_1_B,1
1,train,1500,1422,2fm8_1_B,1
1,train,1500,1423,1c8z_1_A,1
1,train,1500,1424,5lzn_1_A,1
1,train,1500,1425,1dzo_1_A,1
1,train,1500,1426,3by8_1_A,1
1,train,1500,1427,4dng_1_B,1
1,train,1500,1428,3zvk_1_H,1
1,train,1500,1429,3nl1_1_A,1
1,train,1500,1430,4c8v_1_A,1
1,train,1500,1431,5t4m_1_A,1
1,train,1500,1432,4zbw_1_B,1
1,train,1500,1433,1wcu_1_A,1
1,train,1500,1434,3nqz_1_A,1
1,train,1500,1435,3e57_1_A,1
1,train,1500,1436,2gjg_1_A,1
1,train,1500,1437,2h0b_1_A,1
1,train,1500,1438,5m97_1_A,1
1,train,1500,1439,3guz_1_A,1
1,train,1500,1440,2qw6_1_D,1
1,train,1500,1441,2is6_1_A,1
1,train,1500,1442,1zsy_1_A,1
1,train,1500,1443,3eap_1_A,1
1,train,1500,1444,2b0a_1_B,1
1,train,1500,1445,1b7y_1_C,1
1,train,1500,1446,3s6i_1_A,1
1,train,1500,1447,4fzy_1_A,1
1,train,1500,1448,5jpi_1_A,1
1,train,1500,1449,1i7o_1_A,1
1,train,1500,1450,5hbr_1_B,1
1,train,1500,1451,2a6q_1_A,1
1,train,1500,1452,1iib_1_A,1
1,train,1500,1453,4qoz_1_B,1
1,train,1500,1454,3p86_1_A,1
1,train,1500,1455,5od2_1_A,1
1,train,1500,1456,3rxy_1_C,1
1,train,1500,1457,2ush_1_A,1
1,train,1500,1458,6ekt_1_A,1
1,train,1500,1459,5cml_1_A,1
1,train,1500,1460,1di7_1_A,1
1,train,1500,1461,3p43_1_A,1
1,train,1500,1462,1gth_1_A,1
1,train,1500,1463,4pwy_1_B,1
1,train,1500,1464,2o5h_1_B,1
1,train,1500,1465,3i6t_1_A,1
1,train,1500,1466,3lvj_1_C,1
1,train,1500,1467,5wee_1_B,1
1,train,1500,1468,4zqu_1_A,1
1,train,1500,1469,1wv9_1_B,1
1,train,1500,1470,5ujd_1_A,1
1,train,1500,1471,3iwc_1_B,1
1,train,1500,1472,4hou_1_A,1
1,train,1500,1473,3fet_1_B,1
1,train,1500,1474,1mji_1_B,1
1,train,1500,1475,2r2a_1_A,1
1,train,1500,1476,2qwz_1_A,1
1,train,1500,1477,3e1i_1_C,1
1,train,1500,1478,4rle_1_A,1
1,train,1500,1479,4ief_1_A,1
1,train,1500,1480,5f56_1_A,1
1,train,1500,1481,4o7h_1_B,1
1,train,1500,1482,6g35_1_A,1
1,train,1500,1483,3nmr_1_A,1
1,train,1500,1484,3ivf_1_A,1
1,train,1500,1485,1tgs_1_A,1
1,train,1500,1486,1ko7_1_A,1
1,train,1500,1487,5e8y_1_A,1
1,train,1500,1488,2j5b_1_B,1
1,train,1500,1489,3sk7_1_A,1
1,train,1500,1490,1lo7_1_A,1
1,train,1500,1491,3tq6_1_A,1
1,train,1500,1492,1vrx_1_A,1
1,train,1500,1493,1mog_1_A,1
1,train,1500,1494,3ott_1_A,1
1,train,1500,1495,5ueb_1_A,1
1,train,1500,1496,3i6c_1_A,1
1,train,1500,1497,5jvb_1_A,1
1,train,1500,1498,6bgc_1_A,1
1,train,1500,1499,1r7j_1_B,1
1,train,3000,0,3vvn_1_A,1
1,train,3000,1,3qf3_1_A,1
1,train,3000,2,3d7j_1_C,1
1,train,3000,3,2vqe_1_G,1
1,train,3000,4,2a26_1_B,1
1,train,3000,5,2re3_1_A,1
1,train,3000,6,2x5n_1_A,1
1,train,3000,7,1ryp_1_J,1
1,train,3000,8,2z58_1_B,1
1,train,3000,9,4xl5_1_B,1
1,train,3000,10,3f70_1_B,1
1,train,3000,11,2v0p_1_B,1
1,train,3000,12,4oq1_1_A,1
1,train,3000,13,4m59_1_B,1
1,train,3000,14,3a4u_1_B,1
1,train,3000,15,1k1f_1_A,1
1,train,3000,16,4dnh_1_A,1
1,train,3000,17,5lxv_1_A,1
1,train,3000,18,2qgs_1_A,1
1,train,3000,19,3b47_1_B,1
1,train,3000,20,2o7v_1_A,1
1,train,3000,21,2d05_1_A,1
1,train,3000,22,4p92_1_A,1
1,train,3000,23,4ip4_1_A,1
1,train,3000,24,1k3b_1_B,1
1,train,3000,25,5hvx_1_A,1
1,train,3000,26,2w4e_1_B,1
1,train,3000,27,4xr9_1_B,1
1,train,3000,28,3mtq_1_B,1
1,train,3000,29,4n8o_1_B,1
1,train,3000,30,3aqx_1_A,1
1,train,3000,31,4ina_1_A,1
1,train,3000,32,4ah9_1_A,1
1,train,3000,33,5d7z_1_A,1
1,train,3000,34,3ocr_1_A,1
1,train,3000,35,5ca8_1_A,1
1,train,3000,36,4ino_1_A,1
1,train,3000,37,4kjd_1_B,1
1,train,3000,38,3vfc_1_B,1
1,train,3000,39,5mki_1_A,1
1,train,3000,40,4uz8_1_B,1
1,train,3000,41,4jw2_1_A,1
1,train,3000,42,1o6d_1_A,1
1,train,3000,43,5u5g_1_B,1
1,train,3000,44,4g1j_1_A,1
1,train,3000,45,1ub4_1_F,1
1,train,3000,46,4e2a_1_A,1
1,train,3000,47,1n2a_1_B,1
1,train,3000,48,5uft_1_A,1
1,train,3000,49,1dy7_1_A,1
1,train,3000,50,2rfa_1_A,1
1,train,3000,51,2o14_1_A,1
1,train,3000,52,2egd_1_B,1
1,train,3000,53,2fgr_1_A,1
1,train,3000,54,4evf_1_A,1
1,train,3000,55,2x6v_1_B,1
1,train,3000,56,5hu7_1_B,1
1,train,3000,57,4lba_1_A,1
1,train,3000,58,4wli_1_B,1
1,train,3000,59,4pf6_1_A,1
1,train,3000,60,2qeu_1_B,1
1,train,3000,61,1be0_1_A,1
1,train,3000,62,3d6w_1_A,1
1,train,3000,63,3c8t_1_A,1
1,train,3000,64,4nzp_1_A,1
1,train,3000,65,2p2e_1_A,1
1,train,3000,66,5t47_1_B,1
1,train,3000,67,4i8o_1_A,1
1,train,3000,68,3bdk_1_B,1
1,train,3000,69,3hly_1_A,1
1,train,3000,70,3tmk_1_A,1
1,train,3000,71,3kox_1_A,1
1,train,3000,72,1ofd_1_A,0
1,train,3000,73,3l4h_1_A,1
1,train,3000,74,3bks_1_A,1
1,train,3000,75,1id1_1_B,1
1,train,3000,76,1g3j_1_B,1
1,train,3000,77,4p0k_1_A,1
1,train,3000,78,1u07_1_A,1
1,train,3000,79,4ccg_1_B,1
1,train,3000,80,4k22_1_A,1
1,train,3000,81,4m3p_1_D,1
1,train,3000,82,3e8w_1_A,1
1,train,3000,83,5k9n_1_A,1
1,train,3000,84,3fld_1_A,1
1,train,3000,85,2cwr_1_A,1
1,train,3000,86,4lhd_1_A,1
1,train,3000,87,4hsq_1_A,1
1,train,3000,88,4eps_1_B,1
1,train,3000,89,4qhz_1_C,1
1,train,3000,90,3iuw_1_A,1
1,train,3000,91,3u7z_1_A,1
1,train,3000,92,2in3_1_A,1
1,train,3000,93,3kq5_1_B,1
1,train,3000,94,3pgx_1_A,1
1,train,3000,95,5ako_1_D,1
1,train,3000,96,2ouw_1_B,1
1,train,3000,97,5mwn_1_B,1
1,train,3000,98,3i2g_1_A,1
1,train,3000,99,3oxh_1_A,1
1,train,3000,100,3boq_1_A,1
1,train,3000,101,5ez7_1_A,1
1,train,3000,102,5l37_1_A,1
1,train,3000,103,5giz_1_A,1
1,train,3000,104,5lda_1_B,1
1,train,3000,105,2d4c_1_B,1
1,train,3000,106,3fb2_1_A,1
1,train,3000,107,2odf_1_B,1
1,train,3000,108,6bgu_1_A,1
1,train,3000,109,4edl_1_A,1
1,train,3000,110,1m93_1_B,1
1,train,3000,111,2q7t_1_A,1
1,train,3000,112,4rnc_1_B,1
1,train,3000,113,2fca_1_A,1
1,train,3000,114,5j7d_1_A,1
1,train,3000,115,4ru3_1_A,1
1,train,3000,116,4z9c_1_A,1
1,train,3000,117,4qri_1_B,1
1,train,3000,118,2yys_1_A,1
1,train,3000,119,3byq_1_B,1
1,train,3000,120,4fla_1_B,1
1,train,3000,121,2ex5_1_B,1
1,train,3000,122,3m70_1_A,1
1,train,3000,123,3g0t_1_B,1
1,train,3000,124,4lpq_1_A,1
1,train,3000,125,2raw_1_B,1
1,train,3000,126,1i82_1_A,1
1,train,3000,127,5aa5_1_C,1
1,train,3000,128,4rt0_1_A,1
1,train,3000,129,5mdi_1_A,1
1,train,3000,130,2xgf_1_A,1
1,train,3000,131,1ybx_1_A,1
1,train,3000,132,2ivp_1_A,1
1,train,3000,133,3ajw_1_B,1
1,train,3000,134,2r68_1_A,1
1,train,3000,135,3nd2_1_A,1
1,train,3000,136,6b9x_1_E,1
1,train,3000,137,2obn_1_A,1
1,train,3000,138,2vqe_1_L,1
1,train,3000,139,3crm_1_A,1
1,train,3000,140,3add_1_A,1
1,train,3000,141,3bof_1_A,1
1,train,3000,142,3vrk_1_D,1
1,train,3000,143,3cc2_1_X,1
1,train,3000,144,2qgm_1_A,1
1,train,3000,145,5isu_1_A,1
1,train,3000,146,3iv1_1_A,1
1,train,3000,147,2rjz_1_B,1
1,train,3000,148,2xcm_1_C,1
1,train,3000,149,3fpj_1_A,1
1,train,3000,150,2ibn_1_A,1
1,train,3000,151,5g1n_1_B,1
1,train,3000,152,3fro_1_C,1
1,train,3000,153,3qwu_1_B,1
1,train,3000,154,2qeb_1_A,1
1,train,3000,155,5nok_1_A,1
1,train,3000,156,5v3m_1_A,1
1,train,3000,157,3qj9_1_A,1
1,train,3000,158,1j5y_1_A,1
1,train,3000,159,4bnd_1_B,1
1,train,3000,160,4jde_1_B,1
1,train,3000,161,5k6a_1_C,1
1,train,3000,162,3kzg_1_A,1
1,train,3000,163,2nx0_1_A,1
1,train,3000,164,2v1x_1_A,1
1,train,3000,165,4ri1_1_B,1
1,train,3000,166,5awv_1_A,1
1,train,3000,167,5njb_1_B,1
1,train,3000,168,4dyw_1_A,1
1,train,3000,169,5h6t_1_B,1
1,train,3000,170,3h75_1_A,1
1,train,3000,171,4kku_1_A,1
1,train,3000,172,1pii_1_A,1
1,train,3000,173,1xvi_1_A,1
1,train,3000,174,2z51_1_B,1
1,train,3000,175,2r44_1_A,1
1,train,3000,176,5usc_1_B,1
1,train,3000,177,3eee_1_A,1
1,train,3000,178,1wnf_1_B,1
1,train,3000,179,3kkb_1_B,1
1,train,3000,180,2qos_1_B,1
1,train,3000,181,3atq_1_A,1
1,train,3000,182,1h6t_1_A,1
1,train,3000,183,5dm1_1_A,1
1,train,3000,184,4qfv_1_B,1
1,train,3000,185,5k5v_1_A,1
1,train,3000,186,1z6z_1_B,1
1,train,3000,187,3rq0_1_A,1
1,train,3000,188,3zib_1_A,1
1,train,3000,189,2h21_1_A,1
1,train,3000,190,1o0s_1_A,1
1,train,3000,191,1omo_1_B,1
1,train,3000,192,2fd6_1_D,1
1,train,3000,193,3i9s_1_B,1
1,train,3000,194,1ko1_1_B,1
1,train,3000,195,5kd5_1_A,1
1,train,3000,196,3w36_1_B,1
1,train,3000,197,3gcd_1_A,1
1,train,3000,198,5aye_1_A,1
1,train,3000,199,3qd5_1_A,1
1,train,3000,200,4fc4_1_B,1
1,train,3000,201,4muo_1_B,1
1,train,3000,202,5jmf_1_A,1
1,train,3000,203,3tow_1_A,1
1,train,3000,204,4wri_1_A,1
1,train,3000,205,3kfq_1_B,1
1,train,3000,206,2om6_1_B,1
1,train,3000,207,3f4m_1_A,1
1,train,3000,208,2jd4_1_A,1
1,train,3000,209,5n7s_1_B,1
1,train,3000,210,5tvk_1_B,1
1,train,3000,211,4oem_1_C,1
1,train,3000,212,1y3t_1_B,1
1,train,3000,213,5jg7_1_B,1
1,train,3000,214,4un1_1_B,1
1,train,3000,215,1nst_1_A,1
1,train,3000,216,3ren_1_A,1
1,train,3000,217,5wly_1_A,1
1,train,3000,218,1xfi_1_A,1
1,train,3000,219,2dgj_1_B,1
1,train,3000,220,5exe_1_C,1
1,train,3000,221,2ns0_1_A,1
1,train,3000,222,1c9k_1_B,1
1,train,3000,223,3wyd_1_B,1
1,train,3000,224,5ubm_1_B,1
1,train,3000,225,3ipi_1_B,1
1,train,3000,226,3lwu_1_A,1
1,train,3000,227,3c57_1_B,1
1,train,3000,228,3n3w_1_A,1
1,train,3000,229,3wqb_1_B,1
1,train,3000,230,3qdh_1_A,1
1,train,3000,231,3s04_1_A,1
1,train,3000,232,4ys6_1_A,1
1,train,3000,233,3vpl_1_A,1
1,train,3000,234,5uba_1_A,1
1,train,3000,235,3hyi_1_A,1
1,train,3000,236,3p47_1_A,1
1,train,3000,237,3d5p_1_B,1
1,train,3000,238,4lij_1_C,1
1,train,3000,239,3ctp_1_B,1
1,train,3000,240,2w7a_1_A,1
1,train,3000,241,3hrg_1_A,1
1,train,3000,242,5ey1_1_A,1
1,train,3000,243,3car_1_A,1
1,train,3000,244,2wqd_1_B,1
1,train,3000,245,3b8f_1_B,1
1,train,3000,246,2imr_1_A,1
1,train,3000,247,4anp_1_A,1
1,train,3000,248,1np0_1_E,1
1,train,3000,249,2e7v_1_A,1
1,train,3000,250,4wva_1_A,1
1,train,3000,251,2opo_1_A,1
1,train,3000,252,2j1l_1_A,1
1,train,3000,253,3hry_1_A,1
1,train,3000,254,4mjf_1_B,1
1,train,3000,255,4q35_1_B,1
1,train,3000,256,3r4r_1_A,1
1,train,3000,257,5axi_1_A,1
1,train,3000,258,2vy2_1_A,1
1,train,3000,259,4d9i_1_B,1
1,train,3000,260,2ijc_1_F,1
1,train,3000,261,4hpp_1_A,1
1,train,3000,262,2ztd_1_A,1
1,train,3000,263,3ed3_1_A,1
1,train,3000,264,3cai_1_B,1
1,train,3000,265,5yy8_1_A,1
1,train,3000,266,3goh_1_A,1
1,train,3000,267,2prr_1_A,1
1,train,3000,268,1lta_1_A,1
1,train,3000,269,4rya_1_A,1
1,train,3000,270,4lwk_1_A,1
1,train,3000,271,3khx_1_A,1
1,train,3000,272,3raz_1_A,1
1,train,3000,273,3kea_1_B,1
1,train,3000,274,4aez_1_B,1
1,train,3000,275,3lmz_1_B,1
1,train,3000,276,4lmx_1_A,1
1,train,3000,277,5elr_1_B,1
1,train,3000,278,5w5d_1_E,1
1,train,3000,279,1i8n_1_A,1
1,train,3000,280,1ug3_1_A,1
1,train,3000,281,1h3l_1_A,1
1,train,3000,282,2zu8_1_A,1
1,train,3000,283,4bin_1_A,1
1,train,3000,284,2fb6_1_A,1
1,train,3000,285,4n04_1_A,1
1,train,3000,286,3ju7_1_B,1
1,train,3000,287,2j9u_1_B,1
1,train,3000,288,1ega_1_A,1
1,train,3000,289,3kqi_1_B,1
1,train,3000,290,5ngo_1_A,1
1,train,3000,291,1eur_1_A,1
1,train,3000,292,2yv2_1_A,1
1,train,3000,293,4k9q_1_A,1
1,train,3000,294,3apo_1_A,1
1,train,3000,295,5cem_1_A,1
1,train,3000,296,2c4f_1_C,1
1,train,3000,297,1a8h_1_A,1
1,train,3000,298,4ffu_1_E,1
1,train,3000,299,1p9r_1_A,1
1,train,3000,300,3ldu_1_A,1
1,train,3000,301,2a07_1_E,1
1,train,3000,302,5go6_1_A,1
1,train,3000,303,4v1t_1_A,1
1,train,3000,304,4zp0_1_A,1
1,train,3000,305,2qsj_1_A,1
1,train,3000,306,3u37_1_B,1
1,train,3000,307,4jgg_1_A,1
1,train,3000,308,1a6q_1_A,1
1,train,3000,309,2ef8_1_B,1
1,train,3000,310,1olm_1_A,1
1,train,3000,311,2w07_1_B,1
1,train,3000,312,4mhc_1_A,1
1,train,3000,313,4qjk_1_A,1
1,train,3000,314,2j3w_1_A,1
1,train,3000,315,3ivm_1_A,1
1,train,3000,316,3bi2_1_A,1
1,train,3000,317,2g1h_1_A,1
1,train,3000,318,5m3t_1_B,1
1,train,3000,319,3bz6_1_A,1
1,train,3000,320,4lwd_1_A,1
1,train,3000,321,1vbh_1_B,1
1,train,3000,322,2esh_1_A,1
1,train,3000,323,3b77_1_A,1
1,train,3000,324,3mml_1_D,1
1,train,3000,325,2hvf_1_A,1
1,train,3000,326,1y8q_1_A,1
1,train,3000,327,2y8n_1_B,1
1,train,3000,328,4hq1_1_A,1
1,train,3000,329,3bu8_1_B,1
1,train,3000,330,3w90_1_A,1
1,train,3000,331,3q69_1_A,1
1,train,3000,332,1mey_1_A,1
1,train,3000,333,1b5q_1_A,1
1,train,3000,334,4x7u_1_A,1
1,train,3000,335,5fn7_1_A,1
1,train,3000,336,2bd0_1_A,1
1,train,3000,337,1wv8_1_B,1
1,train,3000,338,5icr_1_A,1
1,train,3000,339,5w78_1_B,1
1,train,3000,340,2vjy_1_A,1
1,train,3000,341,2qgu_1_A,1
1,train,3000,342,5x6v_1_G,1
1,train,3000,343,1cxz_1_B,1
1,train,3000,344,5fd3_1_A,1
1,train,3000,345,5loc_1_B,1
1,train,3000,346,3ljb_1_B,1
1,train,3000,347,2fkb_1_A,1
1,train,3000,348,4zkd_1_A,1
1,train,3000,349,2o5r_1_A,1
1,train,3000,350,3bj6_1_B,1
1,train,3000,351,4lws_1_A,1
1,train,3000,352,2hpv_1_B,1
1,train,3000,353,2vmg_1_A,1
1,train,3000,354,4jnj_1_A,1
1,train,3000,355,2vrw_1_B,1
1,train,3000,356,2y6p_1_A,1
1,train,3000,357,1vpq_1_A,1
1,train,3000,358,5jde_1_A,1
1,train,3000,359,1dw9_1_A,1
1,train,3000,360,4xbz_1_B,1
1,train,3000,361,2d7v_1_B,1
1,train,3000,362,5oe9_1_A,1
1,train,3000,363,4qjr_1_A,1
1,train,3000,364,4abx_1_B,1
1,train,3000,365,4rv0_1_B,1
1,train,3000,366,4uyp_1_C,1
1,train,3000,367,2v6v_1_A,1
1,train,3000,368,3f2c_1_A,1
1,train,3000,369,4jiv_1_D,1
1,train,3000,370,6b6g_1_B,1
1,train,3000,371,4nfc_1_A,1
1,train,3000,372,1nz0_1_A,1
1,train,3000,373,5ocq_1_A,1
1,train,3000,374,5ko4_1_B,1
1,train,3000,375,3ofj_1_A,1
1,train,3000,376,3dxi_1_B,1
1,train,3000,377,1fl9_1_A,1
1,train,3000,378,5gzl_1_A,1
1,train,3000,379,3dns_1_B,1
1,train,3000,380,3cc1_1_D,1
1,train,3000,381,1kjn_1_B,1
1,train,3000,382,2x36_1_B,1
1,train,3000,383,1kli_1_B,1
1,train,3000,384,2jek_1_A,1
1,train,3000,385,4xw3_1_A,1
1,train,3000,386,4ipi_1_A,1
1,train,3000,387,5gna_1_A,1
1,train,3000,388,5nji_1_A,1
1,train,3000,389,5gsm_1_B,1
1,train,3000,390,2vj2_1_A,1
1,train,3000,391,4emh_1_A,1
1,train,3000,392,3gyk_1_A,1
1,train,3000,393,5a35_1_A,1
1,train,3000,394,1li5_1_A,1
1,train,3000,395,4c92_1_D,1
1,train,3000,396,3zmr_1_A,1
1,train,3000,397,3dkm_1_A,1
1,train,3000,398,2i13_1_A,1
1,train,3000,399,1u0j_1_A,1
1,train,3000,400,4hx0_1_A,1
1,train,3000,401,3pyi_1_B,1
1,train,3000,402,2itb_1_B,1
1,train,3000,403,5czc_1_A,1
1,train,3000,404,3hb2_1_A,1
1,train,3000,405,3e54_1_B,1
1,train,3000,406,2g07_1_A,1
1,train,3000,407,3f9u_1_A,1
1,train,3000,408,4lu1_1_B,1
1,train,3000,409,4v1x_1_E,1
1,train,3000,410,3cuy_1_A,1
1,train,3000,411,3fir_1_A,1
1,train,3000,412,4y2c_1_A,1
1,train,3000,413,5lqd_1_B,1
1,train,3000,414,3kk4_1_B,1
1,train,3000,415,2bvf_1_A,1
1,train,3000,416,4h7y_1_A,1
1,train,3000,417,2gax_1_A,1
1,train,3000,418,3lxt_1_B,1
1,train,3000,419,3l6i_1_A,1
1,train,3000,420,1xdn_1_A,1
1,train,3000,421,3kws_1_B,1
1,train,3000,422,4zhv_1_A,1
1,train,3000,423,4kwb_1_A,1
1,train,3000,424,2ea1_1_A,1
1,train,3000,425,5iu1_1_A,1
1,train,3000,426,3h36_1_B,1
1,train,3000,427,4e0q_1_B,1
1,train,3000,428,1acx_1_A,1
1,train,3000,429,2yqy_1_A,1
1,train,3000,430,3kxr_1_A,1
1,train,3000,431,2jks_1_A,1
1,train,3000,432,3p53_1_A,1
1,train,3000,433,2qsi_1_B,1
1,train,3000,434,5ck4_1_A,1
1,train,3000,435,3bqe_1_A,1
1,train,3000,436,4iz9_1_A,1
1,train,3000,437,1okg_1_A,1
1,train,3000,438,3fy6_1_B,1
1,train,3000,439,5tsa_1_A,1
1,train,3000,440,5foy_1_B,1
1,train,3000,441,5is1_1_B,1
1,train,3000,442,5m5q_1_A,1
1,train,3000,443,1fjl_1_B,1
1,train,3000,444,5k8j_1_B,1
1,train,3000,445,2aag_1_B,1
1,train,3000,446,2nps_1_A,1
1,train,3000,447,2gu1_1_A,1
1,train,3000,448,1eaj_1_A,1
1,train,3000,449,1x2i_1_B,1
1,train,3000,450,2o1m_1_A,1
1,train,3000,451,1j6u_1_A,1
1,train,3000,452,5tvo_1_B,1
1,train,3000,453,5uni_1_A,1
1,train,3000,454,1tfr_1_A,1
1,train,3000,455,2b8m_1_B,1
1,train,3000,456,5lmf_1_A,1
1,train,3000,457,4jle_1_A,1
1,train,3000,458,4rev_1_A,1
1,train,3000,459,1ya7_1_O,1
1,train,3000,460,3qdp_1_A,1
1,train,3000,461,6eio_1_A,1
1,train,3000,462,2ns9_1_B,1
1,train,3000,463,5itj_1_A,1
1,train,3000,464,2awn_1_A,1
1,train,3000,465,1jyk_1_A,1
1,train,3000,466,3u1w_1_B,1
1,train,3000,467,3ovk_1_A,1
1,train,3000,468,1h9o_1_A,1
1,train,3000,469,1ct9_1_B,1
1,train,3000,470,2x9j_1_A,1
1,train,3000,471,3hps_1_B,1
1,train,3000,472,1cz1_1_A,1
1,train,3000,473,3erm_1_B,1
1,train,3000,474,1kuh_1_A,1
1,train,3000,475,4qpl_1_A,1
1,train,3000,476,2hvw_1_A,1
1,train,3000,477,4dy0_1_A,1
1,train,3000,478,3ad7_1_B,1
1,train,3000,479,1ccz_1_A,1
1,train,3000,480,3b2m_1_A,1
1,train,3000,481,1ni9_1_A,1
1,train,3000,482,5gn2_1_A,1
1,train,3000,483,3o7h_1_A,1
1,train,3000,484,4h2k_1_A,1
1,train,3000,485,2czv_1_C,1
1,train,3000,486,4pw3_1_A,1
1,train,3000,487,1t6t_1_A,1
1,train,3000,488,5cqg_1_A,1
1,train,3000,489,2c9o_1_A,1
1,train,3000,490,4x00_1_A,1
1,train,3000,491,6c62_1_B,1
1,train,3000,492,5hi5_1_B,1
1,train,3000,493,3sy3_1_A,1
1,train,3000,494,4pa8_1_A,1
1,train,3000,495,2wsw_1_A,1
1,train,3000,496,5d50_1_D,1
1,train,3000,497,5lkq_1_B,1
1,train,3000,498,1f3g_1_A,1
1,train,3000,499,1bsl_1_B,1
1,train,3000,500,1qha_1_A,1
1,train,3000,501,3t7j_1_A,1
1,train,3000,502,3hwk_1_B,1
1,train,3000,503,2d81_1_A,1
1,train,3000,504,2f1l_1_B,1
1,train,3000,505,4c0g_1_A,1
1,train,3000,506,4dd5_1_A,1
1,train,3000,507,3t0u_1_B,1
1,train,3000,508,6f9n_1_B,1
1,train,3000,509,4q2n_1_A,1
1,train,3000,510,1m5i_1_A,1
1,train,3000,511,4wxa_1_B,1
1,train,3000,512,5esc_1_B,1
1,train,3000,513,3e37_1_B,1
1,train,3000,514,4bi9_1_B,1
1,train,3000,515,3mjf_1_A,1
1,train,3000,516,3hf3_1_A,1
1,train,3000,517,3ehh_1_A,1
1,train,3000,518,4a8x_1_A,1
1,train,3000,519,2ao9_1_A,1
1,train,3000,520,4f0j_1_A,1
1,train,3000,521,5mxc_1_A,1
1,train,3000,522,3d4o_1_A,1
1,train,3000,523,1oys_1_B,1
1,train,3000,524,2w94_1_A,1
1,train,3000,525,3ux8_1_B,1
1,train,3000,526,4mls_1_A,1
1,train,3000,527,3bwx_1_A,1
1,train,3000,528,3l43_1_B,1
1,train,3000,529,6byf_1_A,1
1,train,3000,530,3nzt_1_A,1
1,train,3000,531,1mg5_1_A,1
1,train,3000,532,4ewi_1_A,1
1,train,3000,533,2wc9_1_A,1
1,train,3000,534,2b94_1_A,1
1,train,3000,535,3cc2_1_C,1
1,train,3000,536,4i0w_1_B,1
1,train,3000,537,5cam_1_A,1
1,train,3000,538,5uqp_1_B,1
1,train,3000,539,2gh1_1_A,1
1,train,3000,540,3qsz_1_A,1
1,train,3000,541,4whn_1_B,1
1,train,3000,542,4ius_1_A,1
1,train,3000,543,2vod_1_A,1
1,train,3000,544,3nct_1_A,1
1,train,3000,545,3g43_1_E,1
1,train,3000,546,3ohr_1_B,1
1,train,3000,547,4b0z_1_B,1
1,train,3000,548,4yb6_1_F,1
1,train,3000,549,2ia4_1_A,1
1,train,3000,550,3qqn_1_A,1
1,train,3000,551,4p94_1_B,1
1,train,3000,552,4zla_1_A,1
1,train,3000,553,1vj7_1_A,1
1,train,3000,554,2abw_1_A,1
1,train,3000,555,3c0f_1_B,1
1,train,3000,556,1wt6_1_C,1
1,train,3000,557,2w6a_1_B,1
1,train,3000,558,1gr0_1_A,1
1,train,3000,559,3qpf_1_A,1
1,train,3000,560,5dcs_1_A,1
1,train,3000,561,5ah0_1_A,1
1,train,3000,562,2fck_1_B,1
1,train,3000,563,4r3u_1_D,1
1,train,3000,564,4ks9_1_A,1
1,train,3000,565,3mt1_1_A,1
1,train,3000,566,5k29_1_A,1
1,train,3000,567,1vlu_1_B,1
1,train,3000,568,3g9r_1_C,1
1,train,3000,569,4a4z_1_A,1
1,train,3000,570,4gfi_1_A,1
1,train,3000,571,1g5c_1_B,1
1,train,3000,572,4c5j_1_A,1
1,train,3000,573,5udl_1_A,1
1,train,3000,574,3n8u_1_A,1
1,train,3000,575,5z81_1_A,1
1,train,3000,576,4rtl_1_A,1
1,train,3000,577,4nj5_1_A,1
1,train,3000,578,3wxf_1_A,1
1,train,3000,579,3zxw_1_B,1
1,train,3000,580,2oyy_1_A,1
1,train,3000,581,4jd0_1_A,1
1,train,3000,582,4n3w_1_A,1
1,train,3000,583,1b33_1_A,1
1,train,3000,584,4buc_1_A,1
1,train,3000,585,3ddn_1_D,1
1,train,3000,586,1xpp_1_D,1
1,train,3000,587,3ctr_1_A,1
1,train,3000,588,4ds1_1_A,1
1,train,3000,589,5ic1_1_A,1
1,train,3000,590,2rdi_1_A,1
1,train,3000,591,5knk_1_A,1
1,train,3000,592,5l0p_1_B,1
1,train,3000,593,2ydy_1_A,1
1,train,3000,594,3hx3_1_A,1
1,train,3000,595,3rxz_1_C,1
1,train,3000,596,3hbz_1_A,1
1,train,3000,597,3jso_1_A,1
1,train,3000,598,2qk1_1_A,1
1,train,3000,599,3ueb_1_B,1
1,train,3000,600,1dil_1_A,1
1,train,3000,601,3m6m_1_E,1
1,train,3000,602,1xer_1_B,1
1,train,3000,603,3nvv_1_B,1
1,train,3000,604,6f74_1_A,1
1,train,3000,605,1tkd_1_A,1
1,train,3000,606,3gbt_1_A,1
1,train,3000,607,4b3j_1_A,1
1,train,3000,608,2h7g_1_A,1
1,train,3000,609,4g4f_1_A,1
1,train,3000,610,5idy_1_B,1
1,train,3000,611,3o8v_1_A,1
1,train,3000,612,3pga_1_D,1
1,train,3000,613,3kra_1_C,1
1,train,3000,614,5fq4_1_A,1
1,train,3000,615,3lop_1_A,1
1,train,3000,616,3bww_1_A,1
1,train,3000,617,2fhq_1_B,1
1,train,3000,618,5wzq_1_A,1
1,train,3000,619,5h6m_1_A,1
1,train,3000,620,5b3d_1_A,1
1,train,3000,621,5a0d_1_A,1
1,train,3000,622,4lsz_1_D,1
1,train,3000,623,4v2a_1_A,1
1,train,3000,624,4qdh_1_A,1
1,train,3000,625,2o0y_1_A,1
1,train,3000,626,1hju_1_A,1
1,train,3000,627,3ss3_1_D,1
1,train,3000,628,4bz0_1_A,1
1,train,3000,629,1am7_1_A,1
1,train,3000,630,3teu_1_A,1
1,train,3000,631,3zii_1_A,1
1,train,3000,632,4mak_1_A,1
1,train,3000,633,1mqv_1_A,1
1,train,3000,634,2qgy_1_B,1
1,train,3000,635,4fqd_1_B,1
1,train,3000,636,2gup_1_B,1
1,train,3000,637,3iup_1_B,1
1,train,3000,638,1oai_1_A,1
1,train,3000,639,2oxl_1_B,1
1,train,3000,640,3gw2_1_B,1
1,train,3000,641,4obi_1_A,1
1,train,3000,642,2ql3_1_B,1
1,train,3000,643,5vxd_1_A,1
1,train,3000,644,3i42_1_B,1
1,train,3000,645,3nf2_1_B,1
1,train,3000,646,4lad_1_B,1
1,train,3000,647,2wd6_1_A,1
1,train,3000,648,5hpk_1_A,1
1,train,3000,649,5ncw_1_A,1
1,train,3000,650,2pqi_1_A,1
1,train,3000,651,1s99_1_A,1
1,train,3000,652,1e1r_1_G,1
1,train,3000,653,1o7f_1_A,1
1,train,3000,654,2p1y_1_B,1
1,train,3000,655,3ud2_1_A,1
1,train,3000,656,4l8j_1_B,1
1,train,3000,657,5k3q_1_B,1
1,train,3000,658,4fxx_1_A,1
1,train,3000,659,1j72_1_A,1
1,train,3000,660,2j6p_1_A,1
1,train,3000,661,4wia_1_A,1
1,train,3000,662,3kgk_1_B,1
1,train,3000,663,1gk6_1_B,1
1,train,3000,664,5tl4_1_A,1
1,train,3000,665,2gmk_1_A,1
1,train,3000,666,3p02_1_A,1
1,train,3000,667,4p4m_1_A,1
1,train,3000,668,4hst_1_B,1
1,train,3000,669,4hwh_1_A,1
1,train,3000,670,2zlv_1_D,1
1,train,3000,671,2vo9_1_A,1
1,train,3000,672,3or2_1_C,1
1,train,3000,673,3g8z_1_B,1
1,train,3000,674,2i6e_1_A,1
1,train,3000,675,3fz5_1_B,1
1,train,3000,676,4pq1_1_A,1
1,train,3000,677,5k2m_1_A,1
1,train,3000,678,4xnv_1_A,1
1,train,3000,679,4hjj_1_C,1
1,train,3000,680,2yxx_1_A,1
1,train,3000,681,2xdg_1_B,1
1,train,3000,682,3mx3_1_A,1
1,train,3000,683,1zs4_1_A,1
1,train,3000,684,3dzb_1_A,1
1,train,3000,685,1ac5_1_A,1
1,train,3000,686,1us3_1_A,1
1,train,3000,687,5x56_1_A,1
1,train,3000,688,2w31_1_B,1
1,train,3000,689,3gms_1_A,1
1,train,3000,690,5h7k_1_A,1
1,train,3000,691,4u86_1_A,1
1,train,3000,692,1dle_1_B,1
1,train,3000,693,3r1p_1_A,1
1,train,3000,694,5ccb_1_B,1
1,train,3000,695,1yrx_1_A,1
1,train,3000,696,1ji6_1_A,1
1,train,3000,697,3tk1_1_A,1
1,train,3000,698,2dvn_1_A,1
1,train,3000,699,3zrj_1_A,1
1,train,3000,700,3feh_1_A,1
1,train,3000,701,3ict_1_A,1
1,train,3000,702,3d4u_1_B,1
1,train,3000,703,5vol_1_D,1
1,train,3000,704,4ehx_1_A,1
1,train,3000,705,1jey_1_A,1
1,train,3000,706,3ib6_1_A,1
1,train,3000,707,1omx_1_A,1
1,train,3000,708,3lw9_1_A,1
1,train,3000,709,2nqo_1_C,1
1,train,3000,710,1knb_1_A,1
1,train,3000,711,1ztd_1_B,1
1,train,3000,712,2am3_1_A,1
1,train,3000,713,3fav_1_A,1
1,train,3000,714,2e6m_1_A,1
1,train,3000,715,4rxt_1_A,1
1,train,3000,716,3dxx_1_A,1
1,train,3000,717,3rss_1_A,1
1,train,3000,718,3s9d_1_B,1
1,train,3000,719,4a2c_1_A,1
1,train,3000,720,2es4_1_B,1
1,train,3000,721,1nmo_1_A,1
1,train,3000,722,5g37_1_A,1
1,train,3000,723,5bp5_1_C,1
1,train,3000,724,2hjh_1_A,1
1,train,3000,725,2qh9_1_B,1
1,train,3000,726,1bgv_1_A,1
1,train,3000,727,1mgt_1_A,1
1,train,3000,728,1wlu_1_A,1
1,train,3000,729,3fsp_1_A,1
1,train,3000,730,3ibx_1_D,1
1,train,3000,731,4krr_1_A,1
1,train,3000,732,5vbc_1_A,1
1,train,3000,733,5x9q_1_B,1
1,train,3000,734,5jw9_1_B,1
1,train,3000,735,5gy2_1_B,1
1,train,3000,736,4azh_1_A,1
1,train,3000,737,2foi_1_C,1
1,train,3000,738,1srv_1_A,1
1,train,3000,739,4ols_1_A,1
1,train,3000,740,2w4s_1_B,1
1,train,3000,741,1zck_1_A,1
1,train,3000,742,5ko9_1_A,1
1,train,3000,743,4z4a_1_A,1
1,train,3000,744,2zxk_1_B,1
1,train,3000,745,4x33_1_B,1
1,train,3000,746,1y14_1_A,1
1,train,3000,747,3no6_1_A,1
1,train,3000,748,5fqd_1_A,1
1,train,3000,749,1vcv_1_B,1
1,train,3000,750,1g1c_1_B,1
1,train,3000,751,5te1_1_A,1
1,train,3000,752,3srg_1_A,1
1,train,3000,753,3tl4_1_A,1
1,train,3000,754,2ve4_1_A,1
1,train,3000,755,5nf4_1_A,1
1,train,3000,756,1lk9_1_A,1
1,train,3000,757,2v94_1_A,1
1,train,3000,758,5v2o_1_A,1
1,train,3000,759,3oo9_1_A,1
1,train,3000,760,3rjv_1_A,1
1,train,3000,761,5vlq_1_A,1
1,train,3000,762,5eiq_1_A,1
1,train,3000,763,4eij_1_A,1
1,train,3000,764,1n26_1_B,1
1,train,3000,765,2hw2_1_A,1
1,train,3000,766,3iuz_1_A,1
1,train,3000,767,2a35_1_B,1
1,train,3000,768,2yvm_1_A,1
1,train,3000,769,5syt_1_A,1
1,train,3000,770,3asd_1_A,1
1,train,3000,771,3ey6_1_A,1
1,train,3000,772,3cit_1_D,1
1,train,3000,773,1mhm_1_A,1
1,train,3000,774,4cvd_1_A,1
1,train,3000,775,3gwh_1_B,1
1,train,3000,776,1jfx_1_A,1
1,train,3000,777,4e61_1_B,1
1,train,3000,778,3noi_1_B,1
1,train,3000,779,6au8_1_B,1
1,train,3000,780,5jjo_1_A,1
1,train,3000,781,2b5e_1_A,1
1,train,3000,782,2ox7_1_A,1
1,train,3000,783,5efr_1_A,1
1,train,3000,784,5jfz_1_A,1
1,train,3000,785,1wka_1_A,1
1,train,3000,786,5ht6_1_A,1
1,train,3000,787,2r4i_1_B,1
1,train,3000,788,1h1i_1_A,1
1,train,3000,789,3ey1_1_A,1
1,train,3000,790,3q0q_1_A,1
1,train,3000,791,5mu4_1_B,1
1,train,3000,792,2w9z_1_A,1
1,train,3000,793,3uv9_1_A,1
1,train,3000,794,3ir3_1_B,1
1,train,3000,795,5b3t_1_A,1
1,train,3000,796,2qjy_1_F,1
1,train,3000,797,3h3b_1_A,1
1,train,3000,798,3k9v_1_A,1
1,train,3000,799,4eln_1_A,1
1,train,3000,800,2ig6_1_B,1
1,train,3000,801,5h7r_1_A,1
1,train,3000,802,4ha6_1_A,1
1,train,3000,803,2oqq_1_B,1
1,train,3000,804,2oxo_1_A,1
1,train,3000,805,2e6v_1_A,1
1,train,3000,806,3bln_1_B,1
1,train,3000,807,4cp1_1_A,1
1,train,3000,808,1nf8_1_A,1
1,train,3000,809,4u9w_1_A,1
1,train,3000,810,3uxf_1_A,1
1,train,3000,811,5ilb_1_A,1
1,train,3000,812,1wiw_1_A,1
1,train,3000,813,4chj_1_A,1
1,train,3000,814,5c9z_1_A,1
1,train,3000,815,2b5t_1_A,1
1,train,3000,816,2dxq_1_B,1
1,train,3000,817,2zts_1_A,1
1,train,3000,818,3p8k_1_B,1
1,train,3000,819,3zyy_1_A,1
1,train,3000,820,3m4i_1_A,1
1,train,3000,821,3dd7_1_A,1
1,train,3000,822,2bq4_1_A,1
1,train,3000,823,1vcl_1_A,1
1,train,3000,824,4k2o_1_A,1
1,train,3000,825,2v9a_1_A,1
1,train,3000,826,2b7k_1_A,1
1,train,3000,827,4unf_1_A,1
1,train,3000,828,4qwo_1_A,1
1,train,3000,829,3rf7_1_A,1
1,train,3000,830,4nqr_1_A,1
1,train,3000,831,1sgw_1_A,1
1,train,3000,832,3b5t_1_A,1
1,train,3000,833,3m66_1_A,1
1,train,3000,834,3nqj_1_B,1
1,train,3000,835,3boy_1_A,1
1,train,3000,836,3gff_1_B,1
1,train,3000,837,4esb_1_B,1
1,train,3000,838,4rqm_1_A,1
1,train,3000,839,1j24_1_A,1
1,train,3000,840,2wwp_1_A,1
1,train,3000,841,5swu_1_A,1
1,train,3000,842,2rar_1_A,1
1,train,3000,843,1wq1_1_A,1
1,train,3000,844,4cud_1_A,1
1,train,3000,845,4d3y_1_A,1
1,train,3000,846,5kug_1_A,1
1,train,3000,847,3l31_1_A,1
1,train,3000,848,3f8x_1_A,1
1,train,3000,849,2ptz_1_A,1
1,train,3000,850,3o8s_1_B,1
1,train,3000,851,4gmo_1_A,1
1,train,3000,852,3lf2_1_B,1
1,train,3000,853,1wvg_1_A,1
1,train,3000,854,3dml_1_A,1
1,train,3000,855,5mun_1_B,1
1,train,3000,856,2w83_1_D,1
1,train,3000,857,3zuo_1_A,1
1,train,3000,858,4b8n_1_A,1
1,train,3000,859,5f9z_1_A,1
1,train,3000,860,1rl2_1_A,1
1,train,3000,861,5tvf_1_C,1
1,train,3000,862,5yhh_1_A,1
1,train,3000,863,2q4f_1_A,1
1,train,3000,864,3qe2_1_A,1
1,train,3000,865,5jqm_1_B,1
1,train,3000,866,3m8z_1_A,1
1,train,3000,867,5ug7_1_A,1
1,train,3000,868,5lc4_1_A,1
1,train,3000,869,2wmp_1_B,1
1,train,3000,870,1z05_1_B,1
1,train,3000,871,2nxw_1_D,1
1,train,3000,872,4qdj_1_A,1
1,train,3000,873,1rtw_1_B,1
1,train,3000,874,4ltd_1_A,1
1,train,3000,875,5t2s_1_A,1
1,train,3000,876,1nzn_1_A,1
1,train,3000,877,1z5z_1_A,1
1,train,3000,878,2e3u_1_A,1
1,train,3000,879,3rag_1_A,1
1,train,3000,880,3c5h_1_A,1
1,train,3000,881,3g7q_1_B,1
1,train,3000,882,5o5s_1_B,1
1,train,3000,883,2gj8_1_A,1
1,train,3000,884,1n1j_1_B,1
1,train,3000,885,6f0t_1_A,1
1,train,3000,886,2i71_1_A,1
1,train,3000,887,4u03_1_A,1
1,train,3000,888,1dnp_1_A,1
1,train,3000,889,3lf9_1_A,1
1,train,3000,890,3mpl_1_A,1
1,train,3000,891,3vns_1_A,1
1,train,3000,892,5i39_1_A,1
1,train,3000,893,4k5u_1_A,1
1,train,3000,894,3i7j_1_A,1
1,train,3000,895,3n24_1_B,1
1,train,3000,896,3ihg_1_A,1
1,train,3000,897,2vk2_1_A,1
1,train,3000,898,5xdc_1_D,1
1,train,3000,899,4lya_1_A,1
1,train,3000,900,3sf5_1_C,1
1,train,3000,901,5gvd_1_A,1
1,train,3000,902,2fdr_1_A,1
1,train,3000,903,1j84_1_A,1
1,train,3000,904,5to5_1_B,1
1,train,3000,905,1rl0_1_A,1
1,train,3000,906,2efk_1_B,1
1,train,3000,907,4fm3_1_C,1
1,train,3000,908,2ela_1_A,1
1,train,3000,909,4jqs_1_A,1
1,train,3000,910,4jbe_1_A,1
1,train,3000,911,3dhu_1_A,1
1,train,3000,912,2d8e_1_A,1
1,train,3000,913,2j9l_1_F,1
1,train,3000,914,3x1l_1_C,1
1,train,3000,915,1z9w_1_A,1
1,train,3000,916,4bqo_1_A,1
1,train,3000,917,1j5u_1_A,1
1,train,3000,918,1uan_1_A,1
1,train,3000,919,3mcb_1_B,1
1,train,3000,920,3f4a_1_B,1
1,train,3000,921,5xut_1_A,0
1,train,3000,922,1yuk_1_B,1
1,train,3000,923,3m63_1_A,1
1,train,3000,924,5jzs_1_A,1
1,train,3000,925,5o63_1_A,1
1,train,3000,926,3umb_1_B,1
1,train,3000,927,2eq9_1_C,1
1,train,3000,928,1ux7_1_A,1
1,train,3000,929,5dbl_1_A,1
1,train,3000,930,3efz_1_A,1
1,train,3000,931,2zze_1_A,1
1,train,3000,932,3fx3_1_B,1
1,train,3000,933,2jhe_1_B,1
1,train,3000,934,1n1q_1_A,1
1,train,3000,935,5uvr_1_A,1
1,train,3000,936,2d1h_1_B,1
1,train,3000,937,2occ_1_L,1
1,train,3000,938,2c40_1_B,1
1,train,3000,939,1v2x_1_B,1
1,train,3000,940,2nwi_1_B,1
1,train,3000,941,2dkh_1_A,1
1,train,3000,942,1kh8_1_A,1
1,train,3000,943,2wwd_1_A,1
1,train,3000,944,4xa9_1_A,1
1,train,3000,945,2y1b_1_A,1
1,train,3000,946,1col_1_A,1
1,train,3000,947,3dgt_1_A,1
1,train,3000,948,2z0t_1_A,1
1,train,3000,949,3a15_1_B,1
1,train,3000,950,5nii_1_A,1
1,train,3000,951,1gvn_1_D,1
1,train,3000,952,5gwx_1_A,1
1,train,3000,953,4lc3_1_B,1
1,train,3000,954,4at0_1_A,1
1,train,3000,955,5lug_1_A,1
1,train,3000,956,4f1j_1_A,1
1,train,3000,957,4ryn_1_A,1
1,train,3000,958,2zw9_1_A,1
1,train,3000,959,4zhb_1_A,1
1,train,3000,960,2c49_1_A,1
1,train,3000,961,3l0o_1_B,1
1,train,3000,962,2pfi_1_A,1
1,train,3000,963,2ozg_1_A,1
1,train,3000,964,5t5m_1_E,1
1,train,3000,965,1lml_1_A,1
1,train,3000,966,1xko_1_B,1
1,train,3000,967,1a4m_1_A,1
1,train,3000,968,4wz0_1_A,1
1,train,3000,969,1t6e_1_A,1
1,train,3000,970,1j30_1_B,1
1,train,3000,971,4bqh_1_A,1
1,train,3000,972,1u7o_1_A,1
1,train,3000,973,3exc_1_B,1
1,train,3000,974,1jtk_1_A,1
1,train,3000,975,6ar7_1_A,1
1,train,3000,976,3guu_1_A,1
1,train,3000,977,2vrz_1_B,1
1,train,3000,978,4fmm_1_B,1
1,train,3000,979,4inq_1_A,1
1,train,3000,980,4dr0_1_A,1
1,train,3000,981,3qll_1_A,1
1,train,3000,982,1vla_1_B,1
1,train,3000,983,1bpl_1_A,1
1,train,3000,984,1iv1_1_A,1
1,train,3000,985,5ze3_1_A,1
1,train,3000,986,5wwe_1_A,1
1,train,3000,987,5hly_1_B,1
1,train,3000,988,3b20_1_B,1
1,train,3000,989,2nn5_1_A,1
1,train,3000,990,5ouo_1_A,1
1,train,3000,991,3l23_1_A,1
1,train,3000,992,2g36_1_B,1
1,train,3000,993,3so5_1_A,1
1,train,3000,994,1rlw_1_A,1
1,train,3000,995,5en5_1_C,1
1,train,3000,996,5v0s_1_B,1
1,train,3000,997,3g5o_1_B,1
1,train,3000,998,5tzg_1_B,1
1,train,3000,999,2a8i_1_B,1
1,train,3000,1000,4uy7_1_A,1
1,train,3000,1001,2qqz_1_B,1
1,train,3000,1002,1vb3_1_A,1
1,train,3000,1003,3g5i_1_A,1
1,train,3000,1004,5i0q_1_D,1
1,train,3000,1005,3pgz_1_A,1
1,train,3000,1006,3f21_1_A,1
1,train,3000,1007,4czv_1_A,1
1,train,3000,1008,3v6i_1_A,1
1,train,3000,1009,5hjk_1_A,1
1,train,3000,1010,1vmi_1_B,1
1,train,3000,1011,5e4m_1_A,1
1,train,3000,1012,4rlj_1_B,1
1,train,3000,1013,3d37_1_B,1
1,train,3000,1014,4m1b_1_A,1
1,train,3000,1015,5d1i_1_B,1
1,train,3000,1016,5mwa_1_A,1
1,train,3000,1017,3wut_1_B,1
1,train,3000,1018,5gzy_1_A,1
1,train,3000,1019,4b62_1_A,1
1,train,3000,1020,5f5r_1_A,1
1,train,3000,1021,4otn_1_B,1
1,train,3000,1022,4euu_1_B,1
1,train,3000,1023,1vyg_1_A,1
1,train,3000,1024,3p9z_1_A,1
1,train,3000,1025,1nvm_1_C,1
1,train,3000,1026,1z45_1_B,1
1,train,3000,1027,2gaa_1_A,1
1,train,3000,1028,1k4z_1_B,1
1,train,3000,1029,3orf_1_B,1
1,train,3000,1030,4k7b_1_A,1
1,train,3000,1031,5fma_1_A,1
1,train,3000,1032,5w95_1_A,1
1,train,3000,1033,3k3c_1_A,1
1,train,3000,1034,5iuy_1_C,1
1,train,3000,1035,2vc8_1_A,1
1,train,3000,1036,6avd_1_A,1
1,train,3000,1037,4hfk_1_B,1
1,train,3000,1038,1zvp_1_A,1
1,train,3000,1039,2o20_1_A,1
1,train,3000,1040,5tt6_1_A,1
1,train,3000,1041,3l6h_1_A,1
1,train,3000,1042,3qmq_1_A,1
1,train,3000,1043,3dc7_1_A,1
1,train,3000,1044,1wmx_1_A,1
1,train,3000,1045,1xng_1_B,1
1,train,3000,1046,3op1_1_A,1
1,train,3000,1047,5ces_1_B,1
1,train,3000,1048,4koa_1_A,1
1,train,3000,1049,1zzg_1_B,1
1,train,3000,1050,5b3g_1_B,1
1,train,3000,1051,5vit_1_A,1
1,train,3000,1052,3nd1_1_B,1
1,train,3000,1053,6bt4_1_A,1
1,train,3000,1054,1qo0_1_D,1
1,train,3000,1055,1ojz_1_A,1
1,train,3000,1056,3puq_1_A,1
1,train,3000,1057,1xiw_1_A,1
1,train,3000,1058,4it5_1_B,1
1,train,3000,1059,4kmf_1_A,1
1,train,3000,1060,2vlb_1_A,1
1,train,3000,1061,4kv2_1_B,1
1,train,3000,1062,4r7f_1_B,1
1,train,3000,1063,5j8y_1_B,1
1,train,3000,1064,1bja_1_A,1
1,train,3000,1065,5uxc_1_A,1
1,train,3000,1066,4xgh_1_A,1
1,train,3000,1067,5if0_1_C,1
1,train,3000,1068,4ija_1_B,1
1,train,3000,1069,3jyh_1_A,1
1,train,3000,1070,2zxi_1_B,1
1,train,3000,1071,3op7_1_A,1
1,train,3000,1072,1iir_1_A,1
1,train,3000,1073,1tfe_1_B,1
1,train,3000,1074,3bpq_1_A,1
1,train,3000,1075,3b09_1_B,1
1,train,3000,1076,2bhg_1_A,1
1,train,3000,1077,1g2e_1_A,1
1,train,3000,1078,2o38_1_A,1
1,train,3000,1079,4dgk_1_A,1
1,train,3000,1080,1g8e_1_B,1
1,train,3000,1081,1krh_1_A,1
1,train,3000,1082,5x0t_1_C,1
1,train,3000,1083,2h5n_1_C,1
1,train,3000,1084,5et0_1_A,1
1,train,3000,1085,3i38_1_B,1
1,train,3000,1086,4m1j_1_A,1
1,train,3000,1087,3vop_1_B,1
1,train,3000,1088,4fei_1_B,1
1,train,3000,1089,5ugw_1_A,1
1,train,3000,1090,4r12_1_A,1
1,train,3000,1091,4bj4_1_A,1
1,train,3000,1092,2fau_1_A,1
1,train,3000,1093,1f3v_1_A,1
1,train,3000,1094,5it4_1_B,1
1,train,3000,1095,5hxg_1_A,1
1,train,3000,1096,5dap_1_A,1
1,train,3000,1097,1f5q_1_B,1
1,train,3000,1098,2ce7_1_D,1
1,train,3000,1099,3n1x_1_B,1
1,train,3000,1100,4zi9_1_B,1
1,train,3000,1101,3k2o_1_B,1
1,train,3000,1102,1myk_1_A,1
1,train,3000,1103,5vmd_1_A,1
1,train,3000,1104,5kc9_1_A,1
1,train,3000,1105,3uec_1_A,1
1,train,3000,1106,4gnr_1_A,1
1,train,3000,1107,4csd_1_A,1
1,train,3000,1108,5gww_1_B,1
1,train,3000,1109,3q1o_1_A,1
1,train,3000,1110,4r1a_1_A,1
1,train,3000,1111,2od4_1_B,1
1,train,3000,1112,3p8t_1_A,1
1,train,3000,1113,3k69_1_B,1
1,train,3000,1114,3zt9_1_A,1
1,train,3000,1115,1eyp_1_A,1
1,train,3000,1116,2zw6_1_B,1
1,train,3000,1117,3fcm_1_A,1
1,train,3000,1118,1igu_1_B,1
1,train,3000,1119,3kvn_1_A,1
1,train,3000,1120,2h9e_1_A,1
1,train,3000,1121,2occ_1_G,1
1,train,3000,1122,1oxj_1_A,1
1,train,3000,1123,4a49_1_A,1
1,train,3000,1124,1w55_1_A,1
1,train,3000,1125,5cm2_1_A,1
1,train,3000,1126,5i20_1_A,1
1,train,3000,1127,2yhy_1_A,1
1,train,3000,1128,4rwr_1_A,1
1,train,3000,1129,2qyv_1_B,1
1,train,3000,1130,3lvy_1_B,1
1,train,3000,1131,5aiu_1_A,1
1,train,3000,1132,1f23_1_A,1
1,train,3000,1133,3aaf_1_B,1
1,train,3000,1134,5dmm_1_A,1
1,train,3000,1135,4u99_1_A,1
1,train,3000,1136,1twu_1_B,1
1,train,3000,1137,5efq_1_B,1
1,train,3000,1138,2g7g_1_B,1
1,train,3000,1139,4qgo_1_A,1
1,train,3000,1140,2ets_1_A,1
1,train,3000,1141,4hj6_1_B,1
1,train,3000,1142,1w9g_1_A,1
1,train,3000,1143,3pdy_1_A,1
1,train,3000,1144,5d50_1_F,1
1,train,3000,1145,2pv4_1_A,1
1,train,3000,1146,4zcc_1_B,1
1,train,3000,1147,4eju_1_A,1
1,train,3000,1148,4maf_1_B,1
1,train,3000,1149,3nbc_1_A,1
1,train,3000,1150,4h79_1_A,1
1,train,3000,1151,2oaf_1_B,1
1,train,3000,1152,2zxe_1_B,1
1,train,3000,1153,5ldd_1_B,1
1,train,3000,1154,4w8g_1_A,1
1,train,3000,1155,2jis_1_A,1
1,train,3000,1156,6ei3_1_A,1
1,train,3000,1157,4clq_1_A,1
1,train,3000,1158,2a0m_1_A,1
1,train,3000,1159,3gmi_1_A,1
1,train,3000,1160,4ras_1_A,1
1,train,3000,1161,3mzo_1_F,1
1,train,3000,1162,5e1l_1_A,1
1,train,3000,1163,2y6y_1_A,1
1,train,3000,1164,3zdm_1_D,1
1,train,3000,1165,4zv9_1_A,1
1,train,3000,1166,3g0z_1_A,1
1,train,3000,1167,3mbc_1_A,1
1,train,3000,1168,4kpa_1_A,1
1,train,3000,1169,3fnd_1_A,1
1,train,3000,1170,1npi_1_A,1
1,train,3000,1171,4rtt_1_B,1
1,train,3000,1172,4afh_1_A,1
1,train,3000,1173,2g49_1_A,1
1,train,3000,1174,5h6b_1_A,1
1,train,3000,1175,2vcg_1_B,1
1,train,3000,1176,4zwb_1_A,1
1,train,3000,1177,2wbv_1_B,1
1,train,3000,1178,2cxk_1_B,1
1,train,3000,1179,3cje_1_B,1
1,train,3000,1180,4bif_1_A,1
1,train,3000,1181,3kde_1_A,1
1,train,3000,1182,4h2y_1_D,1
1,train,3000,1183,2fsi_1_B,1
1,train,3000,1184,4gxt_1_A,1
1,train,3000,1185,2c3n_1_A,1
1,train,3000,1186,2iu1_1_A,1
1,train,3000,1187,4bl6_1_D,1
1,train,3000,1188,2dqa_1_A,1
1,train,3000,1189,4ayn_1_B,1
1,train,3000,1190,3zhi_1_A,1
1,train,3000,1191,1fxk_1_B,1
1,train,3000,1192,3m4r_1_A,1
1,train,3000,1193,4muq_1_A,1
1,train,3000,1194,1tp6_1_A,1
1,train,3000,1195,6az2_1_B,1
1,train,3000,1196,2bky_1_A,1
1,train,3000,1197,3t7v_1_A,1
1,train,3000,1198,4bmk_1_A,1
1,train,3000,1199,5ls2_1_A,1
1,train,3000,1200,2z1p_1_A,1
1,train,3000,1201,3zf8_1_B,1
1,train,3000,1202,4oxw_1_A,1
1,train,3000,1203,2qp2_1_A,1
1,train,3000,1204,3n7c_1_A,1
1,train,3000,1205,3fwz_1_B,1
1,train,3000,1206,4kl6_1_B,1
1,train,3000,1207,4ofw_1_A,1
1,train,3000,1208,3k6g_1_A,1
1,train,3000,1209,4mfk_1_A,1
1,train,3000,1210,4nnz_1_B,1
1,train,3000,1211,3lk7_1_A,1
1,train,3000,1212,3ck6_1_E,1
1,train,3000,1213,4dom_1_A,1
1,train,3000,1214,5a0l_1_A,1
1,train,3000,1215,3kxp_1_B,1
1,train,3000,1216,3wtd_1_A,1
1,train,3000,1217,2ovi_1_A,1
1,train,3000,1218,4x54_1_B,1
1,train,3000,1219,4aaj_1_A,1
1,train,3000,1220,3jxo_1_A,1
1,train,3000,1221,4awy_1_A,1
1,train,3000,1222,2pie_1_A,1
1,train,3000,1223,2gfa_1_A,1
1,train,3000,1224,5kf6_1_A,0
1,train,3000,1225,1mvo_1_B,1
1,train,3000,1226,1xki_1_A,1
1,train,3000,1227,3njc_1_B,1
1,train,3000,1228,1pjc_1_A,1
1,train,3000,1229,3ws1_1_A,1
1,train,3000,1230,5ecd_1_A,1
1,train,3000,1231,3kkz_1_A,1
1,train,3000,1232,3l8q_1_A,1
1,train,3000,1233,4dln_1_B,1
1,train,3000,1234,4xsq_1_A,1
1,train,3000,1235,2dfu_1_B,1
1,train,3000,1236,5x6u_1_A,1
1,train,3000,1237,4n6j_1_B,1
1,train,3000,1238,2e8g_1_A,1
1,train,3000,1239,3bij_1_A,1
1,train,3000,1240,5w5a_1_B,1
1,train,3000,1241,5myi_1_A,1
1,train,3000,1242,5mqp_1_A,1
1,train,3000,1243,1jda_1_A,1
1,train,3000,1244,4n5q_1_A,1
1,train,3000,1245,3nre_1_A,1
1,train,3000,1246,2y5j_1_A,1
1,train,3000,1247,5ap8_1_A,1
1,train,3000,1248,2q0t_1_A,1
1,train,3000,1249,3awy_1_B,1
1,train,3000,1250,2yb5_1_A,1
1,train,3000,1251,5nz7_1_B,1
1,train,3000,1252,5ijh_1_A,1
1,train,3000,1253,2ze5_1_A,1
1,train,3000,1254,3pu9_1_B,1
1,train,3000,1255,3eby_1_A,1
1,train,3000,1256,4nar_1_A,1
1,train,3000,1257,1h1o_1_A,1
1,train,3000,1258,3f2i_1_A,1
1,train,3000,1259,4bjh_1_B,1
1,train,3000,1260,3pro_1_B,1
1,train,3000,1261,1ezv_1_J,1
1,train,3000,1262,2gr8_1_A,1
1,train,3000,1263,1j5p_1_B,1
1,train,3000,1264,5a0n_1_A,1
1,train,3000,1265,3e7w_1_A,1
1,train,3000,1266,2odh_1_A,1
1,train,3000,1267,2hlq_1_A,1
1,train,3000,1268,2hsn_1_C,1
1,train,3000,1269,5h5a_1_A,1
1,train,3000,1270,6cuq_1_B,1
1,train,3000,1271,4apo_1_A,1
1,train,3000,1272,1n0w_1_A,1
1,train,3000,1273,3gwi_1_A,1
1,train,3000,1274,3kgd_1_A,1
1,train,3000,1275,3g02_1_A,1
1,train,3000,1276,1ucr_1_A,1
1,train,3000,1277,5too_1_A,1
1,train,3000,1278,3ppb_1_B,1
1,train,3000,1279,1n1i_1_A,1
1,train,3000,1280,1yj7_1_A,1
1,train,3000,1281,5dic_1_A,1
1,train,3000,1282,4oa3_1_A,1
1,train,3000,1283,2xtc_1_A,1
1,train,3000,1284,3oz2_1_A,1
1,train,3000,1285,2vlg_1_A,1
1,train,3000,1286,1dq3_1_A,1
1,train,3000,1287,4l01_1_A,1
1,train,3000,1288,4z24_1_A,1
1,train,3000,1289,4bps_1_A,1
1,train,3000,1290,3pwx_1_B,1
1,train,3000,1291,5m45_1_B,1
1,train,3000,1292,1fxk_1_F,1
1,train,3000,1293,2okx_1_A,1
1,train,3000,1294,1lgh_1_A,1
1,train,3000,1295,1qfg_1_A,1
1,train,3000,1296,2q03_1_B,1
1,train,3000,1297,4hqo_1_A,1
1,train,3000,1298,3eh2_1_A,1
1,train,3000,1299,4efz_1_A,1
1,train,3000,1300,6cw5_1_B,1
1,train,3000,1301,2p1j_1_A,1
1,train,3000,1302,3bt7_1_A,1
1,train,3000,1303,2c10_1_A,1
1,train,3000,1304,4nfa_1_A,1
1,train,3000,1305,3e9l_1_A,1
1,train,3000,1306,5foe_1_A,1
1,train,3000,1307,3nbi_1_A,1
1,train,3000,1308,5uju_1_B,1
1,train,3000,1309,5b3l_1_A,1
1,train,3000,1310,4geg_1_A,1
1,train,3000,1311,3f52_1_B,1
1,train,3000,1312,5x7l_1_A,1
1,train,3000,1313,6cnz_1_B,1
1,train,3000,1314,4nl0_1_A,1
1,train,3000,1315,5kwy_1_A,1
1,train,3000,1316,4m4n_1_A,1
1,train,3000,1317,3c9h_1_A,1
1,train,3000,1318,4rgi_1_A,1
1,train,3000,1319,1otg_1_A,1
1,train,3000,1320,1o7i_1_A,1
1,train,3000,1321,5jnm_1_A,1
1,train,3000,1322,3k2n_1_B,1
1,train,3000,1323,2we8_1_B,1
1,train,3000,1324,2eo4_1_B,1
1,train,3000,1325,1twf_1_A,0
1,train,3000,1326,1y7p_1_B,1
1,train,3000,1327,2p1m_1_A,1
1,train,3000,1328,3kwt_1_A,1
1,train,3000,1329,4omf_1_E,1
1,train,3000,1330,4ezb_1_B,1
1,train,3000,1331,1cf2_1_A,1
1,train,3000,1332,3l50_1_A,1
1,train,3000,1333,1w6k_1_A,1
1,train,3000,1334,1xso_1_B,1
1,train,3000,1335,1zx5_1_A,1
1,train,3000,1336,5ly0_1_B,1
1,train,3000,1337,5k04_1_A,1
1,train,3000,1338,1x8y_1_A,1
1,train,3000,1339,5e8m_1_B,1
1,train,3000,1340,4agr_1_A,1
1,train,3000,1341,5te9_1_B,1
1,train,3000,1342,1c7s_1_A,1
1,train,3000,1343,1is2_1_A,1
1,train,3000,1344,3zit_1_B,1
1,train,3000,1345,1pg7_1_C,1
1,train,3000,1346,5oq3_1_A,1
1,train,3000,1347,1fwy_1_C,1
1,train,3000,1348,2np3_1_A,1
1,train,3000,1349,4s1c_1_A,1
1,train,3000,1350,3tgl_1_A,1
1,train,3000,1351,2gb0_1_A,1
1,train,3000,1352,2yxo_1_B,1
1,train,3000,1353,4l3r_1_A,1
1,train,3000,1354,3t99_1_A,1
1,train,3000,1355,1thn_1_A,1
1,train,3000,1356,2r9q_1_A,1
1,train,3000,1357,5fhy_1_A,1
1,train,3000,1358,2r1f_1_B,1
1,train,3000,1359,1xip_1_A,1
1,train,3000,1360,3v7q_1_A,1
1,train,3000,1361,3c2c_1_A,1
1,train,3000,1362,1hia_1_A,1
1,train,3000,1363,5vjc_1_A,1
1,train,3000,1364,4gzn_1_A,1
1,train,3000,1365,3vfz_1_A,1
1,train,3000,1366,5xau_1_A,1
1,train,3000,1367,4yz9_1_A,1
1,train,3000,1368,4fa4_1_B,1
1,train,3000,1369,3o7v_1_B,1
1,train,3000,1370,4xp8_1_A,1
1,train,3000,1371,3idz_1_A,1
1,train,3000,1372,1c75_1_A,1
1,train,3000,1373,3zie_1_A,1
1,train,3000,1374,3szs_1_A,1
1,train,3000,1375,2fyu_1_C,1
1,train,3000,1376,1fo0_1_A,1
1,train,3000,1377,5lhm_1_A,1
1,train,3000,1378,5kcn_1_A,1
1,train,3000,1379,3f3x_1_B,1
1,train,3000,1380,5img_1_A,1
1,train,3000,1381,4z87_1_G,1
1,train,3000,1382,4p04_1_A,1
1,train,3000,1383,4xed_1_A,1
1,train,3000,1384,1fr3_1_A,1
1,train,3000,1385,2yy0_1_B,1
1,train,3000,1386,5o30_1_B,1
1,train,3000,1387,2flh_1_A,1
1,train,3000,1388,1f3u_1_A,1
1,train,3000,1389,2bw3_1_D,1
1,train,3000,1390,1ykd_1_B,1
1,train,3000,1391,2i5e_1_B,1
1,train,3000,1392,4kl0_1_A,1
1,train,3000,1393,3in1_1_A,1
1,train,3000,1394,4e44_1_A,1
1,train,3000,1395,4uiq_1_B,1
1,train,3000,1396,2vn5_1_A,1
1,train,3000,1397,3s6l_1_A,1
1,train,3000,1398,2czs_1_A,1
1,train,3000,1399,5j1l_1_A,1
1,train,3000,1400,1w2w_1_D,1
1,train,3000,1401,4fwg_1_A,1
1,train,3000,1402,4u1q_1_B,1
1,train,3000,1403,5xom_1_B,1
1,train,3000,1404,3cne_1_B,1
1,train,3000,1405,3ggn_1_A,1
1,train,3000,1406,2guz_1_A,1
1,train,3000,1407,4b4s_1_A,1
1,train,3000,1408,2gwm_1_A,1
1,train,3000,1409,4gdx_1_B,1
1,train,3000,1410,5fsy_1_A,1
1,train,3000,1411,2xwx_1_B,1
1,train,3000,1412,4gc1_1_A,1
1,train,3000,1413,5hmq_1_B,1
1,train,3000,1414,3tt9_1_A,1
1,train,3000,1415,5o8w_1_A,1
1,train,3000,1416,3qyf_1_B,1
1,train,3000,1417,3pic_1_A,1
1,train,3000,1418,4dav_1_A,1
1,train,3000,1419,5c8h_1_A,1
1,train,3000,1420,2w3w_1_A,1
1,train,3000,1421,3dsb_1_B,1
1,train,3000,1422,2fm8_1_B,1
1,train,3000,1423,1c8z_1_A,1
1,train,3000,1424,5lzn_1_A,1
1,train,3000,1425,1dzo_1_A,1
1,train,3000,1426,3by8_1_A,1
1,train,3000,1427,4dng_1_B,1
1,train,3000,1428,3zvk_1_H,1
1,train,3000,1429,3nl1_1_A,1
1,train,3000,1430,4c8v_1_A,1
1,train,3000,1431,5t4m_1_A,1
1,train,3000,1432,4zbw_1_B,1
1,train,3000,1433,1wcu_1_A,1
1,train,3000,1434,3nqz_1_A,1
1,train,3000,1435,3e57_1_A,1
1,train,3000,1436,2gjg_1_A,1
1,train,3000,1437,2h0b_1_A,1
1,train,3000,1438,5m97_1_A,1
1,train,3000,1439,3guz_1_A,1
1,train,3000,1440,2qw6_1_D,1
1,train,3000,1441,2is6_1_A,1
1,train,3000,1442,1zsy_1_A,1
1,train,3000,1443,3eap_1_A,1
1,train,3000,1444,2b0a_1_B,1
1,train,3000,1445,1b7y_1_C,1
1,train,3000,1446,3s6i_1_A,1
1,train,3000,1447,4fzy_1_A,1
1,train,3000,1448,5jpi_1_A,1
1,train,3000,1449,1i7o_1_A,1
1,train,3000,1450,5hbr_1_B,1
1,train,3000,1451,2a6q_1_A,1
1,train,3000,1452,1iib_1_A,1
1,train,3000,1453,4qoz_1_B,1
1,train,3000,1454,3p86_1_A,1
1,train,3000,1455,5od2_1_A,1
1,train,3000,1456,3rxy_1_C,1
1,train,3000,1457,2ush_1_A,1
1,train,3000,1458,6ekt_1_A,1
1,train,3000,1459,5cml_1_A,1
1,train,3000,1460,1di7_1_A,1
1,train,3000,1461,3p43_1_A,1
1,train,3000,1462,1gth_1_A,1
1,train,3000,1463,4pwy_1_B,1
1,train,3000,1464,2o5h_1_B,1
1,train,3000,1465,3i6t_1_A,1
1,train,3000,1466,3lvj_1_C,1
1,train,3000,1467,5wee_1_B,1
1,train,3000,1468,4zqu_1_A,1
1,train,3000,1469,1wv9_1_B,1
1,train,3000,1470,5ujd_1_A,1
1,train,3000,1471,3iwc_1_B,1
1,train,3000,1472,4hou_1_A,1
1,train,3000,1473,3fet_1_B,1
1,train,3000,1474,1mji_1_B,1
1,train,3000,1475,2r2a_1_A,1
1,train,3000,1476,2qwz_1_A,1
1,train,3000,1477,3e1i_1_C,1
1,train,3000,1478,4rle_1_A,1
1,train,3000,1479,4ief_1_A,1
1,train,3000,1480,5f56_1_A,1
1,train,3000,1481,4o7h_1_B,1
1,train,3000,1482,6g35_1_A,1
1,train,3000,1483,3nmr_1_A,1
1,train,3000,1484,3ivf_1_A,1
1,train,3000,1485,1tgs_1_A,1
1,train,3000,1486,1ko7_1_A,1
1,train,3000,1487,5e8y_1_A,1
1,train,3000,1488,2j5b_1_B,1
1,train,3000,1489,3sk7_1_A,1
1,train,3000,1490,1lo7_1_A,1
1,train,3000,1491,3tq6_1_A,1
1,train,3000,1492,1vrx_1_A,1
1,train,3000,1493,1mog_1_A,1
1,train,3000,1494,3ott_1_A,1
1,train,3000,1495,5ueb_1_A,1
1,train,3000,1496,3i6c_1_A,1
1,train,3000,1497,5jvb_1_A,1
1,train,3000,1498,6bgc_1_A,1
1,train,3000,1499,1r7j_1_B,1
1,train,3000,1500,3ufi_1_A,1
1,train,3000,1501,4m7s_1_A,1
1,train,3000,1502,3bqz_1_A,1
1,train,3000,1503,5x68_1_A,1
1,train,3000,1504,1byl_1_A,1
1,train,3000,1505,3wz2_1_E,1
1,train,3000,1506,4f0q_1_A,1
1,train,3000,1507,3cgg_1_A,1
1,train,3000,1508,4qp0_1_A,1
1,train,3000,1509,1jyo_1_A,1
1,train,3000,1510,3f6t_1_A,1
1,train,3000,1511,5nbt_1_A,1
1,train,3000,1512,1v7l_1_A,1
1,train,3000,1513,6b0a_1_A,1
1,train,3000,1514,5nb8_1_A,1
1,train,3000,1515,4e2g_1_B,1
1,train,3000,1516,4xsj_1_A,1
1,train,3000,1517,4h2u_1_D,1
1,train,3000,1518,3rx6_1_B,1
1,train,3000,1519,2vnr_1_A,1
1,train,3000,1520,4yhv_1_A,1
1,train,3000,1521,3edn_1_B,1
1,train,3000,1522,2awf_1_A,1
1,train,3000,1523,3ci9_1_B,1
1,train,3000,1524,5ig8_1_B,1
1,train,3000,1525,3nkg_1_A,1
1,train,3000,1526,1wmh_1_A,1
1,train,3000,1527,2bnx_1_A,1
1,train,3000,1528,4qrl_1_A,1
1,train,3000,1529,4q3b_1_A,1
1,train,3000,1530,3jrv_1_A,1
1,train,3000,1531,4nwp_1_E,1
1,train,3000,1532,5aii_1_A,1
1,train,3000,1533,4lec_1_A,1
1,train,3000,1534,4cmr_1_A,1
1,train,3000,1535,3txn_1_A,1
1,train,3000,1536,3d1l_1_A,1
1,train,3000,1537,4g6t_1_A,1
1,train,3000,1538,2fcu_1_A,1
1,train,3000,1539,2inp_1_A,1
1,train,3000,1540,5gp9_1_A,1
1,train,3000,1541,6bq2_1_B,1
1,train,3000,1542,5b4z_1_A,1
1,train,3000,1543,4ljl_1_A,1
1,train,3000,1544,2cc3_1_B,1
1,train,3000,1545,5a0y_1_B,1
1,train,3000,1546,1y07_1_A,1
1,train,3000,1547,3hzj_1_A,1
1,train,3000,1548,5ghl_1_A,1
1,train,3000,1549,1ci8_1_A,1
1,train,3000,1550,4jws_1_A,1
1,train,3000,1551,4ag5_1_B,1
1,train,3000,1552,4mfi_1_A,1
1,train,3000,1553,3eoz_1_C,1
1,train,3000,1554,1cen_1_A,1
1,train,3000,1555,2xme_1_A,1
1,train,3000,1556,3n5a_1_A,1
1,train,3000,1557,1l1l_1_A,1
1,train,3000,1558,5n6n_1_C,1
1,train,3000,1559,5vug_1_B,1
1,train,3000,1560,5cte_1_A,1
1,train,3000,1561,4om9_1_A,1
1,train,3000,1562,3d7l_1_A,1
1,train,3000,1563,2i0r_1_C,1
1,train,3000,1564,4dm5_1_A,1
1,train,3000,1565,4p42_1_B,1
1,train,3000,1566,3fok_1_A,1
1,train,3000,1567,5t87_1_B,1
1,train,3000,1568,4krd_1_B,1
1,train,3000,1569,2v8s_1_B,1
1,train,3000,1570,3n8b_1_A,1
1,train,3000,1571,3zxp_1_A,1
1,train,3000,1572,5vr2_1_B,1
1,train,3000,1573,5q13_1_A,1
1,train,3000,1574,3u5w_1_A,1
1,train,3000,1575,5i10_1_A,1
1,train,3000,1576,3v96_1_A,1
1,train,3000,1577,3d8d_1_A,1
1,train,3000,1578,3e03_1_A,1
1,train,3000,1579,4bt8_1_A,1
1,train,3000,1580,4g5e_1_A,1
1,train,3000,1581,2xoc_1_A,1
1,train,3000,1582,4h6w_1_A,1
1,train,3000,1583,2pbl_1_A,1
1,train,3000,1584,4lw3_1_A,1
1,train,3000,1585,3mmp_1_A,1
1,train,3000,1586,5e10_1_A,1
1,train,3000,1587,6bhc_1_B,1
1,train,3000,1588,4g4x_1_A,1
1,train,3000,1589,4ae8_1_B,1
1,train,3000,1590,1zym_1_A,1
1,train,3000,1591,4qlo_1_A,1
1,train,3000,1592,5hh0_1_A,1
1,train,3000,1593,1ysp_1_A,1
1,train,3000,1594,3s99_1_A,1
1,train,3000,1595,5gpy_1_A,1
1,train,3000,1596,1irj_1_B,1
1,train,3000,1597,5xbf_1_A,1
1,train,3000,1598,3jxc_1_A,1
1,train,3000,1599,3onh_1_A,1
1,train,3000,1600,5cyy_1_A,1
1,train,3000,1601,1orr_1_A,1
1,train,3000,1602,1xhk_1_A,1
1,train,3000,1603,2xz7_1_A,1
1,train,3000,1604,4jvu_1_B,1
1,train,3000,1605,3d34_1_A,1
1,train,3000,1606,5w4m_1_B,1
1,train,3000,1607,3dfz_1_A,1
1,train,3000,1608,4uqx_1_A,1
1,train,3000,1609,4rgw_1_A,1
1,train,3000,1610,2chc_1_C,1
1,train,3000,1611,2huh_1_B,1
1,train,3000,1612,5kdu_1_A,1
1,train,3000,1613,3kz9_1_B,1
1,train,3000,1614,1jlx_1_A,1
1,train,3000,1615,2pnw_1_A,1
1,train,3000,1616,2fu4_1_B,1
1,train,3000,1617,4g23_1_A,1
1,train,3000,1618,1sk7_1_A,1
1,train,3000,1619,5ggy_1_B,1
1,train,3000,1620,3ty1_1_C,1
1,train,3000,1621,1lbu_1_A,1
1,train,3000,1622,3k50_1_A,1
1,train,3000,1623,3led_1_B,1
1,train,3000,1624,2x98_1_B,1
1,train,3000,1625,3ipr_1_A,1
1,train,3000,1626,1yhf_1_A,1
1,train,3000,1627,5jd0_1_A,1
1,train,3000,1628,5i4h_1_A,1
1,train,3000,1629,5o0o_1_B,1
1,train,3000,1630,1ayo_1_B,1
1,train,3000,1631,1t0p_1_B,1
1,train,3000,1632,3eaf_1_A,1
1,train,3000,1633,5chl_1_B,1
1,train,3000,1634,4it4_1_A,1
1,train,3000,1635,1k3i_1_A,1
1,train,3000,1636,3jq1_1_A,1
1,train,3000,1637,1o7v_1_A,1
1,train,3000,1638,4e34_1_A,1
1,train,3000,1639,2y8g_1_A,1
1,train,3000,1640,5t5i_1_D,1
1,train,3000,1641,4lgt_1_A,1
1,train,3000,1642,1prz_1_A,1
1,train,3000,1643,4atg_1_A,1
1,train,3000,1644,2uxq_1_A,1
1,train,3000,1645,2ymv_1_A,1
1,train,3000,1646,4glq_1_A,1
1,train,3000,1647,3mcq_1_B,1
1,train,3000,1648,4bji_1_A,1
1,train,3000,1649,2yjg_1_B,1
1,train,3000,1650,4cnl_1_A,1
1,train,3000,1651,2vut_1_B,1
1,train,3000,1652,5t39_1_A,1
1,train,3000,1653,3zh9_1_A,1
1,train,3000,1654,4k5r_1_B,1
1,train,3000,1655,6fea_1_C,1
1,train,3000,1656,4bhr_1_A,1
1,train,3000,1657,3isr_1_B,1
1,train,3000,1658,2b67_1_B,1
1,train,3000,1659,3cx6_1_B,1
1,train,3000,1660,5mrs_1_A,1
1,train,3000,1661,3g2b_1_B,1
1,train,3000,1662,2ckx_1_A,1
1,train,3000,1663,5h1d_1_A,1
1,train,3000,1664,1k3b_1_C,1
1,train,3000,1665,1mww_1_A,1
1,train,3000,1666,1xl3_1_A,1
1,train,3000,1667,3ip3_1_A,1
1,train,3000,1668,2z8u_1_B,1
1,train,3000,1669,2d32_1_A,1
1,train,3000,1670,3icu_1_B,1
1,train,3000,1671,4gc3_1_A,1
1,train,3000,1672,3wdr_1_A,1
1,train,3000,1673,5hzr_1_A,1
1,train,3000,1674,3ov8_1_A,1
1,train,3000,1675,3q3f_1_A,1
1,train,3000,1676,1sqs_1_A,1
1,train,3000,1677,4rqo_1_A,1
1,train,3000,1678,3d85_1_D,1
1,train,3000,1679,4hwt_1_A,1
1,train,3000,1680,1n7z_1_A,1
1,train,3000,1681,3fij_1_A,1
1,train,3000,1682,3db2_1_B,1
1,train,3000,1683,3i8b_1_A,1
1,train,3000,1684,4m85_1_A,1
1,train,3000,1685,2j6b_1_A,1
1,train,3000,1686,2pc4_1_C,1
1,train,3000,1687,3ajv_1_C,1
1,train,3000,1688,4oi9_1_A,1
1,train,3000,1689,4rk1_1_A,1
1,train,3000,1690,2erv_1_A,1
1,train,3000,1691,2g40_1_B,1
1,train,3000,1692,3g16_1_B,1
1,train,3000,1693,3u24_1_A,1
1,train,3000,1694,2z5x_1_A,1
1,train,3000,1695,4r3h_1_A,1
1,train,3000,1696,5ukl_1_C,1
1,train,3000,1697,3fka_1_B,1
1,train,3000,1698,5sv2_1_B,1
1,train,3000,1699,4jps_1_B,1
1,train,3000,1700,3sao_1_A,1
1,train,3000,1701,1gcu_1_A,1
1,train,3000,1702,4z8v_1_A,1
1,train,3000,1703,1aua_1_B,1
1,train,3000,1704,3r66_1_D,1
1,train,3000,1705,4r6k_1_A,1
1,train,3000,1706,4i93_1_A,1
1,train,3000,1707,3bqp_1_A,1
1,train,3000,1708,5xpv_1_B,1
1,train,3000,1709,3s98_1_A,1
1,train,3000,1710,4s1p_1_A,1
1,train,3000,1711,1bw0_1_A,1
1,train,3000,1712,5gg5_1_A,1
1,train,3000,1713,3w0d_1_A,1
1,train,3000,1714,1zn6_1_A,1
1,train,3000,1715,2y9w_1_A,1
1,train,3000,1716,3a98_1_A,1
1,train,3000,1717,3czb_1_A,1
1,train,3000,1718,3qou_1_A,1
1,train,3000,1719,4gik_1_A,1
1,train,3000,1720,4grf_1_A,1
1,train,3000,1721,3gxh_1_A,1
1,train,3000,1722,4rnz_1_A,1
1,train,3000,1723,5z7h_1_B,1
1,train,3000,1724,1lof_1_D,1
1,train,3000,1725,4s1a_1_B,1
1,train,3000,1726,1m4k_1_A,1
1,train,3000,1727,4wtw_1_A,1
1,train,3000,1728,2qj9_1_D,1
1,train,3000,1729,4gx8_1_A,1
1,train,3000,1730,1nf4_1_H,1
1,train,3000,1731,2hd0_1_B,1
1,train,3000,1732,5y9s_1_B,1
1,train,3000,1733,5nxq_1_A,1
1,train,3000,1734,1a79_1_A,1
1,train,3000,1735,5epf_1_A,1
1,train,3000,1736,1f3u_1_B,1
1,train,3000,1737,3qbo_1_A,1
1,train,3000,1738,4wxm_1_A,1
1,train,3000,1739,3m1r_1_D,1
1,train,3000,1740,3h04_1_A,1
1,train,3000,1741,2oz8_1_A,1
1,train,3000,1742,3ijt_1_A,1
1,train,3000,1743,4y7u_1_A,1
1,train,3000,1744,3k7c_1_A,1
1,train,3000,1745,4cit_1_A,1
1,train,3000,1746,5aij_1_A,1
1,train,3000,1747,4im0_1_B,1
1,train,3000,1748,1p3i_1_E,1
1,train,3000,1749,2avn_1_B,1
1,train,3000,1750,2p1z_1_A,1
1,train,3000,1751,4n0w_1_A,1
1,train,3000,1752,2qjw_1_B,1
1,train,3000,1753,1zei_1_A,1
1,train,3000,1754,5bzc_1_A,1
1,train,3000,1755,5a6s_1_C,1
1,train,3000,1756,3tzt_1_B,1
1,train,3000,1757,1gl2_1_C,1
1,train,3000,1758,2o30_1_B,1
1,train,3000,1759,3vny_1_A,1
1,train,3000,1760,2anu_1_A,1
1,train,3000,1761,5ag9_1_A,1
1,train,3000,1762,6aoj_1_A,1
1,train,3000,1763,3fgt_1_A,1
1,train,3000,1764,5fx0_1_A,1
1,train,3000,1765,1nte_1_A,1
1,train,3000,1766,5hsg_1_A,1
1,train,3000,1767,4a7x_1_B,1
1,train,3000,1768,1vjx_1_A,1
1,train,3000,1769,3rcz_1_A,1
1,train,3000,1770,4kng_1_B,1
1,train,3000,1771,3gob_1_A,1
1,train,3000,1772,2hk3_1_B,1
1,train,3000,1773,3no7_1_B,1
1,train,3000,1774,3py7_1_A,1
1,train,3000,1775,4fek_1_A,1
1,train,3000,1776,2xko_1_D,1
1,train,3000,1777,2p9x_1_A,1
1,train,3000,1778,2d1c_1_B,1
1,train,3000,1779,1cez_1_A,1
1,train,3000,1780,4nqw_1_B,1
1,train,3000,1781,2esr_1_B,1
1,train,3000,1782,3ujz_1_A,1
1,train,3000,1783,2ekd_1_F,1
1,train,3000,1784,2jaq_1_B,1
1,train,3000,1785,4r1j_1_A,1
1,train,3000,1786,3rnv_1_A,1
1,train,3000,1787,3gzb_1_A,1
1,train,3000,1788,1ehy_1_A,1
1,train,3000,1789,3og4_1_B,1
1,train,3000,1790,3cp7_1_B,1
1,train,3000,1791,4zi2_1_B,1
1,train,3000,1792,1xtp_1_A,1
1,train,3000,1793,2rdm_1_A,1
1,train,3000,1794,2dkd_1_A,1
1,train,3000,1795,2f4w_1_A,1
1,train,3000,1796,3eef_1_A,1
1,train,3000,1797,4hio_1_A,1
1,train,3000,1798,2a61_1_B,1
1,train,3000,1799,5npe_1_A,1
1,train,3000,1800,4h87_1_B,1
1,train,3000,1801,5ahk_1_B,1
1,train,3000,1802,5n1a_1_A,1
1,train,3000,1803,5v8w_1_A,1
1,train,3000,1804,1jva_1_A,1
1,train,3000,1805,2a9u_1_B,1
1,train,3000,1806,1inp_1_A,1
1,train,3000,1807,4dri_1_B,1
1,train,3000,1808,3gzk_1_A,1
1,train,3000,1809,5u4s_1_A,1
1,train,3000,1810,3l48_1_A,1
1,train,3000,1811,1m1r_1_A,1
1,train,3000,1812,3lov_1_A,1
1,train,3000,1813,2eg5_1_B,1
1,train,3000,1814,1k9d_1_B,1
1,train,3000,1815,2g84_1_A,1
1,train,3000,1816,5oar_1_A,1
1,train,3000,1817,3cc0_1_A,1
1,train,3000,1818,3fg8_1_A,1
1,train,3000,1819,4z51_1_A,1
1,train,3000,1820,3afo_1_A,1
1,train,3000,1821,3poh_1_A,1
1,train,3000,1822,4ly4_1_A,1
1,train,3000,1823,3dgb_1_A,1
1,train,3000,1824,5y59_1_A,1
1,train,3000,1825,5xhx_1_B,1
1,train,3000,1826,1zup_1_B,1
1,train,3000,1827,2h6e_1_A,1
1,train,3000,1828,2ffg_1_B,1
1,train,3000,1829,4gvq_1_A,1
1,train,3000,1830,4dlq_1_A,1
1,train,3000,1831,4xod_1_A,1
1,train,3000,1832,4mah_1_A,1
1,train,3000,1833,4lda_1_A,1
1,train,3000,1834,5yae_1_A,1
1,train,3000,1835,2f4i_1_A,1
1,train,3000,1836,3w21_1_B,1
1,train,3000,1837,4cok_1_B,1
1,train,3000,1838,5c8o_1_A,1
1,train,3000,1839,5oqd_1_A,1
1,train,3000,1840,3hxt_1_A,1
1,train,3000,1841,4ct3_1_A,1
1,train,3000,1842,5yvm_1_A,1
1,train,3000,1843,2thi_1_A,1
1,train,3000,1844,5elh_1_B,1
1,train,3000,1845,5cxb_1_B,1
1,train,3000,1846,3qoo_1_B,1
1,train,3000,1847,5cnp_1_D,1
1,train,3000,1848,2yzr_1_A,1
1,train,3000,1849,2yvr_1_B,1
1,train,3000,1850,5ab5_1_A,1
1,train,3000,1851,4jyk_1_A,1
1,train,3000,1852,5lxr_1_B,1
1,train,3000,1853,2w0i_1_A,1
1,train,3000,1854,3mts_1_A,1
1,train,3000,1855,1xt9_1_A,1
1,train,3000,1856,1v5d_1_A,1
1,train,3000,1857,3wo6_1_A,1
1,train,3000,1858,5lcy_1_B,1
1,train,3000,1859,5keh_1_A,1
1,train,3000,1860,3b0a_1_B,1
1,train,3000,1861,2ije_1_A,1
1,train,3000,1862,3bes_1_B,1
1,train,3000,1863,2o3f_1_A,1
1,train,3000,1864,2qy1_1_A,1
1,train,3000,1865,4bxo_1_B,1
1,train,3000,1866,2og6_1_A,1
1,train,3000,1867,2dx0_1_B,1
1,train,3000,1868,3ee6_1_B,1
1,train,3000,1869,3kcp_1_A,1
1,train,3000,1870,3wbi_1_A,1
1,train,3000,1871,1et6_1_A,1
1,train,3000,1872,2g0c_1_A,1
1,train,3000,1873,5z7i_1_A,1
1,train,3000,1874,3u5r_1_A,1
1,train,3000,1875,2vvw_1_B,1
1,train,3000,1876,3s84_1_A,1
1,train,3000,1877,5afo_1_A,1
1,train,3000,1878,6b8s_1_A,1
1,train,3000,1879,1x0p_1_A,1
1,train,3000,1880,4dap_1_A,1
1,train,3000,1881,3vkw_1_A,1
1,train,3000,1882,4esj_1_A,1
1,train,3000,1883,2fdb_1_A,1
1,train,3000,1884,5ft3_1_B,1
1,train,3000,1885,2nn2_1_A,1
1,train,3000,1886,2vfk_1_A,1
1,train,3000,1887,1ylm_1_B,1
1,train,3000,1888,1o7a_1_B,1
1,train,3000,1889,5ia8_1_A,1
1,train,3000,1890,1gt9_1_A,1
1,train,3000,1891,5tee_1_A,1
1,train,3000,1892,2i6v_1_A,1
1,train,3000,1893,5fc9_1_A,1
1,train,3000,1894,5wqg_1_A,1
1,train,3000,1895,4bj8_1_A,1
1,train,3000,1896,3vmw_1_A,1
1,train,3000,1897,3hrp_1_A,1
1,train,3000,1898,5trb_1_B,1
1,train,3000,1899,3kzq_1_B,1
1,train,3000,1900,4dza_1_B,1
1,train,3000,1901,2d4g_1_B,1
1,train,3000,1902,5a1m_1_B,1
1,train,3000,1903,2a2f_1_A,1
1,train,3000,1904,3m3p_1_A,1
1,train,3000,1905,4nq0_1_A,1
1,train,3000,1906,3l5k_1_A,1
1,train,3000,1907,4rzx_1_B,1
1,train,3000,1908,2fi0_1_A,1
1,train,3000,1909,3sl9_1_A,1
1,train,3000,1910,4bmd_1_A,1
1,train,3000,1911,5syb_1_A,1
1,train,3000,1912,2d1g_1_B,1
1,train,3000,1913,1s3z_1_A,1
1,train,3000,1914,3frc_1_B,1
1,train,3000,1915,3ebe_1_A,1
1,train,3000,1916,5vbd_1_A,1
1,train,3000,1917,2zu0_1_D,1
1,train,3000,1918,3k1h_1_A,1
1,train,3000,1919,5kbe_1_A,1
1,train,3000,1920,4o33_1_A,1
1,train,3000,1921,3sxm_1_B,1
1,train,3000,1922,2vn5_1_B,1
1,train,3000,1923,4i2l_1_A,1
1,train,3000,1924,3v42_1_A,1
1,train,3000,1925,2fgt_1_A,1
1,train,3000,1926,1bfa_1_A,1
1,train,3000,1927,3jyo_1_A,1
1,train,3000,1928,3lic_1_A,1
1,train,3000,1929,3myi_1_A,1
1,train,3000,1930,1f48_1_A,1
1,train,3000,1931,2w80_1_B,1
1,train,3000,1932,5w2f_1_A,1
1,train,3000,1933,3x27_1_B,1
1,train,3000,1934,1xcj_1_A,1
1,train,3000,1935,2v3s_1_A,1
1,train,3000,1936,3io3_1_A,1
1,train,3000,1937,2fbl_1_A,1
1,train,3000,1938,5cuy_1_D,1
1,train,3000,1939,6egt_1_A,1
1,train,3000,1940,4o65_1_A,1
1,train,3000,1941,4wwr_1_B,1
1,train,3000,1942,4ghj_1_A,1
1,train,3000,1943,2dd4_1_H,1
1,train,3000,1944,4cvc_1_A,1
1,train,3000,1945,5tl5_1_A,1
1,train,3000,1946,3qwx_1_A,1
1,train,3000,1947,1m93_1_A,1
1,train,3000,1948,1t07_1_A,1
1,train,3000,1949,1ox8_1_A,1
1,train,3000,1950,2w1a_1_D,1
1,train,3000,1951,3l9b_1_A,1
1,train,3000,1952,5tsy_1_A,1
1,train,3000,1953,2byk_1_A,1
1,train,3000,1954,4mb7_1_A,1
1,train,3000,1955,3ci0_1_B,1
1,train,3000,1956,4u7k_1_A,1
1,train,3000,1957,2nnc_1_B,1
1,train,3000,1958,3c8l_1_A,1
1,train,3000,1959,3ifr_1_A,1
1,train,3000,1960,2b1e_1_A,1
1,train,3000,1961,2co5_1_A,1
1,train,3000,1962,5um7_1_A,1
1,train,3000,1963,4jxb_1_A,1
1,train,3000,1964,3vyw_1_A,1
1,train,3000,1965,3qw9_1_B,1
1,train,3000,1966,2vyi_1_A,1
1,train,3000,1967,2dgc_1_B,1
1,train,3000,1968,3bm4_1_A,1
1,train,3000,1969,3pl2_1_B,1
1,train,3000,1970,2rhs_1_D,1
1,train,3000,1971,2np5_1_B,1
1,train,3000,1972,2gjv_1_A,1
1,train,3000,1973,3l39_1_A,1
1,train,3000,1974,2h9a_1_A,1
1,train,3000,1975,4fgc_1_B,1
1,train,3000,1976,3efa_1_B,1
1,train,3000,1977,4wy4_1_B,1
1,train,3000,1978,1zud_1_B,1
1,train,3000,1979,2vyc_1_A,1
1,train,3000,1980,6d0g_1_A,1
1,train,3000,1981,3g5b_1_A,1
1,train,3000,1982,5j5d_1_A,1
1,train,3000,1983,3b4q_1_A,1
1,train,3000,1984,5nnh_1_A,1
1,train,3000,1985,1txj_1_A,1
1,train,3000,1986,2wkn_1_A,1
1,train,3000,1987,4cp9_1_B,1
1,train,3000,1988,3er6_1_B,1
1,train,3000,1989,3ufx_1_D,1
1,train,3000,1990,4nhx_1_A,1
1,train,3000,1991,5mc9_1_A,1
1,train,3000,1992,4jjp_1_B,1
1,train,3000,1993,5i9j_1_A,1
1,train,3000,1994,3zc7_1_B,1
1,train,3000,1995,4lsd_1_B,1
1,train,3000,1996,6eno_1_B,1
1,train,3000,1997,1uix_1_B,1
1,train,3000,1998,3kl7_1_A,1
1,train,3000,1999,3oru_1_A,1
1,train,3000,2000,2nuw_1_A,1
1,train,3000,2001,3c97_1_B,1
1,train,3000,2002,1ocx_1_A,1
1,train,3000,2003,2iof_1_B,1
1,train,3000,2004,5k87_1_A,1
1,train,3000,2005,3bfm_1_B,1
1,train,3000,2006,3t9y_1_B,1
1,train,3000,2007,3ipp_1_A,1
1,train,3000,2008,1v8h_1_B,1
1,train,3000,2009,1puo_1_A,1
1,train,3000,2010,2aa9_1_A,1
1,train,3000,2011,2z3b_1_A,1
1,train,3000,2012,4dad_1_B,1
1,train,3000,2013,1bhe_1_A,1
1,train,3000,2014,4im9_1_A,1
1,train,3000,2015,1izc_1_A,1
1,train,3000,2016,1b4u_1_A,1
1,train,3000,2017,3cmg_1_A,1
1,train,3000,2018,5ulm_1_A,1
1,train,3000,2019,3cr3_1_B,1
1,train,3000,2020,1utx_1_A,1
1,train,3000,2021,3rot_1_B,1
1,train,3000,2022,4lxo_1_A,1
1,train,3000,2023,4hd1_1_A,1
1,train,3000,2024,4gsu_1_A,1
1,train,3000,2025,4bl0_1_B,1
1,train,3000,2026,2i5i_1_A,1
1,train,3000,2027,5kso_1_A,1
1,train,3000,2028,3i76_1_A,1
1,train,3000,2029,5er3_1_A,1
1,train,3000,2030,1wuu_1_A,1
1,train,3000,2031,4jmf_1_C,1
1,train,3000,2032,3efg_1_A,1
1,train,3000,2033,4esx_1_B,1
1,train,3000,2034,5bv2_1_B,1
1,train,3000,2035,5fog_1_A,1
1,train,3000,2036,4q8r_1_A,1
1,train,3000,2037,4rwe_1_A,1
1,train,3000,2038,2hyp_1_A,1
1,train,3000,2039,2c9w_1_A,1
1,train,3000,2040,2f98_1_C,1
1,train,3000,2041,2gau_1_B,1
1,train,3000,2042,5dmk_1_A,1
1,train,3000,2043,3dli_1_A,1
1,train,3000,2044,3na7_1_A,1
1,train,3000,2045,3jvg_1_A,1
1,train,3000,2046,4ygb_1_A,1
1,train,3000,2047,1wy2_1_A,1
1,train,3000,2048,6fbk_1_A,1
1,train,3000,2049,2oee_1_B,1
1,train,3000,2050,3rv0_1_A,1
1,train,3000,2051,2i9c_1_A,1
1,train,3000,2052,1vc1_1_B,1
1,train,3000,2053,1csb_1_A,1
1,train,3000,2054,4hlj_1_A,1
1,train,3000,2055,2gfn_1_A,1
1,train,3000,2056,5it3_1_B,1
1,train,3000,2057,4cdn_1_A,1
1,train,3000,2058,2z9i_1_B,1
1,train,3000,2059,1k6y_1_B,1
1,train,3000,2060,5b5e_1_S,1
1,train,3000,2061,3erb_1_A,1
1,train,3000,2062,3kf8_1_B,1
1,train,3000,2063,2xqx_1_A,1
1,train,3000,2064,3vpa_1_A,1
1,train,3000,2065,4mig_1_D,1
1,train,3000,2066,1im4_1_A,1
1,train,3000,2067,1qip_1_B,1
1,train,3000,2068,4g4s_1_f,1
1,train,3000,2069,2wgm_1_A,1
1,train,3000,2070,1dgw_1_B,1
1,train,3000,2071,3p1x_1_A,1
1,train,3000,2072,5xtg_1_A,1
1,train,3000,2073,2obp_1_A,1
1,train,3000,2074,3v0f_1_A,1
1,train,3000,2075,3kya_1_B,1
1,train,3000,2076,3wpu_1_A,1
1,train,3000,2077,3iuo_1_A,1
1,train,3000,2078,2gu3_1_A,1
1,train,3000,2079,3pay_1_D,1
1,train,3000,2080,4tx9_1_A,1
1,train,3000,2081,4bze_1_A,1
1,train,3000,2082,2z69_1_A,1
1,train,3000,2083,1jl5_1_D,1
1,train,3000,2084,5msr_1_A,1
1,train,3000,2085,2it9_1_B,1
1,train,3000,2086,4lmw_1_B,1
1,train,3000,2087,2o3b_1_B,1
1,train,3000,2088,2agw_1_B,1
1,train,3000,2089,6c9x_1_A,1
1,train,3000,2090,2fr7_1_A,1
1,train,3000,2091,1gxj_1_A,1
1,train,3000,2092,2dvm_1_B,1
1,train,3000,2093,4w8o_1_A,1
1,train,3000,2094,2x3j_1_B,1
1,train,3000,2095,2ooc_1_A,1
1,train,3000,2096,5ail_1_A,1
1,train,3000,2097,2v24_1_B,1
1,train,3000,2098,1xm7_1_A,1
1,train,3000,2099,1tig_1_A,1
1,train,3000,2100,5yiz_1_A,1
1,train,3000,2101,5irn_1_A,1
1,train,3000,2102,5bq5_1_A,1
1,train,3000,2103,2g3h_1_A,1
1,train,3000,2104,2vqe_1_M,1
1,train,3000,2105,1ph6_1_B,1
1,train,3000,2106,3gz8_1_B,1
1,train,3000,2107,1fwk_1_A,1
1,train,3000,2108,4qvi_1_A,1
1,train,3000,2109,1dus_1_A,1
1,train,3000,2110,3b69_1_A,1
1,train,3000,2111,3vq2_1_B,1
1,train,3000,2112,2qni_1_B,1
1,train,3000,2113,3ukn_1_B,1
1,train,3000,2114,4ehi_1_A,1
1,train,3000,2115,3cdl_1_A,1
1,train,3000,2116,2zk9_1_A,1
1,train,3000,2117,3lkj_1_B,1
1,train,3000,2118,4ly9_1_A,1
1,train,3000,2119,2cw6_1_A,1
1,train,3000,2120,2qsf_1_B,1
1,train,3000,2121,4cs3_1_A,1
1,train,3000,2122,2i6f_1_A,1
1,train,3000,2123,5g38_1_A,1
1,train,3000,2124,2q0z_1_A,1
1,train,3000,2125,2ba2_1_A,1
1,train,3000,2126,5o6b_1_B,1
1,train,3000,2127,4lgc_1_A,1
1,train,3000,2128,3q48_1_A,1
1,train,3000,2129,3d36_1_A,1
1,train,3000,2130,3bs7_1_A,1
1,train,3000,2131,5diy_1_A,1
1,train,3000,2132,2vyo_1_A,1
1,train,3000,2133,4jix_1_B,1
1,train,3000,2134,5i6r_1_B,1
1,train,3000,2135,3ez2_1_A,1
1,train,3000,2136,4fin_1_B,1
1,train,3000,2137,4qy7_1_A,1
1,train,3000,2138,2fhd_1_C,1
1,train,3000,2139,1ox7_1_B,1
1,train,3000,2140,1j3w_1_B,1
1,train,3000,2141,5j5u_1_A,1
1,train,3000,2142,5frd_1_A,1
1,train,3000,2143,1wzc_1_A,1
1,train,3000,2144,3i9y_1_A,1
1,train,3000,2145,3g9g_1_B,1
1,train,3000,2146,1t6d_1_A,1
1,train,3000,2147,3grw_1_A,1
1,train,3000,2148,2ciq_1_A,1
1,train,3000,2149,2jjq_1_A,1
1,train,3000,2150,3u4c_1_A,1
1,train,3000,2151,4kqc_1_A,1
1,train,3000,2152,3c8u_1_A,1
1,train,3000,2153,5axk_1_B,1
1,train,3000,2154,1mjh_1_A,1
1,train,3000,2155,2psw_1_A,1
1,train,3000,2156,3hjh_1_A,1
1,train,3000,2157,3gve_1_B,1
1,train,3000,2158,2hxo_1_B,1
1,train,3000,2159,4piv_1_A,1
1,train,3000,2160,2vp4_1_D,1
1,train,3000,2161,2qmi_1_A,1
1,train,3000,2162,3es1_1_B,1
1,train,3000,2163,1dde_1_A,1
1,train,3000,2164,1wwb_1_A,1
1,train,3000,2165,5hxy_1_A,1
1,train,3000,2166,4k05_1_A,1
1,train,3000,2167,5oi7_1_B,1
1,train,3000,2168,2ich_1_A,1
1,train,3000,2169,2yny_1_A,1
1,train,3000,2170,2f1r_1_B,1
1,train,3000,2171,3qis_1_A,1
1,train,3000,2172,5u22_1_A,1
1,train,3000,2173,5c8a_1_C,1
1,train,3000,2174,2zgi_1_D,1
1,train,3000,2175,3djd_1_A,1
1,train,3000,2176,5hkq_1_A,1
1,train,3000,2177,1l0q_1_A,1
1,train,3000,2178,5aq0_1_A,1
1,train,3000,2179,1ci3_1_A,1
1,train,3000,2180,1qb2_1_A,1
1,train,3000,2181,5iob_1_B,1
1,train,3000,2182,3x37_1_B,1
1,train,3000,2183,3hqj_1_A,1
1,train,3000,2184,5x6u_1_D,1
1,train,3000,2185,4lub_1_A,1
1,train,3000,2186,3hbf_1_A,1
1,train,3000,2187,5b2t_1_A,0
1,train,3000,2188,2avp_1_A,1
1,train,3000,2189,4n30_1_A,1
1,train,3000,2190,3ldt_1_B,1
1,train,3000,2191,5mt2_1_A,1
1,train,3000,2192,4zme_1_A,1
1,train,3000,2193,4hsp_1_A,1
1,train,3000,2194,5c4y_1_B,1
1,train,3000,2195,1g8p_1_A,1
1,train,3000,2196,3rhe_1_A,1
1,train,3000,2197,2p3h_1_A,1
1,train,3000,2198,1j1f_1_A,1
1,train,3000,2199,2h1e_1_B,1
1,train,3000,2200,4zqv_1_A,1
1,train,3000,2201,3mkh_1_A,1
1,train,3000,2202,2e4m_1_A,1
1,train,3000,2203,1ec5_1_A,1
1,train,3000,2204,4j5q_1_A,1
1,train,3000,2205,2pfz_1_A,1
1,train,3000,2206,3i4p_1_A,1
1,train,3000,2207,4hae_1_A,1
1,train,3000,2208,2o4w_1_A,1
1,train,3000,2209,1ub9_1_B,1
1,train,3000,2210,3n3d_1_A,1
1,train,3000,2211,2q1u_1_B,1
1,train,3000,2212,2pl2_1_B,1
1,train,3000,2213,5tuu_1_B,1
1,train,3000,2214,2ofp_1_A,1
1,train,3000,2215,3out_1_B,1
1,train,3000,2216,4b8x_1_B,1
1,train,3000,2217,1cpn_1_A,1
1,train,3000,2218,3a45_1_A,1
1,train,3000,2219,3gk5_1_A,1
1,train,3000,2220,2r0p_1_A,1
1,train,3000,2221,5j1g_1_A,1
1,train,3000,2222,1vki_1_A,1
1,train,3000,2223,4ejq_1_B,1
1,train,3000,2224,5aj8_1_A,1
1,train,3000,2225,3g9w_1_B,1
1,train,3000,2226,5c2k_1_A,1
1,train,3000,2227,3o5t_1_A,1
1,train,3000,2228,5veo_1_A,1
1,train,3000,2229,4bb3_1_A,1
1,train,3000,2230,4qvr_1_A,1
1,train,3000,2231,1js2_1_A,1
1,train,3000,2232,5awe_1_A,1
1,train,3000,2233,3wyf_1_B,1
1,train,3000,2234,1ecs_1_A,1
1,train,3000,2235,1vhe_1_A,1
1,train,3000,2236,3aqb_1_A,1
1,train,3000,2237,4pfi_1_A,1
1,train,3000,2238,3qd7_1_A,1
1,train,3000,2239,3cpf_1_A,1
1,train,3000,2240,4ql0_1_B,1
1,train,3000,2241,4zxa_1_D,1
1,train,3000,2242,1feu_1_A,1
1,train,3000,2243,2g81_1_B,1
1,train,3000,2244,2nrr_1_A,1
1,train,3000,2245,3qi7_1_A,1
1,train,3000,2246,4oog_1_F,1
1,train,3000,2247,4g7v_1_C,1
1,train,3000,2248,3pgs_1_A,1
1,train,3000,2249,3qc1_1_A,1
1,train,3000,2250,4xhu_1_B,1
1,train,3000,2251,3a52_1_B,1
1,train,3000,2252,5ejd_1_A,1
1,train,3000,2253,5ccu_1_B,1
1,train,3000,2254,3nvq_1_C,1
1,train,3000,2255,3bgo_1_A,1
1,train,3000,2256,2odk_1_B,1
1,train,3000,2257,5tvo_1_A,1
1,train,3000,2258,1bxr_1_A,0
1,train,3000,2259,4hgu_1_A,1
1,train,3000,2260,3a07_1_A,1
1,train,3000,2261,2xvs_1_A,1
1,train,3000,2262,3sft_1_A,1
1,train,3000,2263,4mt4_1_B,1
1,train,3000,2264,4wb7_1_A,1
1,train,3000,2265,3fqg_1_A,1
1,train,3000,2266,3fah_1_A,1
1,train,3000,2267,5m4b_1_A,1
1,train,3000,2268,2z5b_1_B,1
1,train,3000,2269,3h4z_1_A,1
1,train,3000,2270,6ey0_1_A,1
1,train,3000,2271,4yt9_1_A,1
1,train,3000,2272,4pc4_1_A,1
1,train,3000,2273,3tri_1_B,1
1,train,3000,2274,4f3n_1_A,1
1,train,3000,2275,4xzz_1_A,1
1,train,3000,2276,1xcr_1_A,1
1,train,3000,2277,2dx7_1_A,1
1,train,3000,2278,5exd_1_E,1
1,train,3000,2279,1tzw_1_A,1
1,train,3000,2280,1dkf_1_B,1
1,train,3000,2281,1fsl_1_A,1
1,train,3000,2282,4rpu_1_A,1
1,train,3000,2283,1gg4_1_A,1
1,train,3000,2284,3h7a_1_B,1
1,train,3000,2285,4noh_1_A,1
1,train,3000,2286,4jw2_1_B,1
1,train,3000,2287,3bdw_1_B,1
1,train,3000,2288,2j7q_1_A,1
1,train,3000,2289,3vrd_1_B,1
1,train,3000,2290,1eok_1_A,1
1,train,3000,2291,4ysx_1_D,1
1,train,3000,2292,4zza_1_A,1
1,train,3000,2293,3wel_1_A,1
1,train,3000,2294,2gr7_1_A,1
1,train,3000,2295,2a68_1_D,0
1,train,3000,2296,4qm9_1_A,1
1,train,3000,2297,3qmv_1_A,1
1,train,3000,2298,2d40_1_D,1
1,train,3000,2299,3in6_1_B,1
1,train,3000,2300,4eog_1_B,1
1,train,3000,2301,4rz9_1_A,1
1,train,3000,2302,5b5y_1_B,1
1,train,3000,2303,4mxt_1_B,1
1,train,3000,2304,5wx9_1_A,1
1,train,3000,2305,4txj_1_B,1
1,train,3000,2306,3egc_1_B,1
1,train,3000,2307,5o7o_1_B,1
1,train,3000,2308,3tqh_1_A,1
1,train,3000,2309,5xb6_1_B,1
1,train,3000,2310,5izw_1_A,1
1,train,3000,2311,2okf_1_A,1
1,train,3000,2312,3bb9_1_A,1
1,train,3000,2313,3q3e_1_A,1
1,train,3000,2314,2ggq_1_A,1
1,train,3000,2315,1vk8_1_C,1
1,train,3000,2316,4mu9_1_A,1
1,train,3000,2317,3h6j_1_A,1
1,train,3000,2318,1n8y_1_A,1
1,train,3000,2319,1ro5_1_A,1
1,train,3000,2320,5il6_1_A,1
1,train,3000,2321,5epe_1_A,1
1,train,3000,2322,6b3t_1_A,1
1,train,3000,2323,1svl_1_A,1
1,train,3000,2324,4hyn_1_A,1
1,train,3000,2325,2gbb_1_B,1
1,train,3000,2326,4iji_1_B,1
1,train,3000,2327,3ddt_1_A,1
1,train,3000,2328,2bv9_1_A,1
1,train,3000,2329,3mvn_1_A,1
1,train,3000,2330,1wyw_1_A,1
1,train,3000,2331,2j0s_1_D,1
1,train,3000,2332,3kos_1_A,1
1,train,3000,2333,3f72_1_A,1
1,train,3000,2334,1iu9_1_A,1
1,train,3000,2335,2z67_1_A,1
1,train,3000,2336,3ju8_1_B,1
1,train,3000,2337,2wl8_1_A,1
1,train,3000,2338,5d1p_1_B,1
1,train,3000,2339,5iza_1_A,1
1,train,3000,2340,3aeh_1_A,1
1,train,3000,2341,4oy4_1_A,1
1,train,3000,2342,3f9s_1_B,1
1,train,3000,2343,1t33_1_B,1
1,train,3000,2344,3ndh_1_B,1
1,train,3000,2345,3cng_1_B,1
1,train,3000,2346,5uzm_1_A,1
1,train,3000,2347,5lfv_1_A,1
1,train,3000,2348,1s20_1_A,1
1,train,3000,2349,4fzo_1_A,1
1,train,3000,2350,2y8l_1_B,1
1,train,3000,2351,3e2c_1_A,1
1,train,3000,2352,3sr9_1_A,1
1,train,3000,2353,1v15_1_A,1
1,train,3000,2354,5u2p_1_A,1
1,train,3000,2355,5jr9_1_A,1
1,train,3000,2356,4rhp_1_A,1
1,train,3000,2357,1ok6_1_A,1
1,train,3000,2358,3k6o_1_A,1
1,train,3000,2359,4z0v_1_A,1
1,train,3000,2360,2zc3_1_A,1
1,train,3000,2361,3zyp_1_A,1
1,train,3000,2362,5e8m_1_A,1
1,train,3000,2363,5c6k_1_B,1
1,train,3000,2364,2aer_1_C,1
1,train,3000,2365,4rct_1_B,1
1,train,3000,2366,2it2_1_A,1
1,train,3000,2367,2hrx_1_A,1
1,train,3000,2368,3o0d_1_A,1
1,train,3000,2369,2o62_1_A,1
1,train,3000,2370,3mt0_1_A,1
1,train,3000,2371,4fk5_1_D,1
1,train,3000,2372,4m7r_1_A,1
1,train,3000,2373,3igf_1_A,1
1,train,3000,2374,5e6v_1_A,1
1,train,3000,2375,4fva_1_A,1
1,train,3000,2376,2qsx_1_A,1
1,train,3000,2377,3vot_1_A,1
1,train,3000,2378,3t7l_1_A,1
1,train,3000,2379,1o5e_1_B,1
1,train,3000,2380,4n4u_1_A,1
1,train,3000,2381,2rek_1_A,1
1,train,3000,2382,1a4p_1_A,1
1,train,3000,2383,1y8x_1_B,1
1,train,3000,2384,3tbo_1_B,1
1,train,3000,2385,2ged_1_B,1
1,train,3000,2386,3m62_1_B,1
1,train,3000,2387,4iza_1_B,1
1,train,3000,2388,5hoq_1_E,1
1,train,3000,2389,2ox5_1_A,1
1,train,3000,2390,3n28_1_A,1
1,train,3000,2391,2vvf_1_A,1
1,train,3000,2392,2b5w_1_A,1
1,train,3000,2393,4em2_1_A,1
1,train,3000,2394,3q73_1_A,1
1,train,3000,2395,1xl3_1_B,1
1,train,3000,2396,4jj9_1_C,1
1,train,3000,2397,1tzz_1_A,1
1,train,3000,2398,5buq_1_A,1
1,train,3000,2399,3lpe_1_A,1
1,train,3000,2400,2a03_1_A,1
1,train,3000,2401,2eky_1_B,1
1,train,3000,2402,1l8w_1_A,1
1,train,3000,2403,3rzs_1_A,1
1,train,3000,2404,3e35_1_A,1
1,train,3000,2405,3gkx_1_A,1
1,train,3000,2406,4r1d_1_A,1
1,train,3000,2407,2qup_1_A,1
1,train,3000,2408,1sr4_1_C,1
1,train,3000,2409,3q0i_1_A,1
1,train,3000,2410,2z72_1_A,1
1,train,3000,2411,3ryb_1_A,1
1,train,3000,2412,3ngl_1_A,1
1,train,3000,2413,4bsx_1_A,1
1,train,3000,2414,3v7o_1_B,1
1,train,3000,2415,3okg_1_A,1
1,train,3000,2416,4bg7_1_B,1
1,train,3000,2417,1npp_1_A,1
1,train,3000,2418,5oez_1_C,1
1,train,3000,2419,4qpm_1_A,1
1,train,3000,2420,2e5v_1_A,1
1,train,3000,2421,3pg8_1_B,1
1,train,3000,2422,5tip_1_A,1
1,train,3000,2423,1ki0_1_A,1
1,train,3000,2424,1xpj_1_A,1
1,train,3000,2425,1bdo_1_A,1
1,train,3000,2426,2erf_1_A,1
1,train,3000,2427,4bjj_1_A,1
1,train,3000,2428,1r9q_1_A,1
1,train,3000,2429,2bib_1_A,1
1,train,3000,2430,1gmn_1_B,1
1,train,3000,2431,2ah5_1_A,1
1,train,3000,2432,2c7n_1_A,1
1,train,3000,2433,4etx_1_A,1
1,train,3000,2434,3o94_1_B,1
1,train,3000,2435,3eyi_1_A,1
1,train,3000,2436,9gaa_1_A,1
1,train,3000,2437,1ocy_1_A,1
1,train,3000,2438,5t10_1_B,1
1,train,3000,2439,3l8m_1_D,1
1,train,3000,2440,4esk_1_A,1
1,train,3000,2441,1avy_1_A,1
1,train,3000,2442,4zos_1_B,1
1,train,3000,2443,3ju1_1_A,1
1,train,3000,2444,4ecd_1_D,1
1,train,3000,2445,1fue_1_A,1
1,train,3000,2446,4edp_1_A,1
1,train,3000,2447,2cl4_1_A,1
1,train,3000,2448,4alm_1_C,1
1,train,3000,2449,2wji_1_A,1
1,train,3000,2450,3i3f_1_C,1
1,train,3000,2451,3ipw_1_A,1
1,train,3000,2452,1xdz_1_A,1
1,train,3000,2453,5a67_1_A,1
1,train,3000,2454,4fle_1_A,1
1,train,3000,2455,5szr_1_A,1
1,train,3000,2456,3fou_1_A,1
1,train,3000,2457,1t4o_1_A,1
1,train,3000,2458,3cjy_1_B,1
1,train,3000,2459,1jfa_1_A,1
1,train,3000,2460,5lwv_1_A,1
1,train,3000,2461,1h4i_1_B,1
1,train,3000,2462,2pbf_1_A,1
1,train,3000,2463,3fy7_1_A,1
1,train,3000,2464,3qs2_1_B,1
1,train,3000,2465,4j1v_1_A,1
1,train,3000,2466,2j7a_1_F,1
1,train,3000,2467,3l8k_1_D,1
1,train,3000,2468,2xz2_1_B,1
1,train,3000,2469,3m03_1_A,1
1,train,3000,2470,5jmb_1_A,1
1,train,3000,2471,3t12_1_A,1
1,train,3000,2472,4zxa_1_B,1
1,train,3000,2473,3bf5_1_B,1
1,train,3000,2474,5dn7_1_A,1
1,train,3000,2475,1sp3_1_A,1
1,train,3000,2476,1wmw_1_B,1
1,train,3000,2477,4h41_1_B,1
1,train,3000,2478,4pmh_1_A,1
1,train,3000,2479,3k3o_1_A,1
1,train,3000,2480,5tdy_1_B,1
1,train,3000,2481,4b0e_1_A,1
1,train,3000,2482,4y85_1_A,1
1,train,3000,2483,5wwo_1_A,1
1,train,3000,2484,3uqc_1_A,1
1,train,3000,2485,6cib_1_A,1
1,train,3000,2486,3gkh_1_A,1
1,train,3000,2487,2xze_1_A,1
1,train,3000,2488,2wqs_1_A,1
1,train,3000,2489,5aa6_1_B,1
1,train,3000,2490,3gzr_1_B,1
1,train,3000,2491,1yle_1_A,1
1,train,3000,2492,4r36_1_A,1
1,train,3000,2493,5c2n_1_A,1
1,train,3000,2494,2a5l_1_A,1
1,train,3000,2495,4npj_1_A,1
1,train,3000,2496,4gqz_1_A,1
1,train,3000,2497,5t5d_1_A,1
1,train,3000,2498,2qzq_1_A,1
1,train,3000,2499,4ufm_1_A,1
1,train,3000,2500,2fiw_1_A,1
1,train,3000,2501,5min_1_B,1
1,train,3000,2502,2yg9_1_A,1
1,train,3000,2503,5h9y_1_A,1
1,train,3000,2504,3wv7_1_A,1
1,train,3000,2505,3hff_1_A,1
1,train,3000,2506,3q1j_1_B,1
1,train,3000,2507,2oiv_1_A,1
1,train,3000,2508,2ptm_1_A,1
1,train,3000,2509,3nvt_1_A,1
1,train,3000,2510,5ern_1_A,1
1,train,3000,2511,5trq_1_A,1
1,train,3000,2512,2qks_1_D,1
1,train,3000,2513,1j1v_1_A,1
1,train,3000,2514,3go5_1_A,1
1,train,3000,2515,3dew_1_B,1
1,train,3000,2516,5ja9_1_B,1
1,train,3000,2517,3bjv_1_B,1
1,train,3000,2518,2op5_1_B,1
1,train,3000,2519,3hbm_1_A,1
1,train,3000,2520,4ww7_1_B,1
1,train,3000,2521,2fwv_1_B,1
1,train,3000,2522,1m4u_1_C,1
1,train,3000,2523,3qpi_1_A,1
1,train,3000,2524,3sd2_1_B,1
1,train,3000,2525,3cnc_1_A,1
1,train,3000,2526,6bc0_1_A,1
1,train,3000,2527,3k11_1_A,1
1,train,3000,2528,6c5c_1_B,1
1,train,3000,2529,2ywe_1_A,1
1,train,3000,2530,4ct8_1_A,1
1,train,3000,2531,4e9v_1_A,1
1,train,3000,2532,1muf_1_A,1
1,train,3000,2533,4m6t_1_A,1
1,train,3000,2534,3wl4_1_A,1
1,train,3000,2535,5upk_1_A,1
1,train,3000,2536,5dhm_1_B,1
1,train,3000,2537,3aot_1_A,1
1,train,3000,2538,3tr5_1_A,1
1,train,3000,2539,4i6o_1_A,1
1,train,3000,2540,4fnm_1_A,1
1,train,3000,2541,3a4w_1_A,1
1,train,3000,2542,4q95_1_B,1
1,train,3000,2543,4dnc_1_B,1
1,train,3000,2544,2jet_1_B,1
1,train,3000,2545,3a21_1_A,1
1,train,3000,2546,5d27_1_A,1
1,train,3000,2547,3okq_1_B,1
1,train,3000,2548,3opn_1_A,1
1,train,3000,2549,3mqi_1_B,1
1,train,3000,2550,1mi8_1_B,1
1,train,3000,2551,3fia_1_A,1
1,train,3000,2552,4lzj_1_B,1
1,train,3000,2553,2b1q_1_A,1
1,train,3000,2554,3tyk_1_A,1
1,train,3000,2555,4jc3_1_A,1
1,train,3000,2556,3f62_1_A,1
1,train,3000,2557,1sur_1_B,1
1,train,3000,2558,3hrr_1_A,1
1,train,3000,2559,3rrv_1_B,1
1,train,3000,2560,3pms_1_A,1
1,train,3000,2561,4nn5_1_C,1
1,train,3000,2562,2p8e_1_A,1
1,train,3000,2563,5t5i_1_H,1
1,train,3000,2564,2vx3_1_A,1
1,train,3000,2565,2bv2_1_A,1
1,train,3000,2566,5duk_1_A,1
1,train,3000,2567,1a82_1_A,1
1,train,3000,2568,4ze8_1_A,1
1,train,3000,2569,3jtm_1_A,1
1,train,3000,2570,4l3f_1_A,1
1,train,3000,2571,4nhw_1_A,1
1,train,3000,2572,3m8n_1_B,1
1,train,3000,2573,3e59_1_A,1
1,train,3000,2574,4bem_1_J,1
1,train,3000,2575,3rmi_1_B,1
1,train,3000,2576,3zc8_1_A,1
1,train,3000,2577,4n6w_1_A,1
1,train,3000,2578,5ojn_1_A,1
1,train,3000,2579,4jrz_1_A,1
1,train,3000,2580,4ynm_1_A,1
1,train,3000,2581,5t3b_1_A,1
1,train,3000,2582,3k6c_1_I,1
1,train,3000,2583,1lva_1_A,1
1,train,3000,2584,5fwh_1_A,1
1,train,3000,2585,3k2a_1_A,1
1,train,3000,2586,2x0q_1_A,1
1,train,3000,2587,2x56_1_A,1
1,train,3000,2588,4c2l_1_A,1
1,train,3000,2589,4n0n_1_A,1
1,train,3000,2590,4ekl_1_A,1
1,train,3000,2591,3a5z_1_D,1
1,train,3000,2592,4ndj_1_A,1
1,train,3000,2593,5d1v_1_B,1
1,train,3000,2594,1oyz_1_A,1
1,train,3000,2595,1pcx_1_A,1
1,train,3000,2596,4uzj_1_A,1
1,train,3000,2597,1cpt_1_A,1
1,train,3000,2598,2cy2_1_A,1
1,train,3000,2599,4gs3_1_A,1
1,train,3000,2600,2w9m_1_A,1
1,train,3000,2601,4u7x_1_A,1
1,train,3000,2602,4hcg_1_A,1
1,train,3000,2603,1zyo_1_A,1
1,train,3000,2604,1qqg_1_A,1
1,train,3000,2605,3qj6_1_A,1
1,train,3000,2606,5n4k_1_B,1
1,train,3000,2607,2ri0_1_A,1
1,train,3000,2608,3ako_1_A,1
1,train,3000,2609,5j3t_1_B,1
1,train,3000,2610,5xh8_1_A,1
1,train,3000,2611,5t5i_1_A,1
1,train,3000,2612,2oez_1_A,1
1,train,3000,2613,2zc3_1_B,1
1,train,3000,2614,2wow_1_A,1
1,train,3000,2615,4pke_1_A,1
1,train,3000,2616,3fjs_1_B,1
1,train,3000,2617,1unb_1_A,1
1,train,3000,2618,4bbq_1_A,1
1,train,3000,2619,4hdo_1_A,1
1,train,3000,2620,4pzs_1_A,1
1,train,3000,2621,3mp2_1_A,1
1,train,3000,2622,5bpd_1_D,1
1,train,3000,2623,3og2_1_A,1
1,train,3000,2624,5jze_1_A,1
1,train,3000,2625,3hgu_1_A,1
1,train,3000,2626,4rp5_1_A,1
1,train,3000,2627,5tg0_1_A,1
1,train,3000,2628,5jkq_1_A,1
1,train,3000,2629,1mvf_1_B,1
1,train,3000,2630,1w8g_1_A,1
1,train,3000,2631,1rm6_1_B,1
1,train,3000,2632,3egl_1_A,1
1,train,3000,2633,1lr0_1_A,1
1,train,3000,2634,5ljw_1_A,1
1,train,3000,2635,5wqw_1_A,1
1,train,3000,2636,5de0_1_A,1
1,train,3000,2637,4qvs_1_B,1
1,train,3000,2638,2z5i_1_B,1
1,train,3000,2639,4c00_1_A,1
1,train,3000,2640,3him_1_A,1
1,train,3000,2641,1o27_1_D,1
1,train,3000,2642,1di2_1_B,1
1,train,3000,2643,3evz_1_A,1
1,train,3000,2644,2cj9_1_A,1
1,train,3000,2645,2qmm_1_B,1
1,train,3000,2646,2cb5_1_B,1
1,train,3000,2647,1psw_1_A,1
1,train,3000,2648,3pl0_1_A,1
1,train,3000,2649,3v7b_1_A,1
1,train,3000,2650,1kk9_1_A,1
1,train,3000,2651,4f43_1_A,1
1,train,3000,2652,4y7l_1_A,1
1,train,3000,2653,3o21_1_A,1
1,train,3000,2654,3mjk_1_B,1
1,train,3000,2655,3mst_1_A,1
1,train,3000,2656,2ynq_1_A,1
1,train,3000,2657,5g4x_1_A,1
1,train,3000,2658,4r2n_1_A,1
1,train,3000,2659,4rbr_1_A,1
1,train,3000,2660,3rdw_1_A,1
1,train,3000,2661,2v9k_1_A,1
1,train,3000,2662,3ihv_1_A,1
1,train,3000,2663,3sql_1_B,1
1,train,3000,2664,3zg8_1_B,1
1,train,3000,2665,1lxj_1_A,1
1,train,3000,2666,2eig_1_A,1
1,train,3000,2667,4jdx_1_B,1
1,train,3000,2668,5bpz_1_A,1
1,train,3000,2669,3hdp_1_A,1
1,train,3000,2670,2aa4_1_B,1
1,train,3000,2671,4wer_1_B,1
1,train,3000,2672,2o6l_1_A,1
1,train,3000,2673,3sek_1_D,1
1,train,3000,2674,3o83_1_A,1
1,train,3000,2675,2ci9_1_A,1
1,train,3000,2676,1fpz_1_A,1
1,train,3000,2677,4e21_1_B,1
1,train,3000,2678,2a2c_1_A,1
1,train,3000,2679,1har_1_A,1
1,train,3000,2680,2gak_1_A,1
1,train,3000,2681,4ay9_1_A,1
1,train,3000,2682,2y7d_1_C,1
1,train,3000,2683,3psh_1_A,1
1,train,3000,2684,4ygu_1_A,1
1,train,3000,2685,1fe8_1_A,1
1,train,3000,2686,5kdo_1_B,1
1,train,3000,2687,3zq6_1_B,1
1,train,3000,2688,3cc2_1_O,1
1,train,3000,2689,3bgh_1_B,1
1,train,3000,2690,3s3t_1_A,1
1,train,3000,2691,1i24_1_A,1
1,train,3000,2692,4aow_1_A,1
1,train,3000,2693,5jd6_1_A,1
1,train,3000,2694,2ojh_1_A,1
1,train,3000,2695,5hec_1_A,1
1,train,3000,2696,3hrd_1_C,1
1,train,3000,2697,5ff1_1_A,1
1,train,3000,2698,1jb0_1_E,1
1,train,3000,2699,1yq3_1_A,1
1,train,3000,2700,2hlj_1_B,1
1,train,3000,2701,4ccs_1_A,1
1,train,3000,2702,4pj3_1_A,0
1,train,3000,2703,5ck1_1_A,1
1,train,3000,2704,3bbd_1_A,1
1,train,3000,2705,3g6t_1_A,1
1,train,3000,2706,1qdm_1_A,1
1,train,3000,2707,2p23_1_A,1
1,train,3000,2708,2hdz_1_A,1
1,train,3000,2709,4b2f_1_A,1
1,train,3000,2710,3nt8_1_A,1
1,train,3000,2711,1qhu_1_A,1
1,train,3000,2712,3my2_1_A,1
1,train,3000,2713,5n07_1_B,1
1,train,3000,2714,2iay_1_A,1
1,train,3000,2715,3cq1_1_A,1
1,train,3000,2716,5okc_1_B,1
1,train,3000,2717,1e5m_1_B,1
1,train,3000,2718,3zh5_1_A,1
1,train,3000,2719,5xcc_1_A,1
1,train,3000,2720,5hl8_1_B,1
1,train,3000,2721,4ida_1_A,1
1,train,3000,2722,4f8t_1_A,1
1,train,3000,2723,1u69_1_D,1
1,train,3000,2724,3tpa_1_A,1
1,train,3000,2725,3ssm_1_B,1
1,train,3000,2726,5dyq_1_A,1
1,train,3000,2727,5szb_1_A,1
1,train,3000,2728,4dz1_1_A,1
1,train,3000,2729,1ikn_1_C,1
1,train,3000,2730,3jtn_1_A,1
1,train,3000,2731,3ec3_1_A,1
1,train,3000,2732,3l51_1_B,1
1,train,3000,2733,5mux_1_A,1
1,train,3000,2734,3do8_1_B,1
1,train,3000,2735,1v4a_1_A,1
1,train,3000,2736,2d00_1_A,1
1,train,3000,2737,4bi3_1_A,1
1,train,3000,2738,3x0d_1_A,1
1,train,3000,2739,5tow_1_C,1
1,train,3000,2740,3bzw_1_F,1
1,train,3000,2741,4axi_1_A,1
1,train,3000,2742,3l6v_1_A,1
1,train,3000,2743,5crw_1_A,1
1,train,3000,2744,2zcw_1_B,1
1,train,3000,2745,3bqx_1_B,1
1,train,3000,2746,3ne8_1_B,1
1,train,3000,2747,1yba_1_A,1
1,train,3000,2748,5v45_1_A,1
1,train,3000,2749,1sgc_1_A,1
1,train,3000,2750,1who_1_A,1
1,train,3000,2751,3e9u_1_A,1
1,train,3000,2752,5fav_1_B,1
1,train,3000,2753,1wxo_1_A,1
1,train,3000,2754,4ecg_1_A,1
1,train,3000,2755,3hvq_1_C,1
1,train,3000,2756,3vst_1_A,1
1,train,3000,2757,5y9w_1_B,1
1,train,3000,2758,3grz_1_A,1
1,train,3000,2759,3gix_1_A,1
1,train,3000,2760,4la5_1_A,1
1,train,3000,2761,2bbd_1_A,1
1,train,3000,2762,3oir_1_A,1
1,train,3000,2763,3fh1_1_B,1
1,train,3000,2764,4omf_1_D,1
1,train,3000,2765,4yx1_1_B,1
1,train,3000,2766,2aeg_1_A,1
1,train,3000,2767,1ee6_1_A,1
1,train,3000,2768,1qmg_1_A,1
1,train,3000,2769,3h9w_1_B,1
1,train,3000,2770,3ly1_1_B,1
1,train,3000,2771,3sp8_1_A,1
1,train,3000,2772,3vty_1_A,1
1,train,3000,2773,5hon_1_A,1
1,train,3000,2774,2o7q_1_A,1
1,train,3000,2775,3vmo_1_A,1
1,train,3000,2776,3fyn_1_B,1
1,train,3000,2777,6au8_1_A,1
1,train,3000,2778,3tas_1_B,1
1,train,3000,2779,2jgp_1_A,1
1,train,3000,2780,4p98_1_A,1
1,train,3000,2781,3rv0_1_B,1
1,train,3000,2782,5x4l_1_B,1
1,train,3000,2783,3b48_1_A,1
1,train,3000,2784,1no3_1_A,1
1,train,3000,2785,5bmp_1_A,1
1,train,3000,2786,2prx_1_B,1
1,train,3000,2787,1wa5_1_C,1
1,train,3000,2788,5e31_1_A,1
1,train,3000,2789,6bxn_1_A,1
1,train,3000,2790,5kwr_1_A,1
1,train,3000,2791,2nrj_1_A,1
1,train,3000,2792,3csb_1_A,1
1,train,3000,2793,5vip_1_A,1
1,train,3000,2794,4aqr_1_C,1
1,train,3000,2795,5lda_1_A,1
1,train,3000,2796,2j3w_1_C,1
1,train,3000,2797,5olu_1_A,1
1,train,3000,2798,3doo_1_A,1
1,train,3000,2799,3d8p_1_A,1
1,train,3000,2800,3mtj_1_D,1
1,train,3000,2801,4pxv_1_A,1
1,train,3000,2802,2dro_1_A,1
1,train,3000,2803,1ae9_1_A,1
1,train,3000,2804,3cc2_1_Y,1
1,train,3000,2805,2qe9_1_B,1
1,train,3000,2806,3cc2_1_R,1
1,train,3000,2807,5ae6_1_B,1
1,train,3000,2808,3vib_1_A,1
1,train,3000,2809,2w2m_1_B,1
1,train,3000,2810,6bus_1_A,1
1,train,3000,2811,1wu7_1_B,1
1,train,3000,2812,3wql_1_A,1
1,train,3000,2813,2xw7_1_B,1
1,train,3000,2814,2fmu_1_A,1
1,train,3000,2815,4l1d_1_A,1
1,train,3000,2816,4abm_1_B,1
1,train,3000,2817,3g40_1_B,1
1,train,3000,2818,5ggf_1_A,1
1,train,3000,2819,3df8_1_B,1
1,train,3000,2820,2qh5_1_A,1
1,train,3000,2821,1pno_1_A,1
1,train,3000,2822,4q1h_1_A,1
1,train,3000,2823,6b9r_1_B,1
1,train,3000,2824,2qnk_1_A,1
1,train,3000,2825,2ef7_1_A,1
1,train,3000,2826,3m1g_1_B,1
1,train,3000,2827,2yvl_1_A,1
1,train,3000,2828,3f14_1_B,1
1,train,3000,2829,4ynu_1_A,1
1,train,3000,2830,2hsn_1_B,1
1,train,3000,2831,5nus_1_A,1
1,train,3000,2832,4n06_1_B,1
1,train,3000,2833,3in9_1_A,1
1,train,3000,2834,5lhk_1_A,1
1,train,3000,2835,3obk_1_A,1
1,train,3000,2836,1uha_1_A,1
1,train,3000,2837,1ui5_1_A,1
1,train,3000,2838,4mgs_1_A,1
1,train,3000,2839,1rrx_1_A,1
1,train,3000,2840,3mvc_1_A,1
1,train,3000,2841,2ns6_1_A,1
1,train,3000,2842,1isu_1_B,1
1,train,3000,2843,2xgv_1_A,1
1,train,3000,2844,1t3b_1_B,1
1,train,3000,2845,4qma_1_A,1
1,train,3000,2846,4m95_1_A,1
1,train,3000,2847,2atw_1_A,1
1,train,3000,2848,5by7_1_B,1
1,train,3000,2849,1i7s_1_C,1
1,train,3000,2850,2q3l_1_B,1
1,train,3000,2851,4ye5_1_A,1
1,train,3000,2852,4ovx_1_A,1
1,train,3000,2853,2o8q_1_A,1
1,train,3000,2854,3zwh_1_C,1
1,train,3000,2855,4pkd_1_A,1
1,train,3000,2856,2d68_1_A,1
1,train,3000,2857,3gqe_1_A,1
1,train,3000,2858,5w7c_1_A,1
1,train,3000,2859,4j5t_1_A,1
1,train,3000,2860,1e1z_1_A,1
1,train,3000,2861,1ux6_1_A,1
1,train,3000,2862,1o82_1_A,1
1,train,3000,2863,5sxh_1_A,1
1,train,3000,2864,2yid_1_B,1
1,train,3000,2865,3cwv_1_A,1
1,train,3000,2866,6ax9_1_A,1
1,train,3000,2867,3oml_1_B,1
1,train,3000,2868,1gpp_1_A,1
1,train,3000,2869,3be4_1_A,1
1,train,3000,2870,5bp1_1_A,1
1,train,3000,2871,1m5q_1_H,1
1,train,3000,2872,2pif_1_A,1
1,train,3000,2873,5m3h_1_B,1
1,train,3000,2874,5ejq_1_A,1
1,train,3000,2875,3b85_1_A,1
1,train,3000,2876,3kew_1_A,1
1,train,3000,2877,6ey4_1_B,1
1,train,3000,2878,2fax_1_A,1
1,train,3000,2879,3huh_1_B,1
1,train,3000,2880,5ekz_1_A,1
1,train,3000,2881,3gg7_1_A,1
1,train,3000,2882,1y1o_1_A,1
1,train,3000,2883,2a0s_1_A,1
1,train,3000,2884,3p4l_1_A,1
1,train,3000,2885,4rs2_1_A,1
1,train,3000,2886,5h8c_1_A,1
1,train,3000,2887,1r44_1_A,1
1,train,3000,2888,2p1n_1_B,1
1,train,3000,2889,3v4y_1_B,1
1,train,3000,2890,5i4q_1_F,1
1,train,3000,2891,5mal_1_A,1
1,train,3000,2892,3o53_1_A,1
1,train,3000,2893,5g6t_1_A,1
1,train,3000,2894,4oge_1_A,1
1,train,3000,2895,1ax8_1_A,1
1,train,3000,2896,4wan_1_B,1
1,train,3000,2897,2izy_1_E,1
1,train,3000,2898,4f3l_1_B,1
1,train,3000,2899,2xqh_1_A,1
1,train,3000,2900,3ix1_1_B,1
1,train,3000,2901,4j7z_1_A,1
1,train,3000,2902,4z9d_1_A,1
1,train,3000,2903,4igl_1_B,1
1,train,3000,2904,2bo9_1_D,1
1,train,3000,2905,4hly_1_A,1
1,train,3000,2906,3d2w_1_B,1
1,train,3000,2907,3mkq_1_E,1
1,train,3000,2908,1y4h_1_A,1
1,train,3000,2909,1y6z_1_A,1
1,train,3000,2910,3ej3_1_C,1
1,train,3000,2911,3g5o_1_D,1
1,train,3000,2912,4g7x_1_B,1
1,train,3000,2913,4zoh_1_D,1
1,train,3000,2914,2g0w_1_A,1
1,train,3000,2915,5uni_1_B,1
1,train,3000,2916,2rkl_1_A,1
1,train,3000,2917,4ntc_1_B,1
1,train,3000,2918,2zfd_1_B,1
1,train,3000,2919,6b3x_1_A,1
1,train,3000,2920,4k3u_1_A,1
1,train,3000,2921,4u9u_1_A,1
1,train,3000,2922,1ey2_1_A,1
1,train,3000,2923,5l2v_1_A,1
1,train,3000,2924,3v4g_1_A,1
1,train,3000,2925,4l8o_1_A,1
1,train,3000,2926,3slu_1_A,1
1,train,3000,2927,5vu3_1_B,1
1,train,3000,2928,8cho_1_A,1
1,train,3000,2929,4lpl_1_A,1
1,train,3000,2930,3gz1_1_A,1
1,train,3000,2931,5lxu_1_A,1
1,train,3000,2932,4pkh_1_B,1
1,train,3000,2933,3w8z_1_B,1
1,train,3000,2934,4c89_1_B,1
1,train,3000,2935,3kw2_1_B,1
1,train,3000,2936,1l8r_1_A,1
1,train,3000,2937,4q7q_1_A,1
1,train,3000,2938,4tvi_1_B,1
1,train,3000,2939,4mnn_1_A,1
1,train,3000,2940,3uid_1_A,1
1,train,3000,2941,1us8_1_A,1
1,train,3000,2942,3fkj_1_B,1
1,train,3000,2943,3f6a_1_B,1
1,train,3000,2944,2ph5_1_B,1
1,train,3000,2945,1ve4_1_A,1
1,train,3000,2946,1i7w_1_B,1
1,train,3000,2947,4umg_1_A,1
1,train,3000,2948,5mln_1_A,1
1,train,3000,2949,3ngw_1_A,1
1,train,3000,2950,2dc0_1_B,1
1,train,3000,2951,5szh_1_A,1
1,train,3000,2952,3b6z_1_A,1
1,train,3000,2953,2pcs_1_A,1
1,train,3000,2954,3bjd_1_A,1
1,train,3000,2955,5gu7_1_A,1
1,train,3000,2956,1lpb_1_A,1
1,train,3000,2957,3ed4_1_A,1
1,train,3000,2958,4hrt_1_B,1
1,train,3000,2959,3ccy_1_B,1
1,train,3000,2960,3uit_1_A,1
1,train,3000,2961,1wde_1_A,1
1,train,3000,2962,5c3u_1_A,1
1,train,3000,2963,4wu0_1_A,1
1,train,3000,2964,2j1d_1_B,1
1,train,3000,2965,4qtt_1_B,1
1,train,3000,2966,2pk7_1_B,1
1,train,3000,2967,3hug_1_C,1
1,train,3000,2968,1mc1_1_A,1
1,train,3000,2969,3qwg_1_A,1
1,train,3000,2970,2axe_1_A,1
1,train,3000,2971,4ffg_1_A,1
1,train,3000,2972,4mi5_1_A,1
1,train,3000,2973,4nf6_1_A,1
1,train,3000,2974,4m3l_1_A,1
1,train,3000,2975,3zmd_1_B,1
1,train,3000,2976,1gqo_1_B,1
1,train,3000,2977,3oov_1_B,1
1,train,3000,2978,5oo7_1_B,1
1,train,3000,2979,3i5q_1_A,1
1,train,3000,2980,3jui_1_A,1
1,train,3000,2981,2pn2_1_B,1
1,train,3000,2982,3chl_1_A,1
1,train,3000,2983,4a0e_1_A,1
1,train,3000,2984,4ghc_1_C,1
1,train,3000,2985,2c2i_1_B,1
1,train,3000,2986,3ljk_1_A,1
1,train,3000,2987,1ho1_1_A,1
1,train,3000,2988,6bo0_1_A,1
1,train,3000,2989,3agx_1_B,1
1,train,3000,2990,4omf_1_F,1
1,train,3000,2991,1vkh_1_B,1
1,train,3000,2992,2d5v_1_A,1
1,train,3000,2993,2y8y_1_A,1
1,train,3000,2994,4qft_1_A,1
1,train,3000,2995,1v8d_1_A,1
1,train,3000,2996,4b6x_1_A,1
1,train,3000,2997,3gdb_1_A,1
1,train,3000,2998,4o7j_1_A,1
1,train,3000,2999,3a27_1_A,1
2,valid,,0,4i0x_1_B,1
2,valid,,1,4hpl_1_A,1
2,valid,,2,4h9n_1_C,1
2,valid,,3,3gsl_1_A,1
2,valid,,4,5buq_1_A,1
2,valid,,5,3ey1_1_A,1
2,valid,,6,2x7h_1_A,1
2,valid,,7,1l5p_1_A,1
2,valid,,8,3orj_1_A,1
2,valid,,9,5caj_1_A,1
2,valid,,10,1vmo_1_A,1
2,valid,,11,4be3_1_B,1
2,valid,,12,4u1e_1_B,1
2,valid,,13,3ilv_1_A,1
2,valid,,14,4mbo_1_A,1
2,valid,,15,5xiu_1_A,1
2,valid,,16,6cey_1_A,1
2,valid,,17,5le5_1_M,1
2,valid,,18,4htf_1_A,1
2,valid,,19,3qsz_1_A,1
2,valid,,20,3oaj_1_A,1
2,valid,,21,1jmm_1_A,1
2,valid,,22,1eys_1_B,1
2,valid,,23,3dj9_1_A,1
2,valid,,24,1rym_1_A,1
2,valid,,25,3be5_1_A,1
2,valid,,26,4fbd_1_B,1
2,valid,,27,3in9_1_A,1
2,valid,,28,3viq_1_A,1
2,valid,,29,4o7g_1_B,1
2,valid,,30,5b5e_1_A,1
2,valid,,31,5e76_1_A,1
2,valid,,32,4glj_1_A,1
2,valid,,33,3nb0_1_A,1
2,valid,,34,4jif_1_A,1
2,valid,,35,5b47_1_A,1
2,valid,,36,2fjb_1_A,1
2,valid,,37,3fk8_1_A,1
2,valid,,38,5fma_1_A,1
2,valid,,39,3o7h_1_A,1
2,valid,,40,6es4_1_B,1
2,valid,,41,5vji_1_C,1
2,valid,,42,1oae_1_A,1
2,valid,,43,4yl7_1_A,1
2,valid,,44,3myf_1_B,1
2,valid,,45,3drz_1_E,1
2,valid,,46,5b0p_1_B,1
2,valid,,47,4wxa_1_A,1
2,valid,,48,1boz_1_A,1
2,valid,,49,2ffg_1_B,1
2,valid,,50,3zl8_1_A,1
2,valid,,51,3tg9_1_A,1
2,valid,,52,5lsw_1_A,1
2,valid,,53,2phn_1_B,1
2,valid,,54,5i7n_1_B,1
2,valid,,55,3okq_1_B,1
2,valid,,56,5fn8_1_B,1
2,valid,,57,5bul_1_A,1
2,valid,,58,4gft_1_A,1
2,valid,,59,5u4q_1_B,1
2,valid,,60,4bfk_1_B,1
2,valid,,61,1fs0_1_B,1
2,valid,,62,3l8d_1_B,1
2,valid,,63,2apl_1_A,1
2,valid,,64,3lhh_1_A,1
2,valid,,65,2wsu_1_A,1
2,valid,,66,4o6m_1_A,1
2,valid,,67,2wlc_1_A,1
2,valid,,68,5fcc_1_A,1
2,valid,,69,1v6v_1_B,1
2,valid,,70,3qfe_1_A,1
2,valid,,71,1zps_1_A,1
2,valid,,72,1lzw_1_B,1
2,valid,,73,1t0j_1_A,1
2,valid,,74,2dzd_1_A,1
2,valid,,75,2p0o_1_A,1
2,valid,,76,2gb3_1_A,1
2,valid,,77,1w9c_1_B,1
2,valid,,78,5ua0_1_B,1
2,valid,,79,5bxg_1_A,1
2,valid,,80,2gv8_1_A,1
2,valid,,81,2f9i_1_C,1
2,valid,,82,1xg7_1_B,1
2,valid,,83,5ti9_1_A,1
2,valid,,84,3bm2_1_A,1
2,valid,,85,4v33_1_A,1
2,valid,,86,4r8o_1_A,1
2,valid,,87,5lj8_1_A,1
2,valid,,88,4g68_1_A,1
2,valid,,89,3ub1_1_A,1
2,valid,,90,5k8j_1_A,1
2,valid,,91,3hzp_1_B,1
2,valid,,92,3gq7_1_A,1
2,valid,,93,3dxb_1_B,1
2,valid,,94,5ho3_1_A,1
2,valid,,95,2p1m_1_A,1
2,valid,,96,2o30_1_B,1
2,valid,,97,4jn8_1_A,1
2,valid,,98,1ps9_1_A,1
2,valid,,99,2i5h_1_A,1
2,test_cameo,,0,3isa_1_D,1
2,test_cameo,,1,5cxb_1_B,1
2,test_cameo,,2,3imh_1_A,1
2,test_cameo,,3,1wou_1_A,1
2,test_cameo,,4,4zbo_1_B,1
2,test_cameo,,5,5k17_1_A,1
2,test_cameo,,6,1v6t_1_A,1
2,test_cameo,,7,4o38_1_B,1
2,test_cameo,,8,4z7e_1_A,1
2,test_cameo,,9,4u1q_1_B,1
2,test_cameo,,10,1r88_1_A,1
2,test_cameo,,11,1hqz_1_A,1
2,test_cameo,,12,5e72_1_A,1
2,test_cameo,,13,1v2x_1_B,1
2,test_cameo,,14,4jrb_1_A,1
2,test_cameo,,15,2v3b_1_A,1
2,test_cameo,,16,2frh_1_B,1
2,test_cameo,,17,2bky_1_A,1
2,test_cameo,,18,4fdt_1_A,1
2,test_cameo,,19,3ohr_1_B,1
2,test_cameo,,20,5tgn_1_A,1
2,test_cameo,,21,2rar_1_A,1
2,test_cameo,,22,2ib0_1_B,1
2,test_cameo,,23,3mq2_1_A,1
2,test_cameo,,24,6f1s_1_A,1
2,test_cameo,,25,1kfr_1_A,1
2,test_cameo,,26,5kjt_1_A,1
2,test_cameo,,27,2pwy_1_A,1
2,test_cameo,,28,3rtl_1_A,1
2,test_cameo,,29,1dqg_1_A,1
2,test_cameo,,30,5je1_1_A,1
2,test_cameo,,31,1ym5_1_B,1
2,test_cameo,,32,3mlg_1_A,1
2,test_cameo,,33,1d0q_1_B,1
2,test_cameo,,34,5cml_1_A,1
2,test_cameo,,35,4m0n_1_A,1
2,test_cameo,,36,4x6g_1_C,1
2,test_cameo,,37,1jql_1_B,1
2,test_cameo,,38,4g23_1_A,1
2,test_cameo,,39,2b1e_1_A,1
2,test_cameo,,40,1xfs_1_B,1
2,test_cameo,,41,4uac_1_A,1
2,test_cameo,,42,3bhd_1_A,1
2,test_cameo,,43,5mbx_1_A,1
2,test_cameo,,44,2r2o_1_A,1
2,test_cameo,,45,3cc2_1_F,1
2,test_cameo,,46,5uni_1_B,1
2,test_cameo,,47,4zrj_1_A,1
2,test_cameo,,48,2w3p_1_A,1
2,test_cameo,,49,3db2_1_B,1
2,test_cameo,,50,5c1f_1_B,1
2,test_cameo,,51,5le5_1_I,1
2,test_cameo,,52,2hyj_1_B,1
2,test_cameo,,53,4fw1_1_A,1
2,test_cameo,,54,3a11_1_E,1
2,test_cameo,,55,3w8q_1_A,1
2,test_cameo,,56,2j59_1_B,1
2,test_cameo,,57,3d6r_1_B,1
2,test_cameo,,58,1vyg_1_A,1
2,test_cameo,,59,2z01_1_A,1
2,test_cameo,,60,4d96_1_A,1
2,test_cameo,,61,1rq5_1_A,1
2,test_cameo,,62,3d89_1_A,1
2,test_cameo,,63,5jjr_1_A,1
2,test_cameo,,64,2a1k_1_A,1
2,test_cameo,,65,1wuu_1_A,1
2,test_cameo,,66,5w78_1_B,1
2,test_cameo,,67,4r8f_1_A,1
2,test_cameo,,68,4hn7_1_B,1
2,test_cameo,,69,1eb0_1_A,1
2,test_cameo,,70,1aw7_1_A,1
2,test_cameo,,71,2xf5_1_B,1
2,test_cameo,,72,4alp_1_E,1
2,test_cameo,,73,5htf_1_B,1
2,test_cameo,,74,4d7c_1_A,1
2,test_cameo,,75,4ecd_1_D,1
2,test_cameo,,76,2fpn_1_B,1
2,test_cameo,,77,1zhv_1_A,1
2,test_cameo,,78,3if0_1_B,1
2,test_cameo,,79,4cvn_1_B,1
2,test_cameo,,80,6g35_1_A,1
2,test_cameo,,81,3hug_1_D,1
2,test_cameo,,82,5hax_1_A,1
2,test_cameo,,83,4m35_1_A,1
2,test_cameo,,84,5hnv_1_A,1
2,test_cameo,,85,2gpe_1_A,1
2,test_cameo,,86,2qdj_1_A,1
2,test_cameo,,87,2re3_1_A,1
2,test_cameo,,88,2e2o_1_A,1
2,test_cameo,,89,2hp7_1_A,1
2,test_cameo,,90,2fbh_1_B,1
2,test_cameo,,91,3g3p_1_A,1
2,test_cameo,,92,3l6v_1_A,1
2,test_cameo,,93,2h8l_1_A,1
2,test_cameo,,94,2qko_1_A,1
2,test_cameo,,95,2odk_1_B,1
2,test_cameo,,96,3qdh_1_A,1
2,test_cameo,,97,3clw_1_A,1
2,test_cameo,,98,5jcd_1_A,1
2,test_cameo,,99,1dek_1_B,1
2,train,500,0,3slr_1_A,1
2,train,500,1,2p5i_1_A,1
2,train,500,2,1l5j_1_A,1
2,train,500,3,1eca_1_A,1
2,train,500,4,2wns_1_A,1
2,train,500,5,3f2i_1_A,1
2,train,500,6,3quf_1_A,1
2,train,500,7,3nyr_1_A,1
2,train,500,8,2bo3_1_A,1
2,train,500,9,4e1y_1_A,1
2,train,500,10,4rl4_1_B,1
2,train,500,11,2pr8_1_A,1
2,train,500,12,4ir8_1_A,1
2,train,500,13,5vym_1_A,1
2,train,500,14,3p04_1_B,1
2,train,500,15,4hn9_1_A,1
2,train,500,16,4kt3_1_A,1
2,train,500,17,3pf0_1_A,1
2,train,500,18,4dsy_1_B,1
2,train,500,19,3bpq_1_A,1
2,train,500,20,3lrp_1_A,1
2,train,500,21,3nh5_1_A,1
2,train,500,22,2i9w_1_A,1
2,train,500,23,2vut_1_B,1
2,train,500,24,1bg6_1_B,1
2,train,500,25,4zkd_1_A,1
2,train,500,26,2fb6_1_A,1
2,train,500,27,2wgb_1_A,1
2,train,500,28,3tlq_1_A,1
2,train,500,29,5bv2_1_B,1
2,train,500,30,2zfn_1_A,1
2,train,500,31,2ia7_1_A,1
2,train,500,32,3jtn_1_A,1
2,train,500,33,5n3u_1_C,1
2,train,500,34,2ipq_1_A,1
2,train,500,35,1sw6_1_B,1
2,train,500,36,3p3v_1_A,1
2,train,500,37,2dx7_1_A,1
2,train,500,38,4cob_1_B,1
2,train,500,39,5gzu_1_A,1
2,train,500,40,4io7_1_B,1
2,train,500,41,5c0p_1_A,1
2,train,500,42,3mdi_1_B,1
2,train,500,43,3nre_1_A,1
2,train,500,44,1j3m_1_B,1
2,train,500,45,3lkt_1_A,1
2,train,500,46,4rmx_1_A,1
2,train,500,47,4yv3_1_C,1
2,train,500,48,5uvd_1_A,1
2,train,500,49,2pge_1_A,1
2,train,500,50,5t59_1_B,1
2,train,500,51,5jqk_1_A,1
2,train,500,52,3l51_1_B,1
2,train,500,53,1fwk_1_A,1
2,train,500,54,5d2e_1_A,1
2,train,500,55,4u7x_1_A,1
2,train,500,56,3azp_1_A,1
2,train,500,57,1z82_1_B,1
2,train,500,58,3hut_1_A,1
2,train,500,59,1ga1_1_A,1
2,train,500,60,1irj_1_B,1
2,train,500,61,3u12_1_A,1
2,train,500,62,3v4g_1_A,1
2,train,500,63,3cwc_1_A,1
2,train,500,64,4dqa_1_A,1
2,train,500,65,4gs7_1_B,1
2,train,500,66,2nnn_1_B,1
2,train,500,67,3rhe_1_A,1
2,train,500,68,4i61_1_A,1
2,train,500,69,4i8o_1_A,1
2,train,500,70,4xr9_1_B,1
2,train,500,71,3o1k_1_B,1
2,train,500,72,3lki_1_B,1
2,train,500,73,3pxp_1_A,1
2,train,500,74,3ud2_1_A,1
2,train,500,75,5jbl_1_C,1
2,train,500,76,5t5b_1_A,1
2,train,500,77,3pnn_1_A,1
2,train,500,78,4alz_1_A,1
2,train,500,79,5tvf_1_C,1
2,train,500,80,6co9_1_A,1
2,train,500,81,4lhd_1_A,1
2,train,500,82,1pzd_1_A,1
2,train,500,83,3abk_1_H,1
2,train,500,84,5hzd_1_A,1
2,train,500,85,2d7v_1_B,1
2,train,500,86,5tz7_1_A,1
2,train,500,87,2gau_1_B,1
2,train,500,88,1lof_1_D,1
2,train,500,89,1bia_1_A,1
2,train,500,90,4mo0_1_A,1
2,train,500,91,5mix_1_A,1
2,train,500,92,3grz_1_A,1
2,train,500,93,4d8b_1_A,1
2,train,500,94,2uuu_1_A,1
2,train,500,95,1v4a_1_A,1
2,train,500,96,1q67_1_A,1
2,train,500,97,4nw4_1_A,1
2,train,500,98,3chm_1_A,1
2,train,500,99,3djd_1_A,1
2,train,500,100,5k2m_1_A,1
2,train,500,101,3vnl_1_A,1
2,train,500,102,5g4a_1_A,1
2,train,500,103,5wwe_1_A,1
2,train,500,104,3r3t_1_A,1
2,train,500,105,2qgq_1_A,1
2,train,500,106,1woc_1_C,1
2,train,500,107,3ict_1_A,1
2,train,500,108,5kta_1_A,1
2,train,500,109,2fq1_1_B,1
2,train,500,110,3cxk_1_A,1
2,train,500,111,1a6q_1_A,1
2,train,500,112,4b8x_1_B,1
2,train,500,113,4u4w_1_A,1
2,train,500,114,5oi7_1_B,1
2,train,500,115,1vkj_1_A,1
2,train,500,116,3icl_1_A,1
2,train,500,117,2hkx_1_A,1
2,train,500,118,1uad_1_B,1
2,train,500,119,2fyc_1_A,1
2,train,500,120,4zqk_1_B,1
2,train,500,121,3hmz_1_B,1
2,train,500,122,2r39_1_A,1
2,train,500,123,4dgk_1_A,1
2,train,500,124,4o65_1_A,1
2,train,500,125,4fai_1_A,1
2,train,500,126,3nbc_1_A,1
2,train,500,127,5cuo_1_B,1
2,train,500,128,3zwf_1_B,1
2,train,500,129,3gjy_1_A,1
2,train,500,130,3nqz_1_A,1
2,train,500,131,3a7o_1_B,1
2,train,500,132,3wvr_1_A,1
2,train,500,133,1b25_1_A,1
2,train,500,134,2zbw_1_A,1
2,train,500,135,4heh_1_B,1
2,train,500,136,3zhi_1_A,1
2,train,500,137,1h54_1_A,1
2,train,500,138,5me4_1_A,1
2,train,500,139,1us3_1_A,1
2,train,500,140,3nct_1_A,1
2,train,500,141,1skz_1_B,1
2,train,500,142,5mq6_1_A,1
2,train,500,143,5kku_1_A,1
2,train,500,144,1cun_1_A,1
2,train,500,145,4g4s_1_e,1
2,train,500,146,1gy7_1_B,1
2,train,500,147,1wg8_1_A,1
2,train,500,148,3e0x_1_A,1
2,train,500,149,1htr_1_D,1
2,train,500,150,5mx1_1_A,1
2,train,500,151,4bq3_1_A,1
2,train,500,152,3g40_1_B,1
2,train,500,153,2f7v_1_A,1
2,train,500,154,2vlg_1_A,1
2,train,500,155,1or7_1_B,1
2,train,500,156,4rgu_1_B,1
2,train,500,157,3es1_1_B,1
2,train,500,158,3smd_1_A,1
2,train,500,159,3gg2_1_A,1
2,train,500,160,2es9_1_A,1
2,train,500,161,3aei_1_A,1
2,train,500,162,2pbi_1_A,1
2,train,500,163,1b94_1_A,1
2,train,500,164,3bcy_1_A,1
2,train,500,165,1y4h_1_A,1
2,train,500,166,3w0f_1_A,1
2,train,500,167,3d1c_1_B,1
2,train,500,168,4nn5_1_C,1
2,train,500,169,3alr_1_A,1
2,train,500,170,3bn7_1_B,1
2,train,500,171,3e61_1_C,1
2,train,500,172,4i0w_1_A,1
2,train,500,173,4r12_1_A,1
2,train,500,174,5i99_1_A,1
2,train,500,175,5l74_1_A,1
2,train,500,176,1vg0_1_A,1
2,train,500,177,1xkf_1_B,1
2,train,500,178,5o19_1_B,1
2,train,500,179,4ly4_1_A,1
2,train,500,180,2yyv_1_B,1
2,train,500,181,2pkh_1_B,1
2,train,500,182,5of9_1_A,1
2,train,500,183,2ywe_1_A,1
2,train,500,184,1h2e_1_A,1
2,train,500,185,2o97_1_A,1
2,train,500,186,5lw0_1_A,1
2,train,500,187,4dou_1_A,1
2,train,500,188,3ju8_1_B,1
2,train,500,189,4h1x_1_A,1
2,train,500,190,2io9_1_A,1
2,train,500,191,4ay9_1_C,1
2,train,500,192,2o6c_1_A,1
2,train,500,193,3op7_1_A,1
2,train,500,194,6cn7_1_B,1
2,train,500,195,1oxb_1_B,1
2,train,500,196,2olw_1_A,1
2,train,500,197,2zo4_1_A,1
2,train,500,198,5gwx_1_A,1
2,train,500,199,3cc2_1_Y,1
2,train,500,200,2ywn_1_A,1
2,train,500,201,3g3s_1_B,1
2,train,500,202,1vku_1_A,1
2,train,500,203,2op5_1_B,1
2,train,500,204,2ejx_1_A,1
2,train,500,205,1qhh_1_A,1
2,train,500,206,5vvw_1_A,1
2,train,500,207,5eqn_1_B,1
2,train,500,208,2vrw_1_B,1
2,train,500,209,3ahm_1_A,1
2,train,500,210,3qvg_1_B,1
2,train,500,211,1nv9_1_A,1
2,train,500,212,3e0f_1_A,1
2,train,500,213,4e2a_1_A,1
2,train,500,214,3vk0_1_B,1
2,train,500,215,4d2w_1_A,1
2,train,500,216,4hgu_1_A,1
2,train,500,217,2jam_1_A,1
2,train,500,218,1v30_1_A,1
2,train,500,219,2reu_1_A,1
2,train,500,220,1np0_1_E,1
2,train,500,221,1qc7_1_B,1
2,train,500,222,3t9o_1_A,1
2,train,500,223,2evu_1_A,1
2,train,500,224,4v1t_1_A,1
2,train,500,225,2z15_1_A,1
2,train,500,226,2pf6_1_A,1
2,train,500,227,6gap_1_C,1
2,train,500,228,4uds_1_B,1
2,train,500,229,2gj3_1_B,1
2,train,500,230,5cyy_1_A,1
2,train,500,231,2pby_1_D,1
2,train,500,232,5lxu_1_A,1
2,train,500,233,2fiw_1_A,1
2,train,500,234,5nxk_1_A,1
2,train,500,235,3s98_1_A,1
2,train,500,236,5syb_1_A,1
2,train,500,237,2a2f_1_A,1
2,train,500,238,2vqe_1_F,1
2,train,500,239,1rie_1_A,1
2,train,500,240,5gut_1_A,1
2,train,500,241,3zxj_1_A,1
2,train,500,242,2kin_1_A,1
2,train,500,243,3bks_1_A,1
2,train,500,244,3cjw_1_B,1
2,train,500,245,3zsf_1_A,1
2,train,500,246,5bz0_1_A,1
2,train,500,247,1vpl_1_B,1
2,train,500,248,4o3x_1_A,1
2,train,500,249,1kuh_1_A,1
2,train,500,250,2awn_1_A,1
2,train,500,251,1k6y_1_B,1
2,train,500,252,4w64_1_A,1
2,train,500,253,4nl0_1_A,1
2,train,500,254,1nzj_1_A,1
2,train,500,255,3tt9_1_A,1
2,train,500,256,5wx4_1_A,1
2,train,500,257,3bgt_1_D,1
2,train,500,258,2wzv_1_B,1
2,train,500,259,1eok_1_A,1
2,train,500,260,1b0n_1_A,1
2,train,500,261,3go6_1_A,1
2,train,500,262,3bdq_1_B,1
2,train,500,263,3lfm_1_A,1
2,train,500,264,1jva_1_A,1
2,train,500,265,5cbn_1_A,1
2,train,500,266,4nsx_1_A,1
2,train,500,267,4ml9_1_B,1
2,train,500,268,1g12_1_A,1
2,train,500,269,2e0k_1_A,1
2,train,500,270,2a0j_1_A,1
2,train,500,271,1whi_1_B,1
2,train,500,272,3h6p_1_D,1
2,train,500,273,3t44_1_A,1
2,train,500,274,4a0p_1_A,1
2,train,500,275,3l8h_1_A,1
2,train,500,276,5dmm_1_A,1
2,train,500,277,5mr9_1_B,1
2,train,500,278,3g98_1_A,1
2,train,500,279,5l37_1_A,1
2,train,500,280,5n2b_1_B,1
2,train,500,281,2q9q_1_B,1
2,train,500,282,3oe3_1_A,1
2,train,500,283,4nvq_1_B,1
2,train,500,284,3b9j_1_C,1
2,train,500,285,4xcb_1_A,1
2,train,500,286,5evh_1_B,1
2,train,500,287,1aoa_1_A,1
2,train,500,288,3cne_1_B,1
2,train,500,289,4yle_1_A,1
2,train,500,290,4hrt_1_B,1
2,train,500,291,5hzr_1_A,1
2,train,500,292,2bib_1_A,1
2,train,500,293,2qrd_1_A,1
2,train,500,294,3dp5_1_A,1
2,train,500,295,2whk_1_A,1
2,train,500,296,3k57_1_A,1
2,train,500,297,1mow_1_A,1
2,train,500,298,2oiv_1_A,1
2,train,500,299,2rcd_1_B,1
2,train,500,300,3b5e_1_A,1
2,train,500,301,4w8g_1_A,1
2,train,500,302,2vxb_1_B,1
2,train,500,303,3lx7_1_B,1
2,train,500,304,1gth_1_A,1
2,train,500,305,3cc2_1_T,1
2,train,500,306,4k4i_1_A,1
2,train,500,307,4lws_1_A,1
2,train,500,308,3m33_1_A,1
2,train,500,309,3ork_1_A,1
2,train,500,310,4ct3_1_A,1
2,train,500,311,3cec_1_A,1
2,train,500,312,3u3d_1_A,1
2,train,500,313,6eoo_1_A,1
2,train,500,314,4k28_1_A,1
2,train,500,315,2hk3_1_B,1
2,train,500,316,5ed9_1_B,1
2,train,500,317,4nj4_1_A,1
2,train,500,318,3htm_1_B,1
2,train,500,319,2rk0_1_B,1
2,train,500,320,4xxi_1_B,1
2,train,500,321,2ji5_1_A,1
2,train,500,322,3iqe_1_A,1
2,train,500,323,5odc_1_B,1
2,train,500,324,1inp_1_A,1
2,train,500,325,2j0w_1_B,1
2,train,500,326,2c7w_1_B,1
2,train,500,327,2nr4_1_B,1
2,train,500,328,1az5_1_B,1
2,train,500,329,4rnw_1_A,1
2,train,500,330,2z7b_1_A,1
2,train,500,331,4qwn_1_A,1
2,train,500,332,1dy2_1_A,1
2,train,500,333,4wca_1_A,1
2,train,500,334,4xwj_1_A,1
2,train,500,335,2r7h_1_A,1
2,train,500,336,3hr6_1_A,1
2,train,500,337,4l8i_1_A,1
2,train,500,338,2fwt_1_A,1
2,train,500,339,3nzt_1_A,1
2,train,500,340,3cc2_1_Z,1
2,train,500,341,1vlm_1_A,1
2,train,500,342,5guf_1_B,1
2,train,500,343,2yms_1_B,1
2,train,500,344,2wq9_1_A,1
2,train,500,345,3pqh_1_A,1
2,train,500,346,4l9d_1_A,1
2,train,500,347,1jb0_1_I,1
2,train,500,348,5d9y_1_A,1
2,train,500,349,5ov9_1_A,1
2,train,500,350,3b73_1_A,1
2,train,500,351,1u7k_1_A,1
2,train,500,352,3c97_1_B,1
2,train,500,353,2wfb_1_A,1
2,train,500,354,3ow8_1_A,1
2,train,500,355,4zwu_1_A,1
2,train,500,356,1olt_1_A,1
2,train,500,357,2wtm_1_B,1
2,train,500,358,2pyx_1_A,1
2,train,500,359,3m1u_1_B,1
2,train,500,360,5juh_1_A,1
2,train,500,361,4n0v_1_B,1
2,train,500,362,4mup_1_A,1
2,train,500,363,1yht_1_A,1
2,train,500,364,3myr_1_B,1
2,train,500,365,2aer_1_C,1
2,train,500,366,2gvm_1_A,1
2,train,500,367,4fyc_1_A,1
2,train,500,368,1lwj_1_B,1
2,train,500,369,1oru_1_B,1
2,train,500,370,4zv0_1_A,1
2,train,500,371,5h7y_1_A,1
2,train,500,372,5vgt_1_A,1
2,train,500,373,2vqe_1_M,1
2,train,500,374,4fbl_1_A,1
2,train,500,375,1pz8_1_A,1
2,train,500,376,5bmp_1_A,1
2,train,500,377,4y6c_1_A,1
2,train,500,378,2hlr_1_A,1
2,train,500,379,2bvf_1_A,1
2,train,500,380,3lhr_1_A,1
2,train,500,381,4l0p_1_A,1
2,train,500,382,4ay9_1_A,1
2,train,500,383,4awd_1_A,1
2,train,500,384,3mpb_1_B,1
2,train,500,385,1zv8_1_A,1
2,train,500,386,3rmp_1_B,1
2,train,500,387,4f54_1_A,1
2,train,500,388,5m2p_1_A,1
2,train,500,389,3ke2_1_B,1
2,train,500,390,3cu2_1_A,1
2,train,500,391,4r5c_1_A,1
2,train,500,392,3hx9_1_A,1
2,train,500,393,4bsx_1_A,1
2,train,500,394,5fx0_1_A,1
2,train,500,395,1cy9_1_B,1
2,train,500,396,4khb_1_A,1
2,train,500,397,2yhc_1_A,1
2,train,500,398,5th5_1_B,1
2,train,500,399,3n6y_1_A,1
2,train,500,400,3w6b_1_A,1
2,train,500,401,5xbf_1_A,1
2,train,500,402,3jvo_1_G,1
2,train,500,403,4b93_1_A,1
2,train,500,404,3nbh_1_A,1
2,train,500,405,2h1e_1_B,1
2,train,500,406,1af6_1_A,1
2,train,500,407,3cet_1_A,1
2,train,500,408,2r6u_1_B,1
2,train,500,409,5cqf_1_A,1
2,train,500,410,3b8y_1_A,1
2,train,500,411,3knz_1_B,1
2,train,500,412,5fgw_1_A,1
2,train,500,413,4mob_1_A,1
2,train,500,414,1lb6_1_A,1
2,train,500,415,3gyk_1_A,1
2,train,500,416,4xpl_1_A,1
2,train,500,417,5ce1_1_A,1
2,train,500,418,5flw_1_A,1
2,train,500,419,3eee_1_A,1
2,train,500,420,2qgm_1_A,1
2,train,500,421,5mwk_1_A,0
2,train,500,422,4q5e_1_A,1
2,train,500,423,4a3n_1_B,1
2,train,500,424,5omb_1_B,1
2,train,500,425,1dbh_1_A,1
2,train,500,426,1eje_1_B,1
2,train,500,427,2c1y_1_A,1
2,train,500,428,2vq5_1_A,1
2,train,500,429,3k7b_1_A,1
2,train,500,430,3f4s_1_A,1
2,train,500,431,2yut_1_B,1
2,train,500,432,5h86_1_A,1
2,train,500,433,3bxe_1_B,1
2,train,500,434,5xfl_1_A,1
2,train,500,435,1gmn_1_B,1
2,train,500,436,5gub_1_A,1
2,train,500,437,1byf_1_A,1
2,train,500,438,4ztc_1_A,1
2,train,500,439,3u2g_1_A,1
2,train,500,440,2hsi_1_A,1
2,train,500,441,3a8y_1_B,1
2,train,500,442,4irf_1_A,1
2,train,500,443,4tkp_1_B,1
2,train,500,444,3kto_1_A,1
2,train,500,445,4ttw_1_B,1
2,train,500,446,3qwm_1_B,1
2,train,500,447,4fqe_1_A,1
2,train,500,448,4a8x_1_A,1
2,train,500,449,1bcg_1_A,1
2,train,500,450,5j4f_1_B,1
2,train,500,451,1urn_1_A,1
2,train,500,452,4gym_1_A,1
2,train,500,453,3g16_1_B,1
2,train,500,454,5e31_1_A,1
2,train,500,455,3hxt_1_A,1
2,train,500,456,3kh5_1_A,1
2,train,500,457,1h8a_1_A,1
2,train,500,458,4l8h_1_A,1
2,train,500,459,5o6b_1_B,1
2,train,500,460,3dou_1_A,1
2,train,500,461,4g2a_1_A,1
2,train,500,462,4e6h_1_B,1
2,train,500,463,3va9_1_A,1
2,train,500,464,3ege_1_A,1
2,train,500,465,3o0z_1_B,1
2,train,500,466,3hjr_1_A,1
2,train,500,467,1jid_1_A,1
2,train,500,468,5e3e_1_A,1
2,train,500,469,5iz5_1_A,1
2,train,500,470,5t2s_1_A,1
2,train,500,471,1n2z_1_A,1
2,train,500,472,4jcr_1_A,1
2,train,500,473,4ynx_1_A,1
2,train,500,474,3cc8_1_B,1
2,train,500,475,2nx0_1_A,1
2,train,500,476,3qd7_1_A,1
2,train,500,477,1gmu_1_A,1
2,train,500,478,2ovi_1_A,1
2,train,500,479,5hx0_1_B,1
2,train,500,480,5n7z_1_A,1
2,train,500,481,3na6_1_A,1
2,train,500,482,1u0t_1_C,1
2,train,500,483,3lqb_1_A,1
2,train,500,484,1q9s_1_A,1
2,train,500,485,2uvf_1_A,1
2,train,500,486,1xpp_1_D,1
2,train,500,487,1idu_1_A,1
2,train,500,488,4u6b_1_A,1
2,train,500,489,1yle_1_A,1
2,train,500,490,5gi4_1_A,1
2,train,500,491,3tte_1_A,1
2,train,500,492,5tw9_1_B,1
2,train,500,493,2it2_1_A,1
2,train,500,494,4qjv_1_A,1
2,train,500,495,5a6t_1_B,1
2,train,500,496,4nca_1_A,1
2,train,500,497,2ich_1_A,1
2,train,500,498,4jg5_1_A,1
2,train,500,499,4l3u_1_A,1
2,train,1500,0,3slr_1_A,1
2,train,1500,1,2p5i_1_A,1
2,train,1500,2,1l5j_1_A,1
2,train,1500,3,1eca_1_A,1
2,train,1500,4,2wns_1_A,1
2,train,1500,5,3f2i_1_A,1
2,train,1500,6,3quf_1_A,1
2,train,1500,7,3nyr_1_A,1
2,train,1500,8,2bo3_1_A,1
2,train,1500,9,4e1y_1_A,1
2,train,1500,10,4rl4_1_B,1
2,train,1500,11,2pr8_1_A,1
2,train,1500,12,4ir8_1_A,1
2,train,1500,13,5vym_1_A,1
2,train,1500,14,3p04_1_B,1
2,train,1500,15,4hn9_1_A,1
2,train,1500,16,4kt3_1_A,1
2,train,1500,17,3pf0_1_A,1
2,train,1500,18,4dsy_1_B,1
2,train,1500,19,3bpq_1_A,1
2,train,1500,20,3lrp_1_A,1
2,train,1500,21,3nh5_1_A,1
2,train,1500,22,2i9w_1_A,1
2,train,1500,23,2vut_1_B,1
2,train,1500,24,1bg6_1_B,1
2,train,1500,25,4zkd_1_A,1
2,train,1500,26,2fb6_1_A,1
2,train,1500,27,2wgb_1_A,1
2,train,1500,28,3tlq_1_A,1
2,train,1500,29,5bv2_1_B,1
2,train,1500,30,2zfn_1_A,1
2,train,1500,31,2ia7_1_A,1
2,train,1500,32,3jtn_1_A,1
2,train,1500,33,5n3u_1_C,1
2,train,1500,34,2ipq_1_A,1
2,train,1500,35,1sw6_1_B,1
2,train,1500,36,3p3v_1_A,1
2,train,1500,37,2dx7_1_A,1
2,train,1500,38,4cob_1_B,1
2,train,1500,39,5gzu_1_A,1
2,train,1500,40,4io7_1_B,1
2,train,1500,41,5c0p_1_A,1
2,train,1500,42,3mdi_1_B,1
2,train,1500,43,3nre_1_A,1
2,train,1500,44,1j3m_1_B,1
2,train,1500,45,3lkt_1_A,1
2,train,1500,46,4rmx_1_A,1
2,train,1500,47,4yv3_1_C,1
2,train,1500,48,5uvd_1_A,1
2,train,1500,49,2pge_1_A,1
2,train,1500,50,5t59_1_B,1
2,train,1500,51,5jqk_1_A,1
2,train,1500,52,3l51_1_B,1
2,train,1500,53,1fwk_1_A,1
2,train,1500,54,5d2e_1_A,1
2,train,1500,55,4u7x_1_A,1
2,train,1500,56,3azp_1_A,1
2,train,1500,57,1z82_1_B,1
2,train,1500,58,3hut_1_A,1
2,train,1500,59,1ga1_1_A,1
2,train,1500,60,1irj_1_B,1
2,train,1500,61,3u12_1_A,1
2,train,1500,62,3v4g_1_A,1
2,train,1500,63,3cwc_1_A,1
2,train,1500,64,4dqa_1_A,1
2,train,1500,65,4gs7_1_B,1
2,train,1500,66,2nnn_1_B,1
2,train,1500,67,3rhe_1_A,1
2,train,1500,68,4i61_1_A,1
2,train,1500,69,4i8o_1_A,1
2,train,1500,70,4xr9_1_B,1
2,train,1500,71,3o1k_1_B,1
2,train,1500,72,3lki_1_B,1
2,train,1500,73,3pxp_1_A,1
2,train,1500,74,3ud2_1_A,1
2,train,1500,75,5jbl_1_C,1
2,train,1500,76,5t5b_1_A,1
2,train,1500,77,3pnn_1_A,1
2,train,1500,78,4alz_1_A,1
2,train,1500,79,5tvf_1_C,1
2,train,1500,80,6co9_1_A,1
2,train,1500,81,4lhd_1_A,1
2,train,1500,82,1pzd_1_A,1
2,train,1500,83,3abk_1_H,1
2,train,1500,84,5hzd_1_A,1
2,train,1500,85,2d7v_1_B,1
2,train,1500,86,5tz7_1_A,1
2,train,1500,87,2gau_1_B,1
2,train,1500,88,1lof_1_D,1
2,train,1500,89,1bia_1_A,1
2,train,1500,90,4mo0_1_A,1
2,train,1500,91,5mix_1_A,1
2,train,1500,92,3grz_1_A,1
2,train,1500,93,4d8b_1_A,1
2,train,1500,94,2uuu_1_A,1
2,train,1500,95,1v4a_1_A,1
2,train,1500,96,1q67_1_A,1
2,train,1500,97,4nw4_1_A,1
2,train,1500,98,3chm_1_A,1
2,train,1500,99,3djd_1_A,1
2,train,1500,100,5k2m_1_A,1
2,train,1500,101,3vnl_1_A,1
2,train,1500,102,5g4a_1_A,1
2,train,1500,103,5wwe_1_A,1
2,train,1500,104,3r3t_1_A,1
2,train,1500,105,2qgq_1_A,1
2,train,1500,106,1woc_1_C,1
2,train,1500,107,3ict_1_A,1
2,train,1500,108,5kta_1_A,1
2,train,1500,109,2fq1_1_B,1
2,train,1500,110,3cxk_1_A,1
2,train,1500,111,1a6q_1_A,1
2,train,1500,112,4b8x_1_B,1
2,train,1500,113,4u4w_1_A,1
2,train,1500,114,5oi7_1_B,1
2,train,1500,115,1vkj_1_A,1
2,train,1500,116,3icl_1_A,1
2,train,1500,117,2hkx_1_A,1
2,train,1500,118,1uad_1_B,1
2,train,1500,119,2fyc_1_A,1
2,train,1500,120,4zqk_1_B,1
2,train,1500,121,3hmz_1_B,1
2,train,1500,122,2r39_1_A,1
2,train,1500,123,4dgk_1_A,1
2,train,1500,124,4o65_1_A,1
2,train,1500,125,4fai_1_A,1
2,train,1500,126,3nbc_1_A,1
2,train,1500,127,5cuo_1_B,1
2,train,1500,128,3zwf_1_B,1
2,train,1500,129,3gjy_1_A,1
2,train,1500,130,3nqz_1_A,1
2,train,1500,131,3a7o_1_B,1
2,train,1500,132,3wvr_1_A,1
2,train,1500,133,1b25_1_A,1
2,train,1500,134,2zbw_1_A,1
2,train,1500,135,4heh_1_B,1
2,train,1500,136,3zhi_1_A,1
2,train,1500,137,1h54_1_A,1
2,train,1500,138,5me4_1_A,1
2,train,1500,139,1us3_1_A,1
2,train,1500,140,3nct_1_A,1
2,train,1500,141,1skz_1_B,1
2,train,1500,142,5mq6_1_A,1
2,train,1500,143,5kku_1_A,1
2,train,1500,144,1cun_1_A,1
2,train,1500,145,4g4s_1_e,1
2,train,1500,146,1gy7_1_B,1
2,train,1500,147,1wg8_1_A,1
2,train,1500,148,3e0x_1_A,1
2,train,1500,149,1htr_1_D,1
2,train,1500,150,5mx1_1_A,1
2,train,1500,151,4bq3_1_A,1
2,train,1500,152,3g40_1_B,1
2,train,1500,153,2f7v_1_A,1
2,train,1500,154,2vlg_1_A,1
2,train,1500,155,1or7_1_B,1
2,train,1500,156,4rgu_1_B,1
2,train,1500,157,3es1_1_B,1
2,train,1500,158,3smd_1_A,1
2,train,1500,159,3gg2_1_A,1
2,train,1500,160,2es9_1_A,1
2,train,1500,161,3aei_1_A,1
2,train,1500,162,2pbi_1_A,1
2,train,1500,163,1b94_1_A,1
2,train,1500,164,3bcy_1_A,1
2,train,1500,165,1y4h_1_A,1
2,train,1500,166,3w0f_1_A,1
2,train,1500,167,3d1c_1_B,1
2,train,1500,168,4nn5_1_C,1
2,train,1500,169,3alr_1_A,1
2,train,1500,170,3bn7_1_B,1
2,train,1500,171,3e61_1_C,1
2,train,1500,172,4i0w_1_A,1
2,train,1500,173,4r12_1_A,1
2,train,1500,174,5i99_1_A,1
2,train,1500,175,5l74_1_A,1
2,train,1500,176,1vg0_1_A,1
2,train,1500,177,1xkf_1_B,1
2,train,1500,178,5o19_1_B,1
2,train,1500,179,4ly4_1_A,1
2,train,1500,180,2yyv_1_B,1
2,train,1500,181,2pkh_1_B,1
2,train,1500,182,5of9_1_A,1
2,train,1500,183,2ywe_1_A,1
2,train,1500,184,1h2e_1_A,1
2,train,1500,185,2o97_1_A,1
2,train,1500,186,5lw0_1_A,1
2,train,1500,187,4dou_1_A,1
2,train,1500,188,3ju8_1_B,1
2,train,1500,189,4h1x_1_A,1
2,train,1500,190,2io9_1_A,1
2,train,1500,191,4ay9_1_C,1
2,train,1500,192,2o6c_1_A,1
2,train,1500,193,3op7_1_A,1
2,train,1500,194,6cn7_1_B,1
2,train,1500,195,1oxb_1_B,1
2,train,1500,196,2olw_1_A,1
2,train,1500,197,2zo4_1_A,1
2,train,1500,198,5gwx_1_A,1
2,train,1500,199,3cc2_1_Y,1
2,train,1500,200,2ywn_1_A,1
2,train,1500,201,3g3s_1_B,1
2,train,1500,202,1vku_1_A,1
2,train,1500,203,2op5_1_B,1
2,train,1500,204,2ejx_1_A,1
2,train,1500,205,1qhh_1_A,1
2,train,1500,206,5vvw_1_A,1
2,train,1500,207,5eqn_1_B,1
2,train,1500,208,2vrw_1_B,1
2,train,1500,209,3ahm_1_A,1
2,train,1500,210,3qvg_1_B,1
2,train,1500,211,1nv9_1_A,1
2,train,1500,212,3e0f_1_A,1
2,train,1500,213,4e2a_1_A,1
2,train,1500,214,3vk0_1_B,1
2,train,1500,215,4d2w_1_A,1
2,train,1500,216,4hgu_1_A,1
2,train,1500,217,2jam_1_A,1
2,train,1500,218,1v30_1_A,1
2,train,1500,219,2reu_1_A,1
2,train,1500,220,1np0_1_E,1
2,train,1500,221,1qc7_1_B,1
2,train,1500,222,3t9o_1_A,1
2,train,1500,223,2evu_1_A,1
2,train,1500,224,4v1t_1_A,1
2,train,1500,225,2z15_1_A,1
2,train,1500,226,2pf6_1_A,1
2,train,1500,227,6gap_1_C,1
2,train,1500,228,4uds_1_B,1
2,train,1500,229,2gj3_1_B,1
2,train,1500,230,5cyy_1_A,1
2,train,1500,231,2pby_1_D,1
2,train,1500,232,5lxu_1_A,1
2,train,1500,233,2fiw_1_A,1
2,train,1500,234,5nxk_1_A,1
2,train,1500,235,3s98_1_A,1
2,train,1500,236,5syb_1_A,1
2,train,1500,237,2a2f_1_A,1
2,train,1500,238,2vqe_1_F,1
2,train,1500,239,1rie_1_A,1
2,train,1500,240,5gut_1_A,1
2,train,1500,241,3zxj_1_A,1
2,train,1500,242,2kin_1_A,1
2,train,1500,243,3bks_1_A,1
2,train,1500,244,3cjw_1_B,1
2,train,1500,245,3zsf_1_A,1
2,train,1500,246,5bz0_1_A,1
2,train,1500,247,1vpl_1_B,1
2,train,1500,248,4o3x_1_A,1
2,train,1500,249,1kuh_1_A,1
2,train,1500,250,2awn_1_A,1
2,train,1500,251,1k6y_1_B,1
2,train,1500,252,4w64_1_A,1
2,train,1500,253,4nl0_1_A,1
2,train,1500,254,1nzj_1_A,1
2,train,1500,255,3tt9_1_A,1
2,train,1500,256,5wx4_1_A,1
2,train,1500,257,3bgt_1_D,1
2,train,1500,258,2wzv_1_B,1
2,train,1500,259,1eok_1_A,1
2,train,1500,260,1b0n_1_A,1
2,train,1500,261,3go6_1_A,1
2,train,1500,262,3bdq_1_B,1
2,train,1500,263,3lfm_1_A,1
2,train,1500,264,1jva_1_A,1
2,train,1500,265,5cbn_1_A,1
2,train,1500,266,4nsx_1_A,1
2,train,1500,267,4ml9_1_B,1
2,train,1500,268,1g12_1_A,1
2,train,1500,269,2e0k_1_A,1
2,train,1500,270,2a0j_1_A,1
2,train,1500,271,1whi_1_B,1
2,train,1500,272,3h6p_1_D,1
2,train,1500,273,3t44_1_A,1
2,train,1500,274,4a0p_1_A,1
2,train,1500,275,3l8h_1_A,1
2,train,1500,276,5dmm_1_A,1
2,train,1500,277,5mr9_1_B,1
2,train,1500,278,3g98_1_A,1
2,train,1500,279,5l37_1_A,1
2,train,1500,280,5n2b_1_B,1
2,train,1500,281,2q9q_1_B,1
2,train,1500,282,3oe3_1_A,1
2,train,1500,283,4nvq_1_B,1
2,train,1500,284,3b9j_1_C,1
2,train,1500,285,4xcb_1_A,1
2,train,1500,286,5evh_1_B,1
2,train,1500,287,1aoa_1_A,1
2,train,1500,288,3cne_1_B,1
2,train,1500,289,4yle_1_A,1
2,train,1500,290,4hrt_1_B,1
2,train,1500,291,5hzr_1_A,1
2,train,1500,292,2bib_1_A,1
2,train,1500,293,2qrd_1_A,1
2,train,1500,294,3dp5_1_A,1
2,train,1500,295,2whk_1_A,1
2,train,1500,296,3k57_1_A,1
2,train,1500,297,1mow_1_A,1
2,train,1500,298,2oiv_1_A,1
2,train,1500,299,2rcd_1_B,1
2,train,1500,300,3b5e_1_A,1
2,train,1500,301,4w8g_1_A,1
2,train,1500,302,2vxb_1_B,1
2,train,1500,303,3lx7_1_B,1
2,train,1500,304,1gth_1_A,1
2,train,1500,305,3cc2_1_T,1
2,train,1500,306,4k4i_1_A,1
2,train,1500,307,4lws_1_A,1
2,train,1500,308,3m33_1_A,1
2,train,1500,309,3ork_1_A,1
2,train,1500,310,4ct3_1_A,1
2,train,1500,311,3cec_1_A,1
2,train,1500,312,3u3d_1_A,1
2,train,1500,313,6eoo_1_A,1
2,train,1500,314,4k28_1_A,1
2,train,1500,315,2hk3_1_B,1
2,train,1500,316,5ed9_1_B,1
2,train,1500,317,4nj4_1_A,1
2,train,1500,318,3htm_1_B,1
2,train,1500,319,2rk0_1_B,1
2,train,1500,320,4xxi_1_B,1
2,train,1500,321,2ji5_1_A,1
2,train,1500,322,3iqe_1_A,1
2,train,1500,323,5odc_1_B,1
2,train,1500,324,1inp_1_A,1
2,train,1500,325,2j0w_1_B,1
2,train,1500,326,2c7w_1_B,1
2,train,1500,327,2nr4_1_B,1
2,train,1500,328,1az5_1_B,1
2,train,1500,329,4rnw_1_A,1
2,train,1500,330,2z7b_1_A,1
2,train,1500,331,4qwn_1_A,1
2,train,1500,332,1dy2_1_A,1
2,train,1500,333,4wca_1_A,1
2,train,1500,334,4xwj_1_A,1
2,train,1500,335,2r7h_1_A,1
2,train,1500,336,3hr6_1_A,1
2,train,1500,337,4l8i_1_A,1
2,train,1500,338,2fwt_1_A,1
2,train,1500,339,3nzt_1_A,1
2,train,1500,340,3cc2_1_Z,1
2,train,1500,341,1vlm_1_A,1
2,train,1500,342,5guf_1_B,1
2,train,1500,343,2yms_1_B,1
2,train,1500,344,2wq9_1_A,1
2,train,1500,345,3pqh_1_A,1
2,train,1500,346,4l9d_1_A,1
2,train,1500,347,1jb0_1_I,1
2,train,1500,348,5d9y_1_A,1
2,train,1500,349,5ov9_1_A,1
2,train,1500,350,3b73_1_A,1
2,train,1500,351,1u7k_1_A,1
2,train,1500,352,3c97_1_B,1
2,train,1500,353,2wfb_1_A,1
2,train,1500,354,3ow8_1_A,1
2,train,1500,355,4zwu_1_A,1
2,train,1500,356,1olt_1_A,1
2,train,1500,357,2wtm_1_B,1
2,train,1500,358,2pyx_1_A,1
2,train,1500,359,3m1u_1_B,1
2,train,1500,360,5juh_1_A,1
2,train,1500,361,4n0v_1_B,1
2,train,1500,362,4mup_1_A,1
2,train,1500,363,1yht_1_A,1
2,train,1500,364,3myr_1_B,1
2,train,1500,365,2aer_1_C,1
2,train,1500,366,2gvm_1_A,1
2,train,1500,367,4fyc_1_A,1
2,train,1500,368,1lwj_1_B,1
2,train,1500,369,1oru_1_B,1
2,train,1500,370,4zv0_1_A,1
2,train,1500,371,5h7y_1_A,1
2,train,1500,372,5vgt_1_A,1
2,train,1500,373,2vqe_1_M,1
2,train,1500,374,4fbl_1_A,1
2,train,1500,375,1pz8_1_A,1
2,train,1500,376,5bmp_1_A,1
2,train,1500,377,4y6c_1_A,1
2,train,1500,378,2hlr_1_A,1
2,train,1500,379,2bvf_1_A,1
2,train,1500,380,3lhr_1_A,1
2,train,1500,381,4l0p_1_A,1
2,train,1500,382,4ay9_1_A,1
2,train,1500,383,4awd_1_A,1
2,train,1500,384,3mpb_1_B,1
2,train,1500,385,1zv8_1_A,1
2,train,1500,386,3rmp_1_B,1
2,train,1500,387,4f54_1_A,1
2,train,1500,388,5m2p_1_A,1
2,train,1500,389,3ke2_1_B,1
2,train,1500,390,3cu2_1_A,1
2,train,1500,391,4r5c_1_A,1
2,train,1500,392,3hx9_1_A,1
2,train,1500,393,4bsx_1_A,1
2,train,1500,394,5fx0_1_A,1
2,train,1500,395,1cy9_1_B,1
2,train,1500,396,4khb_1_A,1
2,train,1500,397,2yhc_1_A,1
2,train,1500,398,5th5_1_B,1
2,train,1500,399,3n6y_1_A,1
2,train,1500,400,3w6b_1_A,1
2,train,1500,401,5xbf_1_A,1
2,train,1500,402,3jvo_1_G,1
2,train,1500,403,4b93_1_A,1
2,train,1500,404,3nbh_1_A,1
2,train,1500,405,2h1e_1_B,1
2,train,1500,406,1af6_1_A,1
2,train,1500,407,3cet_1_A,1
2,train,1500,408,2r6u_1_B,1
2,train,1500,409,5cqf_1_A,1
2,train,1500,410,3b8y_1_A,1
2,train,1500,411,3knz_1_B,1
2,train,1500,412,5fgw_1_A,1
2,train,1500,413,4mob_1_A,1
2,train,1500,414,1lb6_1_A,1
2,train,1500,415,3gyk_1_A,1
2,train,1500,416,4xpl_1_A,1
2,train,1500,417,5ce1_1_A,1
2,train,1500,418,5flw_1_A,1
2,train,1500,419,3eee_1_A,1
2,train,1500,420,2qgm_1_A,1
2,train,1500,421,5mwk_1_A,0
2,train,1500,422,4q5e_1_A,1
2,train,1500,423,4a3n_1_B,1
2,train,1500,424,5omb_1_B,1
2,train,1500,425,1dbh_1_A,1
2,train,1500,426,1eje_1_B,1
2,train,1500,427,2c1y_1_A,1
2,train,1500,428,2vq5_1_A,1
2,train,1500,429,3k7b_1_A,1
2,train,1500,430,3f4s_1_A,1
2,train,1500,431,2yut_1_B,1
2,train,1500,432,5h86_1_A,1
2,train,1500,433,3bxe_1_B,1
2,train,1500,434,5xfl_1_A,1
2,train,1500,435,1gmn_1_B,1
2,train,1500,436,5gub_1_A,1
2,train,1500,437,1byf_1_A,1
2,train,1500,438,4ztc_1_A,1
2,train,1500,439,3u2g_1_A,1
2,train,1500,440,2hsi_1_A,1
2,train,1500,441,3a8y_1_B,1
2,train,1500,442,4irf_1_A,1
2,train,1500,443,4tkp_1_B,1
2,train,1500,444,3kto_1_A,1
2,train,1500,445,4ttw_1_B,1
2,train,1500,446,3qwm_1_B,1
2,train,1500,447,4fqe_1_A,1
2,train,1500,448,4a8x_1_A,1
2,train,1500,449,1bcg_1_A,1
2,train,1500,450,5j4f_1_B,1
2,train,1500,451,1urn_1_A,1
2,train,1500,452,4gym_1_A,1
2,train,1500,453,3g16_1_B,1
2,train,1500,454,5e31_1_A,1
2,train,1500,455,3hxt_1_A,1
2,train,1500,456,3kh5_1_A,1
2,train,1500,457,1h8a_1_A,1
2,train,1500,458,4l8h_1_A,1
2,train,1500,459,5o6b_1_B,1
2,train,1500,460,3dou_1_A,1
2,train,1500,461,4g2a_1_A,1
2,train,1500,462,4e6h_1_B,1
2,train,1500,463,3va9_1_A,1
2,train,1500,464,3ege_1_A,1
2,train,1500,465,3o0z_1_B,1
2,train,1500,466,3hjr_1_A,1
2,train,1500,467,1jid_1_A,1
2,train,1500,468,5e3e_1_A,1
2,train,1500,469,5iz5_1_A,1
2,train,1500,470,5t2s_1_A,1
2,train,1500,471,1n2z_1_A,1
2,train,1500,472,4jcr_1_A,1
2,train,1500,473,4ynx_1_A,1
2,train,1500,474,3cc8_1_B,1
2,train,1500,475,2nx0_1_A,1
2,train,1500,476,3qd7_1_A,1
2,train,1500,477,1gmu_1_A,1
2,train,1500,478,2ovi_1_A,1
2,train,1500,479,5hx0_1_B,1
2,train,1500,480,5n7z_1_A,1
2,train,1500,481,3na6_1_A,1
2,train,1500,482,1u0t_1_C,1
2,train,1500,483,3lqb_1_A,1
2,train,1500,484,1q9s_1_A,1
2,train,1500,485,2uvf_1_A,1
2,train,1500,486,1xpp_1_D,1
2,train,1500,487,1idu_1_A,1
2,train,1500,488,4u6b_1_A,1
2,train,1500,489,1yle_1_A,1
2,train,1500,490,5gi4_1_A,1
2,train,1500,491,3tte_1_A,1
2,train,1500,492,5tw9_1_B,1
2,train,1500,493,2it2_1_A,1
2,train,1500,494,4qjv_1_A,1
2,train,1500,495,5a6t_1_B,1
2,train,1500,496,4nca_1_A,1
2,train,1500,497,2ich_1_A,1
2,train,1500,498,4jg5_1_A,1
2,train,1500,499,4l3u_1_A,1
2,train,1500,500,2qml_1_A,1
2,train,1500,501,4bok_1_A,1
2,train,1500,502,1avy_1_A,1
2,train,1500,503,3c48_1_B,1
2,train,1500,504,4pgs_1_A,1
2,train,1500,505,4pg6_1_B,1
2,train,1500,506,3h5l_1_A,1
2,train,1500,507,3sy6_1_B,1
2,train,1500,508,2vpz_1_C,1
2,train,1500,509,6ckn_1_B,1
2,train,1500,510,4xuv_1_B,1
2,train,1500,511,1c28_1_C,1
2,train,1500,512,3ng7_1_A,1
2,train,1500,513,4h15_1_A,1
2,train,1500,514,3lkj_1_B,1
2,train,1500,515,3cbn_1_A,1
2,train,1500,516,1npi_1_A,1
2,train,1500,517,3ls8_1_A,1
2,train,1500,518,4ox0_1_A,1
2,train,1500,519,5ap8_1_A,1
2,train,1500,520,3ok8_1_B,1
2,train,1500,521,5sv5_1_A,1
2,train,1500,522,4dnh_1_A,1
2,train,1500,523,4fmr_1_A,1
2,train,1500,524,3erv_1_A,1
2,train,1500,525,4mbt_1_A,1
2,train,1500,526,2ymv_1_A,1
2,train,1500,527,4l0j_1_A,1
2,train,1500,528,3o0d_1_A,1
2,train,1500,529,1fyh_1_B,1
2,train,1500,530,2xsr_1_A,1
2,train,1500,531,3f9t_1_B,1
2,train,1500,532,5ivu_1_A,1
2,train,1500,533,2dji_1_A,1
2,train,1500,534,5xbf_1_B,1
2,train,1500,535,3fwu_1_A,1
2,train,1500,536,3c0c_1_A,1
2,train,1500,537,5umr_1_A,1
2,train,1500,538,2o2y_1_C,1
2,train,1500,539,2nxo_1_B,1
2,train,1500,540,4uau_1_A,1
2,train,1500,541,2f6m_1_B,1
2,train,1500,542,2y6y_1_A,1
2,train,1500,543,4eh1_1_B,1
2,train,1500,544,3o9z_1_A,1
2,train,1500,545,4uox_1_C,1
2,train,1500,546,5e1v_1_A,1
2,train,1500,547,5c74_1_B,1
2,train,1500,548,5e3e_1_B,1
2,train,1500,549,1yvr_1_A,1
2,train,1500,550,2h0b_1_A,1
2,train,1500,551,2qen_1_A,1
2,train,1500,552,4ege_1_B,1
2,train,1500,553,5g5o_1_B,1
2,train,1500,554,1tsf_1_A,1
2,train,1500,555,4arm_1_A,1
2,train,1500,556,4qyb_1_B,1
2,train,1500,557,4ml1_1_B,1
2,train,1500,558,5wf1_1_A,1
2,train,1500,559,1n0l_1_B,1
2,train,1500,560,4z51_1_A,1
2,train,1500,561,2xx3_1_B,1
2,train,1500,562,3lev_1_A,1
2,train,1500,563,3cjm_1_A,1
2,train,1500,564,1gcu_1_A,1
2,train,1500,565,3he0_1_B,1
2,train,1500,566,3p1u_1_A,1
2,train,1500,567,5aiu_1_A,1
2,train,1500,568,4yif_1_A,1
2,train,1500,569,2gum_1_B,1
2,train,1500,570,5oar_1_A,1
2,train,1500,571,1g3j_1_B,1
2,train,1500,572,2bnx_1_A,1
2,train,1500,573,4iji_1_B,1
2,train,1500,574,2e4m_1_A,1
2,train,1500,575,3ech_1_B,1
2,train,1500,576,4qri_1_B,1
2,train,1500,577,2bh8_1_B,1
2,train,1500,578,2guz_1_B,1
2,train,1500,579,2fdj_1_A,1
2,train,1500,580,4n0l_1_A,1
2,train,1500,581,4za1_1_B,1
2,train,1500,582,4l9e_1_A,1
2,train,1500,583,4ino_1_A,1
2,train,1500,584,4kku_1_A,1
2,train,1500,585,4fj4_1_A,1
2,train,1500,586,1js2_1_A,1
2,train,1500,587,1lur_1_A,1
2,train,1500,588,2et1_1_A,1
2,train,1500,589,4jiv_1_D,1
2,train,1500,590,5aq0_1_A,1
2,train,1500,591,3qqw_1_A,1
2,train,1500,592,1gwe_1_A,1
2,train,1500,593,1lxn_1_A,1
2,train,1500,594,2anv_1_A,1
2,train,1500,595,4krt_1_A,1
2,train,1500,596,1qfx_1_C,1
2,train,1500,597,1o57_1_A,1
2,train,1500,598,2een_1_B,1
2,train,1500,599,3fkm_1_A,1
2,train,1500,600,2in3_1_A,1
2,train,1500,601,5jk0_1_B,1
2,train,1500,602,1xr4_1_B,1
2,train,1500,603,1u0s_1_A,1
2,train,1500,604,5th6_1_A,1
2,train,1500,605,4x54_1_B,1
2,train,1500,606,3d0r_1_B,1
2,train,1500,607,5w3t_1_A,1
2,train,1500,608,3d5l_1_A,1
2,train,1500,609,4mkm_1_A,1
2,train,1500,610,3dp7_1_B,1
2,train,1500,611,5gk0_1_B,1
2,train,1500,612,1gr2_1_A,1
2,train,1500,613,2hfu_1_A,1
2,train,1500,614,4o5v_1_A,1
2,train,1500,615,1hup_1_A,1
2,train,1500,616,2wag_1_B,1
2,train,1500,617,4jdu_1_A,1
2,train,1500,618,4jph_1_A,1
2,train,1500,619,4yxa_1_A,1
2,train,1500,620,4aip_1_B,1
2,train,1500,621,3b8i_1_D,1
2,train,1500,622,5enc_1_A,1
2,train,1500,623,2b51_1_A,1
2,train,1500,624,1on1_1_A,1
2,train,1500,625,3m7n_1_A,1
2,train,1500,626,5imm_1_A,1
2,train,1500,627,3dsd_1_A,1
2,train,1500,628,3ang_1_A,1
2,train,1500,629,4mjw_1_A,1
2,train,1500,630,1s3z_1_A,1
2,train,1500,631,5nv8_1_A,1
2,train,1500,632,5t3b_1_A,1
2,train,1500,633,4hcs_1_A,1
2,train,1500,634,2rci_1_A,1
2,train,1500,635,4x9n_1_A,1
2,train,1500,636,3fid_1_A,1
2,train,1500,637,4yn0_1_B,1
2,train,1500,638,4aej_1_B,1
2,train,1500,639,3eod_1_A,1
2,train,1500,640,4ytl_1_A,1
2,train,1500,641,3l22_1_A,1
2,train,1500,642,2v1y_1_A,1
2,train,1500,643,3tac_1_B,1
2,train,1500,644,3emn_1_A,1
2,train,1500,645,4web_1_A,1
2,train,1500,646,1ezs_1_B,1
2,train,1500,647,1sny_1_B,1
2,train,1500,648,1q19_1_A,1
2,train,1500,649,1vpb_1_B,1
2,train,1500,650,2hz7_1_A,1
2,train,1500,651,5hbr_1_B,1
2,train,1500,652,1xtp_1_A,1
2,train,1500,653,2gh1_1_A,1
2,train,1500,654,3d3h_1_B,1
2,train,1500,655,3v77_1_B,1
2,train,1500,656,3skv_1_A,1
2,train,1500,657,4bxi_1_B,1
2,train,1500,658,4f3r_1_A,1
2,train,1500,659,2ba2_1_A,1
2,train,1500,660,4im9_1_A,1
2,train,1500,661,3h4x_1_A,1
2,train,1500,662,3c4a_1_A,1
2,train,1500,663,1wcw_1_A,1
2,train,1500,664,2qx5_1_A,1
2,train,1500,665,2e5v_1_A,1
2,train,1500,666,5z7i_1_A,1
2,train,1500,667,4qpv_1_A,1
2,train,1500,668,1w0h_1_A,1
2,train,1500,669,1yn9_1_A,1
2,train,1500,670,1h8e_1_G,1
2,train,1500,671,4i5t_1_A,1
2,train,1500,672,5lrt_1_A,1
2,train,1500,673,4fc8_1_A,1
2,train,1500,674,3t6g_1_A,1
2,train,1500,675,5xun_1_A,1
2,train,1500,676,2a1i_1_A,1
2,train,1500,677,3rh3_1_A,1
2,train,1500,678,4rpo_1_A,1
2,train,1500,679,1epa_1_B,1
2,train,1500,680,2yxo_1_B,1
2,train,1500,681,1rhf_1_A,1
2,train,1500,682,2fkb_1_A,1
2,train,1500,683,1e1h_1_C,1
2,train,1500,684,3zle_1_A,1
2,train,1500,685,1o94_1_A,1
2,train,1500,686,5unc_1_A,1
2,train,1500,687,2p06_1_B,1
2,train,1500,688,5le5_1_D,1
2,train,1500,689,1t44_1_B,1
2,train,1500,690,6cwx_1_B,1
2,train,1500,691,3f8x_1_A,1
2,train,1500,692,1odf_1_A,1
2,train,1500,693,5jfc_1_A,1
2,train,1500,694,1ng6_1_A,1
2,train,1500,695,3zyp_1_A,1
2,train,1500,696,4u03_1_A,1
2,train,1500,697,4b1l_1_A,1
2,train,1500,698,1fle_1_B,1
2,train,1500,699,5gj7_1_A,1
2,train,1500,700,2hbo_1_B,1
2,train,1500,701,5ceg_1_A,1
2,train,1500,702,3kd4_1_A,1
2,train,1500,703,2y1q_1_A,1
2,train,1500,704,3mpc_1_A,1
2,train,1500,705,5wfb_1_A,1
2,train,1500,706,2i39_1_A,1
2,train,1500,707,4q6k_1_A,1
2,train,1500,708,2f17_1_A,1
2,train,1500,709,2fhd_1_C,1
2,train,1500,710,4p4g_1_A,1
2,train,1500,711,5v2z_1_A,1
2,train,1500,712,3r8q_1_A,1
2,train,1500,713,5t05_1_A,1
2,train,1500,714,4kh3_1_A,1
2,train,1500,715,3d2w_1_B,1
2,train,1500,716,5ea2_1_B,1
2,train,1500,717,3kos_1_A,1
2,train,1500,718,5tjj_1_B,1
2,train,1500,719,3v4h_1_A,1
2,train,1500,720,1qve_1_A,1
2,train,1500,721,3qwu_1_B,1
2,train,1500,722,3gmf_1_A,1
2,train,1500,723,3d37_1_B,1
2,train,1500,724,2dgc_1_B,1
2,train,1500,725,2dtc_1_B,1
2,train,1500,726,2fcu_1_A,1
2,train,1500,727,1w55_1_A,1
2,train,1500,728,1g33_1_A,1
2,train,1500,729,3k4z_1_A,1
2,train,1500,730,3mzo_1_F,1
2,train,1500,731,1krl_1_B,1
2,train,1500,732,1a0p_1_A,1
2,train,1500,733,5vit_1_B,1
2,train,1500,734,3f67_1_A,1
2,train,1500,735,2rdq_1_A,1
2,train,1500,736,3hrd_1_F,1
2,train,1500,737,5xdc_1_D,1
2,train,1500,738,3m7p_1_B,1
2,train,1500,739,3x1l_1_F,1
2,train,1500,740,3fm8_1_A,1
2,train,1500,741,2pul_1_A,1
2,train,1500,742,1npp_1_A,1
2,train,1500,743,1ogo_1_A,1
2,train,1500,744,2qh5_1_A,1
2,train,1500,745,4pki_1_B,1
2,train,1500,746,4k6n_1_A,1
2,train,1500,747,3t7j_1_A,1
2,train,1500,748,4ni6_1_A,1
2,train,1500,749,4jxb_1_A,1
2,train,1500,750,5aoz_1_A,1
2,train,1500,751,1vqr_1_A,1
2,train,1500,752,2oo0_1_B,1
2,train,1500,753,3h79_1_A,1
2,train,1500,754,3sto_1_A,1
2,train,1500,755,3tr5_1_A,1
2,train,1500,756,5eyi_1_B,1
2,train,1500,757,1e9s_1_E,1
2,train,1500,758,4n0i_1_B,1
2,train,1500,759,2nps_1_D,1
2,train,1500,760,3hpc_1_A,1
2,train,1500,761,5ol1_1_A,1
2,train,1500,762,1df4_1_A,1
2,train,1500,763,3b5p_1_A,1
2,train,1500,764,3ca8_1_A,1
2,train,1500,765,1am2_1_B,1
2,train,1500,766,1ui5_1_A,1
2,train,1500,767,4i86_1_A,1
2,train,1500,768,2xcm_1_B,1
2,train,1500,769,5by4_1_B,1
2,train,1500,770,1r27_1_A,0
2,train,1500,771,3ffh_1_B,1
2,train,1500,772,3bje_1_B,1
2,train,1500,773,5xbu_1_A,1
2,train,1500,774,3ppv_1_A,1
2,train,1500,775,2vfr_1_A,1
2,train,1500,776,3zje_1_A,1
2,train,1500,777,1j2x_1_A,1
2,train,1500,778,2r2c_1_B,1
2,train,1500,779,3kde_1_A,1
2,train,1500,780,4k7z_1_A,1
2,train,1500,781,1mk1_1_A,1
2,train,1500,782,4fgc_1_B,1
2,train,1500,783,3lx4_1_A,1
2,train,1500,784,1vjv_1_A,1
2,train,1500,785,4o8v_1_A,1
2,train,1500,786,3be3_1_A,1
2,train,1500,787,3c4s_1_A,1
2,train,1500,788,5oak_1_A,1
2,train,1500,789,2d0s_1_A,1
2,train,1500,790,1a9y_1_A,1
2,train,1500,791,4n6r_1_B,1
2,train,1500,792,2gmk_1_A,1
2,train,1500,793,3b8f_1_B,1
2,train,1500,794,4pe3_1_A,1
2,train,1500,795,1qnx_1_A,1
2,train,1500,796,1wlg_1_B,1
2,train,1500,797,3fij_1_A,1
2,train,1500,798,4za6_1_A,1
2,train,1500,799,3jt0_1_A,1
2,train,1500,800,2b2k_1_B,1
2,train,1500,801,3oq3_1_B,1
2,train,1500,802,3uaf_1_B,1
2,train,1500,803,3onq_1_C,1
2,train,1500,804,4dam_1_D,1
2,train,1500,805,3uzu_1_A,1
2,train,1500,806,4wd1_1_A,1
2,train,1500,807,2xss_1_A,1
2,train,1500,808,4bl6_1_D,1
2,train,1500,809,2r2z_1_A,1
2,train,1500,810,3ijd_1_B,1
2,train,1500,811,5bp3_1_A,1
2,train,1500,812,1dc1_1_A,1
2,train,1500,813,2imj_1_B,1
2,train,1500,814,5veo_1_A,1
2,train,1500,815,5jou_1_A,1
2,train,1500,816,1iah_1_A,1
2,train,1500,817,1ji6_1_A,1
2,train,1500,818,3dxs_1_A,1
2,train,1500,819,5t1p_1_A,1
2,train,1500,820,3cvv_1_A,1
2,train,1500,821,1zud_1_A,1
2,train,1500,822,5u7p_1_A,1
2,train,1500,823,4xib_1_A,1
2,train,1500,824,3rpf_1_D,1
2,train,1500,825,4cgb_1_C,1
2,train,1500,826,3b7r_1_A,1
2,train,1500,827,4noa_1_A,1
2,train,1500,828,5u01_1_D,1
2,train,1500,829,4gcz_1_A,1
2,train,1500,830,1j8e_1_A,1
2,train,1500,831,5a3d_1_B,1
2,train,1500,832,2doh_1_B,1
2,train,1500,833,1b4a_1_A,1
2,train,1500,834,1cb7_1_A,1
2,train,1500,835,3i6t_1_A,1
2,train,1500,836,3wdm_1_A,1
2,train,1500,837,3h1n_1_A,1
2,train,1500,838,3mkq_1_E,1
2,train,1500,839,2iy9_1_A,1
2,train,1500,840,4eju_1_A,1
2,train,1500,841,3wut_1_B,1
2,train,1500,842,3hrn_1_A,1
2,train,1500,843,5n07_1_B,1
2,train,1500,844,3ww8_1_B,1
2,train,1500,845,2zcu_1_A,1
2,train,1500,846,4e03_1_A,1
2,train,1500,847,5jcp_1_A,1
2,train,1500,848,4lba_1_A,1
2,train,1500,849,2hev_1_B,1
2,train,1500,850,4mjf_1_B,1
2,train,1500,851,4bin_1_A,1
2,train,1500,852,3i6y_1_A,1
2,train,1500,853,1esc_1_A,1
2,train,1500,854,1bzy_1_A,1
2,train,1500,855,3zuo_1_A,1
2,train,1500,856,3qr8_1_C,1
2,train,1500,857,4ngc_1_A,1
2,train,1500,858,3dmd_1_A,1
2,train,1500,859,3qau_1_A,1
2,train,1500,860,3nqz_1_B,1
2,train,1500,861,4wy9_1_A,1
2,train,1500,862,1h75_1_A,1
2,train,1500,863,1x0v_1_B,1
2,train,1500,864,4mgs_1_A,1
2,train,1500,865,2zsi_1_A,1
2,train,1500,866,4dck_1_A,1
2,train,1500,867,5v6i_1_A,1
2,train,1500,868,2r2a_1_A,1
2,train,1500,869,3c7m_1_A,1
2,train,1500,870,4cu2_1_A,1
2,train,1500,871,2y64_1_A,1
2,train,1500,872,1e5x_1_B,1
2,train,1500,873,1fjl_1_B,1
2,train,1500,874,5w7a_1_A,1
2,train,1500,875,5dtc_1_A,1
2,train,1500,876,2nyi_1_B,1
2,train,1500,877,2g62_1_A,1
2,train,1500,878,3fav_1_A,1
2,train,1500,879,4ccg_1_B,1
2,train,1500,880,2qtq_1_A,1
2,train,1500,881,6az2_1_B,1
2,train,1500,882,4lsy_1_A,1
2,train,1500,883,1cau_1_A,1
2,train,1500,884,1sfu_1_B,1
2,train,1500,885,4gs3_1_A,1
2,train,1500,886,2cv9_1_A,1
2,train,1500,887,1poi_1_A,1
2,train,1500,888,3e8l_1_C,1
2,train,1500,889,4rle_1_A,1
2,train,1500,890,4f3n_1_A,1
2,train,1500,891,4wwr_1_A,1
2,train,1500,892,1ecf_1_B,1
2,train,1500,893,1kil_1_D,1
2,train,1500,894,1jos_1_A,1
2,train,1500,895,5trb_1_B,1
2,train,1500,896,3ot2_1_B,1
2,train,1500,897,2oee_1_B,1
2,train,1500,898,4ysx_1_C,1
2,train,1500,899,4lqd_1_B,1
2,train,1500,900,3e4w_1_A,1
2,train,1500,901,5aho_1_A,1
2,train,1500,902,3njk_1_A,1
2,train,1500,903,3g3z_1_B,1
2,train,1500,904,6gao_1_C,1
2,train,1500,905,3p47_1_A,1
2,train,1500,906,1d0g_1_E,1
2,train,1500,907,4txg_1_A,1
2,train,1500,908,2oo2_1_B,1
2,train,1500,909,3w54_1_B,1
2,train,1500,910,4jjh_1_A,1
2,train,1500,911,5t12_1_A,1
2,train,1500,912,2ftz_1_A,1
2,train,1500,913,3k7p_1_A,1
2,train,1500,914,2vvw_1_B,1
2,train,1500,915,1xki_1_A,1
2,train,1500,916,4iaj_1_B,1
2,train,1500,917,2j3v_1_A,1
2,train,1500,918,1wko_1_A,1
2,train,1500,919,4i2l_1_A,1
2,train,1500,920,1gug_1_A,1
2,train,1500,921,2jgn_1_A,1
2,train,1500,922,2h0u_1_B,1
2,train,1500,923,2hlq_1_A,1
2,train,1500,924,4jp0_1_A,1
2,train,1500,925,2ibb_1_A,1
2,train,1500,926,1wmg_1_A,1
2,train,1500,927,3b6h_1_A,1
2,train,1500,928,5dbl_1_A,1
2,train,1500,929,2h6t_1_A,1
2,train,1500,930,1dvo_1_A,1
2,train,1500,931,5x0t_1_C,1
2,train,1500,932,5wgr_1_A,1
2,train,1500,933,4a8j_1_F,1
2,train,1500,934,1uc7_1_A,1
2,train,1500,935,4zox_1_A,1
2,train,1500,936,3dka_1_A,1
2,train,1500,937,3tvz_1_A,1
2,train,1500,938,3emf_1_B,1
2,train,1500,939,3kw6_1_A,1
2,train,1500,940,1okg_1_A,1
2,train,1500,941,1ys4_1_B,1
2,train,1500,942,1or7_1_A,1
2,train,1500,943,1eq2_1_D,1
2,train,1500,944,3h41_1_A,1
2,train,1500,945,3asi_1_A,1
2,train,1500,946,2rbb_1_B,1
2,train,1500,947,3kl7_1_A,1
2,train,1500,948,3lft_1_A,1
2,train,1500,949,4agr_1_A,1
2,train,1500,950,5kms_1_B,1
2,train,1500,951,3ngf_1_A,1
2,train,1500,952,5dcs_1_A,1
2,train,1500,953,4hl9_1_B,1
2,train,1500,954,1n52_1_A,1
2,train,1500,955,3mq0_1_A,1
2,train,1500,956,1wsu_1_A,1
2,train,1500,957,4mls_1_A,1
2,train,1500,958,5udf_1_A,1
2,train,1500,959,4f0j_1_A,1
2,train,1500,960,2yms_1_A,1
2,train,1500,961,5yxm_1_A,1
2,train,1500,962,4i1s_1_A,1
2,train,1500,963,3mvu_1_A,1
2,train,1500,964,4psu_1_A,1
2,train,1500,965,4z8w_1_A,1
2,train,1500,966,3ff2_1_B,1
2,train,1500,967,1aba_1_A,1
2,train,1500,968,2rfa_1_A,1
2,train,1500,969,5ija_1_A,1
2,train,1500,970,2np9_1_A,1
2,train,1500,971,3ddt_1_A,1
2,train,1500,972,4rgp_1_B,1
2,train,1500,973,2y1b_1_A,1
2,train,1500,974,5wee_1_B,1
2,train,1500,975,4nux_1_A,1
2,train,1500,976,2r6z_1_A,1
2,train,1500,977,4k3u_1_A,1
2,train,1500,978,4dcm_1_A,1
2,train,1500,979,3p7n_1_A,1
2,train,1500,980,5juf_1_A,1
2,train,1500,981,2cxi_1_A,1
2,train,1500,982,3s64_1_B,1
2,train,1500,983,5msy_1_A,1
2,train,1500,984,2fk5_1_A,1
2,train,1500,985,1qb2_1_A,1
2,train,1500,986,1wyt_1_A,1
2,train,1500,987,1suu_1_A,1
2,train,1500,988,4ja7_1_A,1
2,train,1500,989,1x9z_1_B,1
2,train,1500,990,3ghd_1_A,1
2,train,1500,991,2abk_1_A,1
2,train,1500,992,5dhi_1_A,1
2,train,1500,993,1rlr_1_A,1
2,train,1500,994,3web_1_A,1
2,train,1500,995,1fbn_1_A,1
2,train,1500,996,2wn7_1_A,1
2,train,1500,997,4fzy_1_A,1
2,train,1500,998,2ew0_1_A,1
2,train,1500,999,3lyg_1_B,1
2,train,1500,1000,5gjk_1_A,1
2,train,1500,1001,4pu6_1_B,1
2,train,1500,1002,4je3_1_B,1
2,train,1500,1003,1ujc_1_A,1
2,train,1500,1004,3w15_1_A,1
2,train,1500,1005,3hxs_1_A,1
2,train,1500,1006,2y8l_1_A,1
2,train,1500,1007,2hf0_1_A,1
2,train,1500,1008,2pa8_1_B,1
2,train,1500,1009,3ii7_1_A,1
2,train,1500,1010,2h27_1_A,1
2,train,1500,1011,4lj0_1_B,1
2,train,1500,1012,3mts_1_A,1
2,train,1500,1013,1ko1_1_B,1
2,train,1500,1014,2hlh_1_A,1
2,train,1500,1015,1ygs_1_A,1
2,train,1500,1016,5nus_1_A,1
2,train,1500,1017,3abk_1_D,1
2,train,1500,1018,6emy_1_A,1
2,train,1500,1019,1q2l_1_A,1
2,train,1500,1020,5aun_1_A,1
2,train,1500,1021,2hzg_1_B,1
2,train,1500,1022,5m8l_1_A,1
2,train,1500,1023,2yhy_1_A,1
2,train,1500,1024,2rh0_1_B,1
2,train,1500,1025,3d48_1_A,1
2,train,1500,1026,2b7u_1_A,1
2,train,1500,1027,2y7b_1_A,1
2,train,1500,1028,6bqk_1_A,1
2,train,1500,1029,4u1e_1_C,1
2,train,1500,1030,3hwr_1_B,1
2,train,1500,1031,3sjq_1_D,1
2,train,1500,1032,3him_1_A,1
2,train,1500,1033,5ze8_1_A,1
2,train,1500,1034,3v8j_1_A,1
2,train,1500,1035,4i5l_1_A,1
2,train,1500,1036,2wpx_1_A,1
2,train,1500,1037,5fav_1_B,1
2,train,1500,1038,3l95_1_E,1
2,train,1500,1039,4f7u_1_F,1
2,train,1500,1040,1hl9_1_A,1
2,train,1500,1041,3bil_1_B,1
2,train,1500,1042,2ab0_1_A,1
2,train,1500,1043,4ehc_1_A,1
2,train,1500,1044,4dr0_1_A,1
2,train,1500,1045,5k5v_1_A,1
2,train,1500,1046,2dp9_1_B,1
2,train,1500,1047,4igl_1_B,1
2,train,1500,1048,3i5x_1_A,1
2,train,1500,1049,2w3w_1_A,1
2,train,1500,1050,1f2u_1_B,1
2,train,1500,1051,2oy9_1_B,1
2,train,1500,1052,2ohc_1_B,1
2,train,1500,1053,4ih0_1_A,1
2,train,1500,1054,3f1i_1_B,1
2,train,1500,1055,2oyz_1_B,1
2,train,1500,1056,3h9w_1_B,1
2,train,1500,1057,3rh0_1_A,1
2,train,1500,1058,2fuv_1_A,1
2,train,1500,1059,1oey_1_B,1
2,train,1500,1060,3mse_1_B,1
2,train,1500,1061,3s8s_1_A,1
2,train,1500,1062,2b78_1_A,1
2,train,1500,1063,5uc6_1_A,1
2,train,1500,1064,2wt7_1_B,1
2,train,1500,1065,2owa_1_A,1
2,train,1500,1066,5eoy_1_A,1
2,train,1500,1067,1tlv_1_B,1
2,train,1500,1068,5vn4_1_A,1
2,train,1500,1069,2r6q_1_A,1
2,train,1500,1070,2z1p_1_A,1
2,train,1500,1071,3s6s_1_A,1
2,train,1500,1072,1zrl_1_B,1
2,train,1500,1073,2e11_1_B,1
2,train,1500,1074,1sji_1_B,1
2,train,1500,1075,1ocr_1_E,1
2,train,1500,1076,5vei_1_A,1
2,train,1500,1077,1ow1_1_A,1
2,train,1500,1078,5hs7_1_A,1
2,train,1500,1079,3soj_1_A,1
2,train,1500,1080,3gc3_1_A,1
2,train,1500,1081,3fbx_1_B,1
2,train,1500,1082,3qav_1_A,1
2,train,1500,1083,1r3f_1_A,1
2,train,1500,1084,1n4k_1_A,1
2,train,1500,1085,1xov_1_A,1
2,train,1500,1086,4z8v_1_A,1
2,train,1500,1087,4ghc_1_C,1
2,train,1500,1088,2f5k_1_A,1
2,train,1500,1089,2v7f_1_A,1
2,train,1500,1090,2a68_1_F,1
2,train,1500,1091,1wra_1_A,1
2,train,1500,1092,1rw1_1_A,1
2,train,1500,1093,1m93_1_B,1
2,train,1500,1094,3m4r_1_A,1
2,train,1500,1095,3pvs_1_A,1
2,train,1500,1096,1lcs_1_A,1
2,train,1500,1097,1umb_1_A,1
2,train,1500,1098,3ad7_1_C,1
2,train,1500,1099,3ajw_1_B,1
2,train,1500,1100,3eiv_1_A,1
2,train,1500,1101,1dgw_1_C,1
2,train,1500,1102,2ri0_1_A,1
2,train,1500,1103,3bjr_1_B,1
2,train,1500,1104,2fh5_1_B,1
2,train,1500,1105,5t86_1_B,1
2,train,1500,1106,1vr6_1_B,1
2,train,1500,1107,3cz8_1_B,1
2,train,1500,1108,1uc5_1_F,1
2,train,1500,1109,3mfn_1_B,1
2,train,1500,1110,4e72_1_A,1
2,train,1500,1111,4lqc_1_A,1
2,train,1500,1112,3l9j_1_A,1
2,train,1500,1113,6f9g_1_A,1
2,train,1500,1114,4hgn_1_A,1
2,train,1500,1115,4p63_1_B,1
2,train,1500,1116,3ic3_1_B,1
2,train,1500,1117,6ffl_1_A,1
2,train,1500,1118,2qmx_1_B,1
2,train,1500,1119,3qor_1_A,1
2,train,1500,1120,2a74_1_B,1
2,train,1500,1121,4g6h_1_A,1
2,train,1500,1122,2qgu_1_A,1
2,train,1500,1123,3sk7_1_A,1
2,train,1500,1124,2ouw_1_B,1
2,train,1500,1125,5omb_1_C,1
2,train,1500,1126,3vsj_1_A,1
2,train,1500,1127,2xst_1_A,1
2,train,1500,1128,1pjc_1_A,1
2,train,1500,1129,4x2o_1_A,1
2,train,1500,1130,3fd4_1_A,1
2,train,1500,1131,3fmy_1_B,1
2,train,1500,1132,5cww_1_B,1
2,train,1500,1133,1wkb_1_A,1
2,train,1500,1134,1wlj_1_A,1
2,train,1500,1135,3v75_1_B,1
2,train,1500,1136,5wc2_1_A,1
2,train,1500,1137,1um0_1_A,1
2,train,1500,1138,3hvw_1_A,1
2,train,1500,1139,5nf2_1_A,1
2,train,1500,1140,3czb_1_A,1
2,train,1500,1141,2nrk_1_B,1
2,train,1500,1142,3cin_1_A,1
2,train,1500,1143,1ro2_1_A,1
2,train,1500,1144,4tpv_1_A,1
2,train,1500,1145,1khy_1_A,1
2,train,1500,1146,4paw_1_A,1
2,train,1500,1147,3tej_1_A,1
2,train,1500,1148,3ief_1_B,1
2,train,1500,1149,4mig_1_D,1
2,train,1500,1150,3i7a_1_A,1
2,train,1500,1151,3fbu_1_B,1
2,train,1500,1152,5awo_1_A,1
2,train,1500,1153,1byr_1_A,1
2,train,1500,1154,4q7o_1_A,1
2,train,1500,1155,1zxu_1_A,1
2,train,1500,1156,4ejy_1_A,1
2,train,1500,1157,3wi5_1_A,1
2,train,1500,1158,2v8q_1_C,1
2,train,1500,1159,3bkh_1_A,1
2,train,1500,1160,4tvi_1_B,1
2,train,1500,1161,2w2u_1_A,1
2,train,1500,1162,1u2m_1_A,1
2,train,1500,1163,4n03_1_A,1
2,train,1500,1164,2y8k_1_A,1
2,train,1500,1165,1s3j_1_B,1
2,train,1500,1166,4ix3_1_B,1
2,train,1500,1167,5i0m_1_B,1
2,train,1500,1168,1hoe_1_A,1
2,train,1500,1169,5ldd_1_B,1
2,train,1500,1170,5idw_1_A,1
2,train,1500,1171,1hlb_1_A,1
2,train,1500,1172,2ddu_1_A,1
2,train,1500,1173,1gd2_1_B,1
2,train,1500,1174,3sd9_1_A,1
2,train,1500,1175,3lw9_1_A,1
2,train,1500,1176,4u3v_1_A,1
2,train,1500,1177,3e4b_1_A,1
2,train,1500,1178,1wo8_1_B,1
2,train,1500,1179,2rjn_1_A,1
2,train,1500,1180,3v83_1_A,1
2,train,1500,1181,3owa_1_B,1
2,train,1500,1182,3w1e_1_A,1
2,train,1500,1183,4lrz_1_D,1
2,train,1500,1184,3e2c_1_A,1
2,train,1500,1185,4n5h_1_A,1
2,train,1500,1186,2a3y_1_A,1
2,train,1500,1187,5k87_1_A,1
2,train,1500,1188,3p5r_1_A,1
2,train,1500,1189,1yhf_1_A,1
2,train,1500,1190,5wqw_1_A,1
2,train,1500,1191,3kk4_1_B,1
2,train,1500,1192,5mln_1_A,1
2,train,1500,1193,3aly_1_A,1
2,train,1500,1194,3og9_1_A,1
2,train,1500,1195,2d1h_1_B,1
2,train,1500,1196,3evz_1_A,1
2,train,1500,1197,2hnt_1_A,1
2,train,1500,1198,5lwv_1_A,1
2,train,1500,1199,3vz9_1_B,1
2,train,1500,1200,1gml_1_B,1
2,train,1500,1201,2ra1_1_A,1
2,train,1500,1202,5br1_1_A,1
2,train,1500,1203,5uay_1_A,1
2,train,1500,1204,2y6u_1_B,1
2,train,1500,1205,3cvt_1_A,1
2,train,1500,1206,5t10_1_B,1
2,train,1500,1207,5h13_1_A,1
2,train,1500,1208,5suy_1_A,1
2,train,1500,1209,4lun_1_A,1
2,train,1500,1210,2fbq_1_B,1
2,train,1500,1211,4bk0_1_A,1
2,train,1500,1212,3ec7_1_A,1
2,train,1500,1213,5dik_1_A,1
2,train,1500,1214,3r6d_1_A,1
2,train,1500,1215,2d1c_1_B,1
2,train,1500,1216,2g5g_1_B,1
2,train,1500,1217,1yqf_1_B,1
2,train,1500,1218,5kx5_1_E,1
2,train,1500,1219,4kqc_1_A,1
2,train,1500,1220,3euc_1_B,1
2,train,1500,1221,4nsw_1_B,1
2,train,1500,1222,1it3_1_A,1
2,train,1500,1223,5fre_1_A,1
2,train,1500,1224,1kon_1_A,1
2,train,1500,1225,2gpj_1_A,1
2,train,1500,1226,4fpw_1_A,1
2,train,1500,1227,5jwa_1_A,1
2,train,1500,1228,2h2a_1_B,1
2,train,1500,1229,2o5r_1_A,1
2,train,1500,1230,5ls7_1_C,1
2,train,1500,1231,2obp_1_A,1
2,train,1500,1232,3in6_1_B,1
2,train,1500,1233,4e44_1_A,1
2,train,1500,1234,5knk_1_A,1
2,train,1500,1235,6bzh_1_B,1
2,train,1500,1236,3on2_1_A,1
2,train,1500,1237,1jss_1_A,1
2,train,1500,1238,3c57_1_B,1
2,train,1500,1239,3u28_1_B,1
2,train,1500,1240,5hfi_1_A,1
2,train,1500,1241,2nrr_1_A,1
2,train,1500,1242,1zy7_1_A,1
2,train,1500,1243,2ill_1_A,1
2,train,1500,1244,4ilh_1_B,1
2,train,1500,1245,1mve_1_A,1
2,train,1500,1246,1uj8_1_A,1
2,train,1500,1247,5ioi_1_A,1
2,train,1500,1248,4kcf_1_A,1
2,train,1500,1249,2id4_1_A,1
2,train,1500,1250,4gs7_1_C,1
2,train,1500,1251,3i6i_1_A,1
2,train,1500,1252,5idy_1_B,1
2,train,1500,1253,3mgd_1_B,1
2,train,1500,1254,1t9f_1_A,1
2,train,1500,1255,2w58_1_B,1
2,train,1500,1256,3oi8_1_B,1
2,train,1500,1257,2yyo_1_B,1
2,train,1500,1258,2zae_1_B,1
2,train,1500,1259,3t4n_1_A,1
2,train,1500,1260,2c43_1_A,1
2,train,1500,1261,2rff_1_A,1
2,train,1500,1262,3b0h_1_A,1
2,train,1500,1263,5h4s_1_B,1
2,train,1500,1264,1nza_1_A,1
2,train,1500,1265,4jnj_1_A,1
2,train,1500,1266,1m4k_1_A,1
2,train,1500,1267,4gdx_1_B,1
2,train,1500,1268,2zsh_1_B,1
2,train,1500,1269,4bpm_1_A,1
2,train,1500,1270,3cio_1_B,1
2,train,1500,1271,3kkf_1_B,1
2,train,1500,1272,2ia2_1_B,1
2,train,1500,1273,3lsg_1_B,1
2,train,1500,1274,4z2f_1_A,1
2,train,1500,1275,3a8r_1_A,1
2,train,1500,1276,5dyn_1_A,1
2,train,1500,1277,2q3t_1_A,1
2,train,1500,1278,3dwg_1_A,1
2,train,1500,1279,5k04_1_A,1
2,train,1500,1280,3by8_1_A,1
2,train,1500,1281,3i76_1_A,1
2,train,1500,1282,1f7u_1_A,1
2,train,1500,1283,2o2a_1_B,1
2,train,1500,1284,4tse_1_A,1
2,train,1500,1285,2nsm_1_A,1
2,train,1500,1286,1ofd_1_A,0
2,train,1500,1287,2nsc_1_A,1
2,train,1500,1288,2x67_1_A,1
2,train,1500,1289,5lkq_1_B,1
2,train,1500,1290,4o3v_1_A,1
2,train,1500,1291,5u5g_1_B,1
2,train,1500,1292,3rqi_1_B,1
2,train,1500,1293,1ga8_1_A,1
2,train,1500,1294,4evf_1_A,1
2,train,1500,1295,2r19_1_B,1
2,train,1500,1296,5f5l_1_A,1
2,train,1500,1297,3f6q_1_B,1
2,train,1500,1298,4jnm_1_B,1
2,train,1500,1299,2bl7_1_A,1
2,train,1500,1300,2f4n_1_B,1
2,train,1500,1301,5f13_1_A,1
2,train,1500,1302,2z69_1_A,1
2,train,1500,1303,2vse_1_A,1
2,train,1500,1304,5a2a_1_A,1
2,train,1500,1305,2rbd_1_A,1
2,train,1500,1306,3fxt_1_B,1
2,train,1500,1307,3l43_1_B,1
2,train,1500,1308,3q2c_1_A,1
2,train,1500,1309,3ch4_1_A,1
2,train,1500,1310,4v1s_1_A,1
2,train,1500,1311,1deu_1_A,1
2,train,1500,1312,2xmo_1_A,1
2,train,1500,1313,2flh_1_A,1
2,train,1500,1314,2ya1_1_A,1
2,train,1500,1315,1i4j_1_B,1
2,train,1500,1316,3wu2_1_f,1
2,train,1500,1317,3zpj_1_A,1
2,train,1500,1318,3cwi_1_A,1
2,train,1500,1319,4wfw_1_A,1
2,train,1500,1320,2uur_1_A,1
2,train,1500,1321,1e0b_1_B,1
2,train,1500,1322,2anu_1_A,1
2,train,1500,1323,3k9t_1_A,1
2,train,1500,1324,4o4b_1_B,1
2,train,1500,1325,4j8t_1_A,1
2,train,1500,1326,1g51_1_A,1
2,train,1500,1327,5wxk_1_B,1
2,train,1500,1328,4gaf_1_B,1
2,train,1500,1329,5olp_1_A,1
2,train,1500,1330,2e1t_1_A,1
2,train,1500,1331,3hkm_1_A,1
2,train,1500,1332,5gyy_1_D,1
2,train,1500,1333,5exe_1_C,1
2,train,1500,1334,4mmo_1_B,1
2,train,1500,1335,1c25_1_A,1
2,train,1500,1336,2q3v_1_B,1
2,train,1500,1337,5hci_1_A,1
2,train,1500,1338,3u59_1_A,1
2,train,1500,1339,5vt9_1_A,1
2,train,1500,1340,4piv_1_A,1
2,train,1500,1341,4yzg_1_A,1
2,train,1500,1342,3lnu_1_A,1
2,train,1500,1343,4wzr_1_A,1
2,train,1500,1344,5of2_1_A,1
2,train,1500,1345,2w11_1_A,1
2,train,1500,1346,2hrk_1_A,1
2,train,1500,1347,4zzf_1_A,1
2,train,1500,1348,2p0s_1_B,1
2,train,1500,1349,4i1k_1_A,1
2,train,1500,1350,5wk0_1_B,1
2,train,1500,1351,6bgc_1_A,1
2,train,1500,1352,3m0v_1_C,1
2,train,1500,1353,5dhm_1_B,1
2,train,1500,1354,5msn_1_A,1
2,train,1500,1355,1ru4_1_A,1
2,train,1500,1356,1io1_1_A,1
2,train,1500,1357,5hbh_1_B,1
2,train,1500,1358,3rot_1_B,1
2,train,1500,1359,5ncx_1_A,1
2,train,1500,1360,3g1p_1_B,1
2,train,1500,1361,3clq_1_A,1
2,train,1500,1362,4x2m_1_A,1
2,train,1500,1363,4zyb_1_A,1
2,train,1500,1364,6b4a_1_A,1
2,train,1500,1365,3h7m_1_A,1
2,train,1500,1366,2q0y_1_B,1
2,train,1500,1367,4toi_1_B,1
2,train,1500,1368,3ix0_1_A,1
2,train,1500,1369,4jo0_1_A,1
2,train,1500,1370,4aty_1_B,1
2,train,1500,1371,4iz9_1_A,1
2,train,1500,1372,3qhy_1_B,1
2,train,1500,1373,3sho_1_A,1
2,train,1500,1374,3hdo_1_B,1
2,train,1500,1375,3ntn_1_C,1
2,train,1500,1376,2fzv_1_C,1
2,train,1500,1377,3inz_1_F,1
2,train,1500,1378,3hpd_1_A,1
2,train,1500,1379,1s4n_1_A,1
2,train,1500,1380,3ozx_1_A,1
2,train,1500,1381,2o1v_1_B,1
2,train,1500,1382,3v47_1_D,1
2,train,1500,1383,3hi9_1_A,1
2,train,1500,1384,1bxr_1_A,0
2,train,1500,1385,5evy_1_A,1
2,train,1500,1386,5i41_1_A,1
2,train,1500,1387,1t82_1_A,1
2,train,1500,1388,2cjs_1_A,1
2,train,1500,1389,4zv0_1_B,1
2,train,1500,1390,4tps_1_A,1
2,train,1500,1391,4f62_1_B,1
2,train,1500,1392,4obx_1_A,1
2,train,1500,1393,5ee7_1_A,1
2,train,1500,1394,2b5t_1_A,1
2,train,1500,1395,3ezu_1_B,1
2,train,1500,1396,3zy2_1_B,1
2,train,1500,1397,5xh8_1_A,1
2,train,1500,1398,1hk8_1_A,1
2,train,1500,1399,3t64_1_A,1
2,train,1500,1400,4j1v_1_A,1
2,train,1500,1401,4q1q_1_A,1
2,train,1500,1402,2bo9_1_D,1
2,train,1500,1403,1bm9_1_A,1
2,train,1500,1404,5h6b_1_A,1
2,train,1500,1405,6ey6_1_A,1
2,train,1500,1406,1bvy_1_C,1
2,train,1500,1407,4qdh_1_A,1
2,train,1500,1408,4l8k_1_A,1
2,train,1500,1409,1wu3_1_A,1
2,train,1500,1410,5htr_1_A,1
2,train,1500,1411,4zoh_1_D,1
2,train,1500,1412,4heb_1_A,1
2,train,1500,1413,1c5e_1_A,1
2,train,1500,1414,3fir_1_A,1
2,train,1500,1415,5ukv_1_A,1
2,train,1500,1416,1usu_1_B,1
2,train,1500,1417,1olz_1_A,1
2,train,1500,1418,3qwo_1_C,1
2,train,1500,1419,3cs3_1_B,1
2,train,1500,1420,1iuz_1_A,1
2,train,1500,1421,1w8i_1_B,1
2,train,1500,1422,1zh1_1_A,1
2,train,1500,1423,5xk6_1_A,1
2,train,1500,1424,3lf2_1_B,1
2,train,1500,1425,2b9c_1_A,1
2,train,1500,1426,3fnc_1_A,1
2,train,1500,1427,2ejt_1_A,1
2,train,1500,1428,5xpv_1_B,1
2,train,1500,1429,3qxb_1_B,1
2,train,1500,1430,3bpx_1_B,1
2,train,1500,1431,4yhc_1_A,1
2,train,1500,1432,5k4d_1_A,1
2,train,1500,1433,2nog_1_B,1
2,train,1500,1434,1mt1_1_B,1
2,train,1500,1435,4gwo_1_A,1
2,train,1500,1436,4paf_1_A,1
2,train,1500,1437,4j8q_1_B,1
2,train,1500,1438,3h8d_1_B,1
2,train,1500,1439,5ahk_1_B,1
2,train,1500,1440,3i9s_1_B,1
2,train,1500,1441,3woz_1_A,1
2,train,1500,1442,3o10_1_B,1
2,train,1500,1443,5fgs_1_C,1
2,train,1500,1444,5jjm_1_A,1
2,train,1500,1445,4ct0_1_B,1
2,train,1500,1446,5yuf_1_A,1
2,train,1500,1447,2f6r_1_A,1
2,train,1500,1448,4ge3_1_A,1
2,train,1500,1449,4q95_1_B,1
2,train,1500,1450,1wcu_1_A,1
2,train,1500,1451,4wli_1_B,1
2,train,1500,1452,2eh3_1_B,1
2,train,1500,1453,2hqy_1_B,1
2,train,1500,1454,3fk9_1_B,1
2,train,1500,1455,5a29_1_A,1
2,train,1500,1456,4eqq_1_B,1
2,train,1500,1457,4n68_1_A,1
2,train,1500,1458,1epu_1_A,1
2,train,1500,1459,3ec4_1_A,1
2,train,1500,1460,3l7z_1_A,1
2,train,1500,1461,1dqe_1_A,1
2,train,1500,1462,4liz_1_A,1
2,train,1500,1463,4xxb_1_B,1
2,train,1500,1464,4zds_1_B,1
2,train,1500,1465,1dmg_1_A,1
2,train,1500,1466,4ytk_1_A,1
2,train,1500,1467,2ikk_1_B,1
2,train,1500,1468,3pps_1_A,1
2,train,1500,1469,3x3f_1_A,1
2,train,1500,1470,4hse_1_A,1
2,train,1500,1471,3irb_1_A,1
2,train,1500,1472,5lxt_1_F,1
2,train,1500,1473,3m4w_1_C,1
2,train,1500,1474,3up3_1_A,1
2,train,1500,1475,3akj_1_B,1
2,train,1500,1476,1fup_1_B,1
2,train,1500,1477,5y5s_1_V,1
2,train,1500,1478,5b4z_1_A,1
2,train,1500,1479,4wcj_1_A,1
2,train,1500,1480,1zso_1_A,1
2,train,1500,1481,5ttd_1_A,1
2,train,1500,1482,3dip_1_B,1
2,train,1500,1483,4oma_1_A,1
2,train,1500,1484,1dbx_1_A,1
2,train,1500,1485,2x7z_1_A,1
2,train,1500,1486,2d16_1_A,1
2,train,1500,1487,1har_1_A,1
2,train,1500,1488,1nf2_1_A,1
2,train,1500,1489,4eq8_1_A,1
2,train,1500,1490,5t87_1_A,1
2,train,1500,1491,1x6j_1_A,1
2,train,1500,1492,5u18_1_A,1
2,train,1500,1493,1ef1_1_D,1
2,train,1500,1494,2rg8_1_A,1
2,train,1500,1495,1xjc_1_A,1
2,train,1500,1496,1qdb_1_B,1
2,train,1500,1497,4cqd_1_B,1
2,train,1500,1498,1pgn_1_A,1
2,train,1500,1499,2opj_1_A,1
2,train,3000,0,3slr_1_A,1
2,train,3000,1,2p5i_1_A,1
2,train,3000,2,1l5j_1_A,1
2,train,3000,3,1eca_1_A,1
2,train,3000,4,2wns_1_A,1
2,train,3000,5,3f2i_1_A,1
2,train,3000,6,3quf_1_A,1
2,train,3000,7,3nyr_1_A,1
2,train,3000,8,2bo3_1_A,1
2,train,3000,9,4e1y_1_A,1
2,train,3000,10,4rl4_1_B,1
2,train,3000,11,2pr8_1_A,1
2,train,3000,12,4ir8_1_A,1
2,train,3000,13,5vym_1_A,1
2,train,3000,14,3p04_1_B,1
2,train,3000,15,4hn9_1_A,1
2,train,3000,16,4kt3_1_A,1
2,train,3000,17,3pf0_1_A,1
2,train,3000,18,4dsy_1_B,1
2,train,3000,19,3bpq_1_A,1
2,train,3000,20,3lrp_1_A,1
2,train,3000,21,3nh5_1_A,1
2,train,3000,22,2i9w_1_A,1
2,train,3000,23,2vut_1_B,1
2,train,3000,24,1bg6_1_B,1
2,train,3000,25,4zkd_1_A,1
2,train,3000,26,2fb6_1_A,1
2,train,3000,27,2wgb_1_A,1
2,train,3000,28,3tlq_1_A,1
2,train,3000,29,5bv2_1_B,1
2,train,3000,30,2zfn_1_A,1
2,train,3000,31,2ia7_1_A,1
2,train,3000,32,3jtn_1_A,1
2,train,3000,33,5n3u_1_C,1
2,train,3000,34,2ipq_1_A,1
2,train,3000,35,1sw6_1_B,1
2,train,3000,36,3p3v_1_A,1
2,train,3000,37,2dx7_1_A,1
2,train,3000,38,4cob_1_B,1
2,train,3000,39,5gzu_1_A,1
2,train,3000,40,4io7_1_B,1
2,train,3000,41,5c0p_1_A,1
2,train,3000,42,3mdi_1_B,1
2,train,3000,43,3nre_1_A,1
2,train,3000,44,1j3m_1_B,1
2,train,3000,45,3lkt_1_A,1
2,train,3000,46,4rmx_1_A,1
2,train,3000,47,4yv3_1_C,1
2,train,3000,48,5uvd_1_A,1
2,train,3000,49,2pge_1_A,1
2,train,3000,50,5t59_1_B,1
2,train,3000,51,5jqk_1_A,1
2,train,3000,52,3l51_1_B,1
2,train,3000,53,1fwk_1_A,1
2,train,3000,54,5d2e_1_A,1
2,train,3000,55,4u7x_1_A,1
2,train,3000,56,3azp_1_A,1
2,train,3000,57,1z82_1_B,1
2,train,3000,58,3hut_1_A,1
2,train,3000,59,1ga1_1_A,1
2,train,3000,60,1irj_1_B,1
2,train,3000,61,3u12_1_A,1
2,train,3000,62,3v4g_1_A,1
2,train,3000,63,3cwc_1_A,1
2,train,3000,64,4dqa_1_A,1
2,train,3000,65,4gs7_1_B,1
2,train,3000,66,2nnn_1_B,1
2,train,3000,67,3rhe_1_A,1
2,train,3000,68,4i61_1_A,1
2,train,3000,69,4i8o_1_A,1
2,train,3000,70,4xr9_1_B,1
2,train,3000,71,3o1k_1_B,1
2,train,3000,72,3lki_1_B,1
2,train,3000,73,3pxp_1_A,1
2,train,3000,74,3ud2_1_A,1
2,train,3000,75,5jbl_1_C,1
2,train,3000,76,5t5b_1_A,1
2,train,3000,77,3pnn_1_A,1
2,train,3000,78,4alz_1_A,1
2,train,3000,79,5tvf_1_C,1
2,train,3000,80,6co9_1_A,1
2,train,3000,81,4lhd_1_A,1
2,train,3000,82,1pzd_1_A,1
2,train,3000,83,3abk_1_H,1
2,train,3000,84,5hzd_1_A,1
2,train,3000,85,2d7v_1_B,1
2,train,3000,86,5tz7_1_A,1
2,train,3000,87,2gau_1_B,1
2,train,3000,88,1lof_1_D,1
2,train,3000,89,1bia_1_A,1
2,train,3000,90,4mo0_1_A,1
2,train,3000,91,5mix_1_A,1
2,train,3000,92,3grz_1_A,1
2,train,3000,93,4d8b_1_A,1
2,train,3000,94,2uuu_1_A,1
2,train,3000,95,1v4a_1_A,1
2,train,3000,96,1q67_1_A,1
2,train,3000,97,4nw4_1_A,1
2,train,3000,98,3chm_1_A,1
2,train,3000,99,3djd_1_A,1
2,train,3000,100,5k2m_1_A,1
2,train,3000,101,3vnl_1_A,1
2,train,3000,102,5g4a_1_A,1
2,train,3000,103,5wwe_1_A,1
2,train,3000,104,3r3t_1_A,1
2,train,3000,105,2qgq_1_A,1
2,train,3000,106,1woc_1_C,1
2,train,3000,107,3ict_1_A,1
2,train,3000,108,5kta_1_A,1
2,train,3000,109,2fq1_1_B,1
2,train,3000,110,3cxk_1_A,1
2,train,3000,111,1a6q_1_A,1
2,train,3000,112,4b8x_1_B,1
2,train,3000,113,4u4w_1_A,1
2,train,3000,114,5oi7_1_B,1
2,train,3000,115,1vkj_1_A,1
2,train,3000,116,3icl_1_A,1
2,train,3000,117,2hkx_1_A,1
2,train,3000,118,1uad_1_B,1
2,train,3000,119,2fyc_1_A,1
2,train,3000,120,4zqk_1_B,1
2,train,3000,121,3hmz_1_B,1
2,train,3000,122,2r39_1_A,1
2,train,3000,123,4dgk_1_A,1
2,train,3000,124,4o65_1_A,1
2,train,3000,125,4fai_1_A,1
2,train,3000,126,3nbc_1_A,1
2,train,3000,127,5cuo_1_B,1
2,train,3000,128,3zwf_1_B,1
2,train,3000,129,3gjy_1_A,1
2,train,3000,130,3nqz_1_A,1
2,train,3000,131,3a7o_1_B,1
2,train,3000,132,3wvr_1_A,1
2,train,3000,133,1b25_1_A,1
2,train,3000,134,2zbw_1_A,1
2,train,3000,135,4heh_1_B,1
2,train,3000,136,3zhi_1_A,1
2,train,3000,137,1h54_1_A,1
2,train,3000,138,5me4_1_A,1
2,train,3000,139,1us3_1_A,1
2,train,3000,140,3nct_1_A,1
2,train,3000,141,1skz_1_B,1
2,train,3000,142,5mq6_1_A,1
2,train,3000,143,5kku_1_A,1
2,train,3000,144,1cun_1_A,1
2,train,3000,145,4g4s_1_e,1
2,train,3000,146,1gy7_1_B,1
2,train,3000,147,1wg8_1_A,1
2,train,3000,148,3e0x_1_A,1
2,train,3000,149,1htr_1_D,1
2,train,3000,150,5mx1_1_A,1
2,train,3000,151,4bq3_1_A,1
2,train,3000,152,3g40_1_B,1
2,train,3000,153,2f7v_1_A,1
2,train,3000,154,2vlg_1_A,1
2,train,3000,155,1or7_1_B,1
2,train,3000,156,4rgu_1_B,1
2,train,3000,157,3es1_1_B,1
2,train,3000,158,3smd_1_A,1
2,train,3000,159,3gg2_1_A,1
2,train,3000,160,2es9_1_A,1
2,train,3000,161,3aei_1_A,1
2,train,3000,162,2pbi_1_A,1
2,train,3000,163,1b94_1_A,1
2,train,3000,164,3bcy_1_A,1
2,train,3000,165,1y4h_1_A,1
2,train,3000,166,3w0f_1_A,1
2,train,3000,167,3d1c_1_B,1
2,train,3000,168,4nn5_1_C,1
2,train,3000,169,3alr_1_A,1
2,train,3000,170,3bn7_1_B,1
2,train,3000,171,3e61_1_C,1
2,train,3000,172,4i0w_1_A,1
2,train,3000,173,4r12_1_A,1
2,train,3000,174,5i99_1_A,1
2,train,3000,175,5l74_1_A,1
2,train,3000,176,1vg0_1_A,1
2,train,3000,177,1xkf_1_B,1
2,train,3000,178,5o19_1_B,1
2,train,3000,179,4ly4_1_A,1
2,train,3000,180,2yyv_1_B,1
2,train,3000,181,2pkh_1_B,1
2,train,3000,182,5of9_1_A,1
2,train,3000,183,2ywe_1_A,1
2,train,3000,184,1h2e_1_A,1
2,train,3000,185,2o97_1_A,1
2,train,3000,186,5lw0_1_A,1
2,train,3000,187,4dou_1_A,1
2,train,3000,188,3ju8_1_B,1
2,train,3000,189,4h1x_1_A,1
2,train,3000,190,2io9_1_A,1
2,train,3000,191,4ay9_1_C,1
2,train,3000,192,2o6c_1_A,1
2,train,3000,193,3op7_1_A,1
2,train,3000,194,6cn7_1_B,1
2,train,3000,195,1oxb_1_B,1
2,train,3000,196,2olw_1_A,1
2,train,3000,197,2zo4_1_A,1
2,train,3000,198,5gwx_1_A,1
2,train,3000,199,3cc2_1_Y,1
2,train,3000,200,2ywn_1_A,1
2,train,3000,201,3g3s_1_B,1
2,train,3000,202,1vku_1_A,1
2,train,3000,203,2op5_1_B,1
2,train,3000,204,2ejx_1_A,1
2,train,3000,205,1qhh_1_A,1
2,train,3000,206,5vvw_1_A,1
2,train,3000,207,5eqn_1_B,1
2,train,3000,208,2vrw_1_B,1
2,train,3000,209,3ahm_1_A,1
2,train,3000,210,3qvg_1_B,1
2,train,3000,211,1nv9_1_A,1
2,train,3000,212,3e0f_1_A,1
2,train,3000,213,4e2a_1_A,1
2,train,3000,214,3vk0_1_B,1
2,train,3000,215,4d2w_1_A,1
2,train,3000,216,4hgu_1_A,1
2,train,3000,217,2jam_1_A,1
2,train,3000,218,1v30_1_A,1
2,train,3000,219,2reu_1_A,1
2,train,3000,220,1np0_1_E,1
2,train,3000,221,1qc7_1_B,1
2,train,3000,222,3t9o_1_A,1
2,train,3000,223,2evu_1_A,1
2,train,3000,224,4v1t_1_A,1
2,train,3000,225,2z15_1_A,1
2,train,3000,226,2pf6_1_A,1
2,train,3000,227,6gap_1_C,1
2,train,3000,228,4uds_1_B,1
2,train,3000,229,2gj3_1_B,1
2,train,3000,230,5cyy_1_A,1
2,train,3000,231,2pby_1_D,1
2,train,3000,232,5lxu_1_A,1
2,train,3000,233,2fiw_1_A,1
2,train,3000,234,5nxk_1_A,1
2,train,3000,235,3s98_1_A,1
2,train,3000,236,5syb_1_A,1
2,train,3000,237,2a2f_1_A,1
2,train,3000,238,2vqe_1_F,1
2,train,3000,239,1rie_1_A,1
2,train,3000,240,5gut_1_A,1
2,train,3000,241,3zxj_1_A,1
2,train,3000,242,2kin_1_A,1
2,train,3000,243,3bks_1_A,1
2,train,3000,244,3cjw_1_B,1
2,train,3000,245,3zsf_1_A,1
2,train,3000,246,5bz0_1_A,1
2,train,3000,247,1vpl_1_B,1
2,train,3000,248,4o3x_1_A,1
2,train,3000,249,1kuh_1_A,1
2,train,3000,250,2awn_1_A,1
2,train,3000,251,1k6y_1_B,1
2,train,3000,252,4w64_1_A,1
2,train,3000,253,4nl0_1_A,1
2,train,3000,254,1nzj_1_A,1
2,train,3000,255,3tt9_1_A,1
2,train,3000,256,5wx4_1_A,1
2,train,3000,257,3bgt_1_D,1
2,train,3000,258,2wzv_1_B,1
2,train,3000,259,1eok_1_A,1
2,train,3000,260,1b0n_1_A,1
2,train,3000,261,3go6_1_A,1
2,train,3000,262,3bdq_1_B,1
2,train,3000,263,3lfm_1_A,1
2,train,3000,264,1jva_1_A,1
2,train,3000,265,5cbn_1_A,1
2,train,3000,266,4nsx_1_A,1
2,train,3000,267,4ml9_1_B,1
2,train,3000,268,1g12_1_A,1
2,train,3000,269,2e0k_1_A,1
2,train,3000,270,2a0j_1_A,1
2,train,3000,271,1whi_1_B,1
2,train,3000,272,3h6p_1_D,1
2,train,3000,273,3t44_1_A,1
2,train,3000,274,4a0p_1_A,1
2,train,3000,275,3l8h_1_A,1
2,train,3000,276,5dmm_1_A,1
2,train,3000,277,5mr9_1_B,1
2,train,3000,278,3g98_1_A,1
2,train,3000,279,5l37_1_A,1
2,train,3000,280,5n2b_1_B,1
2,train,3000,281,2q9q_1_B,1
2,train,3000,282,3oe3_1_A,1
2,train,3000,283,4nvq_1_B,1
2,train,3000,284,3b9j_1_C,1
2,train,3000,285,4xcb_1_A,1
2,train,3000,286,5evh_1_B,1
2,train,3000,287,1aoa_1_A,1
2,train,3000,288,3cne_1_B,1
2,train,3000,289,4yle_1_A,1
2,train,3000,290,4hrt_1_B,1
2,train,3000,291,5hzr_1_A,1
2,train,3000,292,2bib_1_A,1
2,train,3000,293,2qrd_1_A,1
2,train,3000,294,3dp5_1_A,1
2,train,3000,295,2whk_1_A,1
2,train,3000,296,3k57_1_A,1
2,train,3000,297,1mow_1_A,1
2,train,3000,298,2oiv_1_A,1
2,train,3000,299,2rcd_1_B,1
2,train,3000,300,3b5e_1_A,1
2,train,3000,301,4w8g_1_A,1
2,train,3000,302,2vxb_1_B,1
2,train,3000,303,3lx7_1_B,1
2,train,3000,304,1gth_1_A,1
2,train,3000,305,3cc2_1_T,1
2,train,3000,306,4k4i_1_A,1
2,train,3000,307,4lws_1_A,1
2,train,3000,308,3m33_1_A,1
2,train,3000,309,3ork_1_A,1
2,train,3000,310,4ct3_1_A,1
2,train,3000,311,3cec_1_A,1
2,train,3000,312,3u3d_1_A,1
2,train,3000,313,6eoo_1_A,1
2,train,3000,314,4k28_1_A,1
2,train,3000,315,2hk3_1_B,1
2,train,3000,316,5ed9_1_B,1
2,train,3000,317,4nj4_1_A,1
2,train,3000,318,3htm_1_B,1
2,train,3000,319,2rk0_1_B,1
2,train,3000,320,4xxi_1_B,1
2,train,3000,321,2ji5_1_A,1
2,train,3000,322,3iqe_1_A,1
2,train,3000,323,5odc_1_B,1
2,train,3000,324,1inp_1_A,1
2,train,3000,325,2j0w_1_B,1
2,train,3000,326,2c7w_1_B,1
2,train,3000,327,2nr4_1_B,1
2,train,3000,328,1az5_1_B,1
2,train,3000,329,4rnw_1_A,1
2,train,3000,330,2z7b_1_A,1
2,train,3000,331,4qwn_1_A,1
2,train,3000,332,1dy2_1_A,1
2,train,3000,333,4wca_1_A,1
2,train,3000,334,4xwj_1_A,1
2,train,3000,335,2r7h_1_A,1
2,train,3000,336,3hr6_1_A,1
2,train,3000,337,4l8i_1_A,1
2,train,3000,338,2fwt_1_A,1
2,train,3000,339,3nzt_1_A,1
2,train,3000,340,3cc2_1_Z,1
2,train,3000,341,1vlm_1_A,1
2,train,3000,342,5guf_1_B,1
2,train,3000,343,2yms_1_B,1
2,train,3000,344,2wq9_1_A,1
2,train,3000,345,3pqh_1_A,1
2,train,3000,346,4l9d_1_A,1
2,train,3000,347,1jb0_1_I,1
2,train,3000,348,5d9y_1_A,1
2,train,3000,349,5ov9_1_A,1
2,train,3000,350,3b73_1_A,1
2,train,3000,351,1u7k_1_A,1
2,train,3000,352,3c97_1_B,1
2,train,3000,353,2wfb_1_A,1
2,train,3000,354,3ow8_1_A,1
2,train,3000,355,4zwu_1_A,1
2,train,3000,356,1olt_1_A,1
2,train,3000,357,2wtm_1_B,1
2,train,3000,358,2pyx_1_A,1
2,train,3000,359,3m1u_1_B,1
2,train,3000,360,5juh_1_A,1
2,train,3000,361,4n0v_1_B,1
2,train,3000,362,4mup_1_A,1
2,train,3000,363,1yht_1_A,1
2,train,3000,364,3myr_1_B,1
2,train,3000,365,2aer_1_C,1
2,train,3000,366,2gvm_1_A,1
2,train,3000,367,4fyc_1_A,1
2,train,3000,368,1lwj_1_B,1
2,train,3000,369,1oru_1_B,1
2,train,3000,370,4zv0_1_A,1
2,train,3000,371,5h7y_1_A,1
2,train,3000,372,5vgt_1_A,1
2,train,3000,373,2vqe_1_M,1
2,train,3000,374,4fbl_1_A,1
2,train,3000,375,1pz8_1_A,1
2,train,3000,376,5bmp_1_A,1
2,train,3000,377,4y6c_1_A,1
2,train,3000,378,2hlr_1_A,1
2,train,3000,379,2bvf_1_A,1
2,train,3000,380,3lhr_1_A,1
2,train,3000,381,4l0p_1_A,1
2,train,3000,382,4ay9_1_A,1
2,train,3000,383,4awd_1_A,1
2,train,3000,384,3mpb_1_B,1
2,train,3000,385,1zv8_1_A,1
2,train,3000,386,3rmp_1_B,1
2,train,3000,387,4f54_1_A,1
2,train,3000,388,5m2p_1_A,1
2,train,3000,389,3ke2_1_B,1
2,train,3000,390,3cu2_1_A,1
2,train,3000,391,4r5c_1_A,1
2,train,3000,392,3hx9_1_A,1
2,train,3000,393,4bsx_1_A,1
2,train,3000,394,5fx0_1_A,1
2,train,3000,395,1cy9_1_B,1
2,train,3000,396,4khb_1_A,1
2,train,3000,397,2yhc_1_A,1
2,train,3000,398,5th5_1_B,1
2,train,3000,399,3n6y_1_A,1
2,train,3000,400,3w6b_1_A,1
2,train,3000,401,5xbf_1_A,1
2,train,3000,402,3jvo_1_G,1
2,train,3000,403,4b93_1_A,1
2,train,3000,404,3nbh_1_A,1
2,train,3000,405,2h1e_1_B,1
2,train,3000,406,1af6_1_A,1
2,train,3000,407,3cet_1_A,1
2,train,3000,408,2r6u_1_B,1
2,train,3000,409,5cqf_1_A,1
2,train,3000,410,3b8y_1_A,1
2,train,3000,411,3knz_1_B,1
2,train,3000,412,5fgw_1_A,1
2,train,3000,413,4mob_1_A,1
2,train,3000,414,1lb6_1_A,1
2,train,3000,415,3gyk_1_A,1
2,train,3000,416,4xpl_1_A,1
2,train,3000,417,5ce1_1_A,1
2,train,3000,418,5flw_1_A,1
2,train,3000,419,3eee_1_A,1
2,train,3000,420,2qgm_1_A,1
2,train,3000,421,5mwk_1_A,0
2,train,3000,422,4q5e_1_A,1
2,train,3000,423,4a3n_1_B,1
2,train,3000,424,5omb_1_B,1
2,train,3000,425,1dbh_1_A,1
2,train,3000,426,1eje_1_B,1
2,train,3000,427,2c1y_1_A,1
2,train,3000,428,2vq5_1_A,1
2,train,3000,429,3k7b_1_A,1
2,train,3000,430,3f4s_1_A,1
2,train,3000,431,2yut_1_B,1
2,train,3000,432,5h86_1_A,1
2,train,3000,433,3bxe_1_B,1
2,train,3000,434,5xfl_1_A,1
2,train,3000,435,1gmn_1_B,1
2,train,3000,436,5gub_1_A,1
2,train,3000,437,1byf_1_A,1
2,train,3000,438,4ztc_1_A,1
2,train,3000,439,3u2g_1_A,1
2,train,3000,440,2hsi_1_A,1
2,train,3000,441,3a8y_1_B,1
2,train,3000,442,4irf_1_A,1
2,train,3000,443,4tkp_1_B,1
2,train,3000,444,3kto_1_A,1
2,train,3000,445,4ttw_1_B,1
2,train,3000,446,3qwm_1_B,1
2,train,3000,447,4fqe_1_A,1
2,train,3000,448,4a8x_1_A,1
2,train,3000,449,1bcg_1_A,1
2,train,3000,450,5j4f_1_B,1
2,train,3000,451,1urn_1_A,1
2,train,3000,452,4gym_1_A,1
2,train,3000,453,3g16_1_B,1
2,train,3000,454,5e31_1_A,1
2,train,3000,455,3hxt_1_A,1
2,train,3000,456,3kh5_1_A,1
2,train,3000,457,1h8a_1_A,1
2,train,3000,458,4l8h_1_A,1
2,train,3000,459,5o6b_1_B,1
2,train,3000,460,3dou_1_A,1
2,train,3000,461,4g2a_1_A,1
2,train,3000,462,4e6h_1_B,1
2,train,3000,463,3va9_1_A,1
2,train,3000,464,3ege_1_A,1
2,train,3000,465,3o0z_1_B,1
2,train,3000,466,3hjr_1_A,1
2,train,3000,467,1jid_1_A,1
2,train,3000,468,5e3e_1_A,1
2,train,3000,469,5iz5_1_A,1
2,train,3000,470,5t2s_1_A,1
2,train,3000,471,1n2z_1_A,1
2,train,3000,472,4jcr_1_A,1
2,train,3000,473,4ynx_1_A,1
2,train,3000,474,3cc8_1_B,1
2,train,3000,475,2nx0_1_A,1
2,train,3000,476,3qd7_1_A,1
2,train,3000,477,1gmu_1_A,1
2,train,3000,478,2ovi_1_A,1
2,train,3000,479,5hx0_1_B,1
2,train,3000,480,5n7z_1_A,1
2,train,3000,481,3na6_1_A,1
2,train,3000,482,1u0t_1_C,1
2,train,3000,483,3lqb_1_A,1
2,train,3000,484,1q9s_1_A,1
2,train,3000,485,2uvf_1_A,1
2,train,3000,486,1xpp_1_D,1
2,train,3000,487,1idu_1_A,1
2,train,3000,488,4u6b_1_A,1
2,train,3000,489,1yle_1_A,1
2,train,3000,490,5gi4_1_A,1
2,train,3000,491,3tte_1_A,1
2,train,3000,492,5tw9_1_B,1
2,train,3000,493,2it2_1_A,1
2,train,3000,494,4qjv_1_A,1
2,train,3000,495,5a6t_1_B,1
2,train,3000,496,4nca_1_A,1
2,train,3000,497,2ich_1_A,1
2,train,3000,498,4jg5_1_A,1
2,train,3000,499,4l3u_1_A,1
2,train,3000,500,2qml_1_A,1
2,train,3000,501,4bok_1_A,1
2,train,3000,502,1avy_1_A,1
2,train,3000,503,3c48_1_B,1
2,train,3000,504,4pgs_1_A,1
2,train,3000,505,4pg6_1_B,1
2,train,3000,506,3h5l_1_A,1
2,train,3000,507,3sy6_1_B,1
2,train,3000,508,2vpz_1_C,1
2,train,3000,509,6ckn_1_B,1
2,train,3000,510,4xuv_1_B,1
2,train,3000,511,1c28_1_C,1
2,train,3000,512,3ng7_1_A,1
2,train,3000,513,4h15_1_A,1
2,train,3000,514,3lkj_1_B,1
2,train,3000,515,3cbn_1_A,1
2,train,3000,516,1npi_1_A,1
2,train,3000,517,3ls8_1_A,1
2,train,3000,518,4ox0_1_A,1
2,train,3000,519,5ap8_1_A,1
2,train,3000,520,3ok8_1_B,1
2,train,3000,521,5sv5_1_A,1
2,train,3000,522,4dnh_1_A,1
2,train,3000,523,4fmr_1_A,1
2,train,3000,524,3erv_1_A,1
2,train,3000,525,4mbt_1_A,1
2,train,3000,526,2ymv_1_A,1
2,train,3000,527,4l0j_1_A,1
2,train,3000,528,3o0d_1_A,1
2,train,3000,529,1fyh_1_B,1
2,train,3000,530,2xsr_1_A,1
2,train,3000,531,3f9t_1_B,1
2,train,3000,532,5ivu_1_A,1
2,train,3000,533,2dji_1_A,1
2,train,3000,534,5xbf_1_B,1
2,train,3000,535,3fwu_1_A,1
2,train,3000,536,3c0c_1_A,1
2,train,3000,537,5umr_1_A,1
2,train,3000,538,2o2y_1_C,1
2,train,3000,539,2nxo_1_B,1
2,train,3000,540,4uau_1_A,1
2,train,3000,541,2f6m_1_B,1
2,train,3000,542,2y6y_1_A,1
2,train,3000,543,4eh1_1_B,1
2,train,3000,544,3o9z_1_A,1
2,train,3000,545,4uox_1_C,1
2,train,3000,546,5e1v_1_A,1
2,train,3000,547,5c74_1_B,1
2,train,3000,548,5e3e_1_B,1
2,train,3000,549,1yvr_1_A,1
2,train,3000,550,2h0b_1_A,1
2,train,3000,551,2qen_1_A,1
2,train,3000,552,4ege_1_B,1
2,train,3000,553,5g5o_1_B,1
2,train,3000,554,1tsf_1_A,1
2,train,3000,555,4arm_1_A,1
2,train,3000,556,4qyb_1_B,1
2,train,3000,557,4ml1_1_B,1
2,train,3000,558,5wf1_1_A,1
2,train,3000,559,1n0l_1_B,1
2,train,3000,560,4z51_1_A,1
2,train,3000,561,2xx3_1_B,1
2,train,3000,562,3lev_1_A,1
2,train,3000,563,3cjm_1_A,1
2,train,3000,564,1gcu_1_A,1
2,train,3000,565,3he0_1_B,1
2,train,3000,566,3p1u_1_A,1
2,train,3000,567,5aiu_1_A,1
2,train,3000,568,4yif_1_A,1
2,train,3000,569,2gum_1_B,1
2,train,3000,570,5oar_1_A,1
2,train,3000,571,1g3j_1_B,1
2,train,3000,572,2bnx_1_A,1
2,train,3000,573,4iji_1_B,1
2,train,3000,574,2e4m_1_A,1
2,train,3000,575,3ech_1_B,1
2,train,3000,576,4qri_1_B,1
2,train,3000,577,2bh8_1_B,1
2,train,3000,578,2guz_1_B,1
2,train,3000,579,2fdj_1_A,1
2,train,3000,580,4n0l_1_A,1
2,train,3000,581,4za1_1_B,1
2,train,3000,582,4l9e_1_A,1
2,train,3000,583,4ino_1_A,1
2,train,3000,584,4kku_1_A,1
2,train,3000,585,4fj4_1_A,1
2,train,3000,586,1js2_1_A,1
2,train,3000,587,1lur_1_A,1
2,train,3000,588,2et1_1_A,1
2,train,3000,589,4jiv_1_D,1
2,train,3000,590,5aq0_1_A,1
2,train,3000,591,3qqw_1_A,1
2,train,3000,592,1gwe_1_A,1
2,train,3000,593,1lxn_1_A,1
2,train,3000,594,2anv_1_A,1
2,train,3000,595,4krt_1_A,1
2,train,3000,596,1qfx_1_C,1
2,train,3000,597,1o57_1_A,1
2,train,3000,598,2een_1_B,1
2,train,3000,599,3fkm_1_A,1
2,train,3000,600,2in3_1_A,1
2,train,3000,601,5jk0_1_B,1
2,train,3000,602,1xr4_1_B,1
2,train,3000,603,1u0s_1_A,1
2,train,3000,604,5th6_1_A,1
2,train,3000,605,4x54_1_B,1
2,train,3000,606,3d0r_1_B,1
2,train,3000,607,5w3t_1_A,1
2,train,3000,608,3d5l_1_A,1
2,train,3000,609,4mkm_1_A,1
2,train,3000,610,3dp7_1_B,1
2,train,3000,611,5gk0_1_B,1
2,train,3000,612,1gr2_1_A,1
2,train,3000,613,2hfu_1_A,1
2,train,3000,614,4o5v_1_A,1
2,train,3000,615,1hup_1_A,1
2,train,3000,616,2wag_1_B,1
2,train,3000,617,4jdu_1_A,1
2,train,3000,618,4jph_1_A,1
2,train,3000,619,4yxa_1_A,1
2,train,3000,620,4aip_1_B,1
2,train,3000,621,3b8i_1_D,1
2,train,3000,622,5enc_1_A,1
2,train,3000,623,2b51_1_A,1
2,train,3000,624,1on1_1_A,1
2,train,3000,625,3m7n_1_A,1
2,train,3000,626,5imm_1_A,1
2,train,3000,627,3dsd_1_A,1
2,train,3000,628,3ang_1_A,1
2,train,3000,629,4mjw_1_A,1
2,train,3000,630,1s3z_1_A,1
2,train,3000,631,5nv8_1_A,1
2,train,3000,632,5t3b_1_A,1
2,train,3000,633,4hcs_1_A,1
2,train,3000,634,2rci_1_A,1
2,train,3000,635,4x9n_1_A,1
2,train,3000,636,3fid_1_A,1
2,train,3000,637,4yn0_1_B,1
2,train,3000,638,4aej_1_B,1
2,train,3000,639,3eod_1_A,1
2,train,3000,640,4ytl_1_A,1
2,train,3000,641,3l22_1_A,1
2,train,3000,642,2v1y_1_A,1
2,train,3000,643,3tac_1_B,1
2,train,3000,644,3emn_1_A,1
2,train,3000,645,4web_1_A,1
2,train,3000,646,1ezs_1_B,1
2,train,3000,647,1sny_1_B,1
2,train,3000,648,1q19_1_A,1
2,train,3000,649,1vpb_1_B,1
2,train,3000,650,2hz7_1_A,1
2,train,3000,651,5hbr_1_B,1
2,train,3000,652,1xtp_1_A,1
2,train,3000,653,2gh1_1_A,1
2,train,3000,654,3d3h_1_B,1
2,train,3000,655,3v77_1_B,1
2,train,3000,656,3skv_1_A,1
2,train,3000,657,4bxi_1_B,1
2,train,3000,658,4f3r_1_A,1
2,train,3000,659,2ba2_1_A,1
2,train,3000,660,4im9_1_A,1
2,train,3000,661,3h4x_1_A,1
2,train,3000,662,3c4a_1_A,1
2,train,3000,663,1wcw_1_A,1
2,train,3000,664,2qx5_1_A,1
2,train,3000,665,2e5v_1_A,1
2,train,3000,666,5z7i_1_A,1
2,train,3000,667,4qpv_1_A,1
2,train,3000,668,1w0h_1_A,1
2,train,3000,669,1yn9_1_A,1
2,train,3000,670,1h8e_1_G,1
2,train,3000,671,4i5t_1_A,1
2,train,3000,672,5lrt_1_A,1
2,train,3000,673,4fc8_1_A,1
2,train,3000,674,3t6g_1_A,1
2,train,3000,675,5xun_1_A,1
2,train,3000,676,2a1i_1_A,1
2,train,3000,677,3rh3_1_A,1
2,train,3000,678,4rpo_1_A,1
2,train,3000,679,1epa_1_B,1
2,train,3000,680,2yxo_1_B,1
2,train,3000,681,1rhf_1_A,1
2,train,3000,682,2fkb_1_A,1
2,train,3000,683,1e1h_1_C,1
2,train,3000,684,3zle_1_A,1
2,train,3000,685,1o94_1_A,1
2,train,3000,686,5unc_1_A,1
2,train,3000,687,2p06_1_B,1
2,train,3000,688,5le5_1_D,1
2,train,3000,689,1t44_1_B,1
2,train,3000,690,6cwx_1_B,1
2,train,3000,691,3f8x_1_A,1
2,train,3000,692,1odf_1_A,1
2,train,3000,693,5jfc_1_A,1
2,train,3000,694,1ng6_1_A,1
2,train,3000,695,3zyp_1_A,1
2,train,3000,696,4u03_1_A,1
2,train,3000,697,4b1l_1_A,1
2,train,3000,698,1fle_1_B,1
2,train,3000,699,5gj7_1_A,1
2,train,3000,700,2hbo_1_B,1
2,train,3000,701,5ceg_1_A,1
2,train,3000,702,3kd4_1_A,1
2,train,3000,703,2y1q_1_A,1
2,train,3000,704,3mpc_1_A,1
2,train,3000,705,5wfb_1_A,1
2,train,3000,706,2i39_1_A,1
2,train,3000,707,4q6k_1_A,1
2,train,3000,708,2f17_1_A,1
2,train,3000,709,2fhd_1_C,1
2,train,3000,710,4p4g_1_A,1
2,train,3000,711,5v2z_1_A,1
2,train,3000,712,3r8q_1_A,1
2,train,3000,713,5t05_1_A,1
2,train,3000,714,4kh3_1_A,1
2,train,3000,715,3d2w_1_B,1
2,train,3000,716,5ea2_1_B,1
2,train,3000,717,3kos_1_A,1
2,train,3000,718,5tjj_1_B,1
2,train,3000,719,3v4h_1_A,1
2,train,3000,720,1qve_1_A,1
2,train,3000,721,3qwu_1_B,1
2,train,3000,722,3gmf_1_A,1
2,train,3000,723,3d37_1_B,1
2,train,3000,724,2dgc_1_B,1
2,train,3000,725,2dtc_1_B,1
2,train,3000,726,2fcu_1_A,1
2,train,3000,727,1w55_1_A,1
2,train,3000,728,1g33_1_A,1
2,train,3000,729,3k4z_1_A,1
2,train,3000,730,3mzo_1_F,1
2,train,3000,731,1krl_1_B,1
2,train,3000,732,1a0p_1_A,1
2,train,3000,733,5vit_1_B,1
2,train,3000,734,3f67_1_A,1
2,train,3000,735,2rdq_1_A,1
2,train,3000,736,3hrd_1_F,1
2,train,3000,737,5xdc_1_D,1
2,train,3000,738,3m7p_1_B,1
2,train,3000,739,3x1l_1_F,1
2,train,3000,740,3fm8_1_A,1
2,train,3000,741,2pul_1_A,1
2,train,3000,742,1npp_1_A,1
2,train,3000,743,1ogo_1_A,1
2,train,3000,744,2qh5_1_A,1
2,train,3000,745,4pki_1_B,1
2,train,3000,746,4k6n_1_A,1
2,train,3000,747,3t7j_1_A,1
2,train,3000,748,4ni6_1_A,1
2,train,3000,749,4jxb_1_A,1
2,train,3000,750,5aoz_1_A,1
2,train,3000,751,1vqr_1_A,1
2,train,3000,752,2oo0_1_B,1
2,train,3000,753,3h79_1_A,1
2,train,3000,754,3sto_1_A,1
2,train,3000,755,3tr5_1_A,1
2,train,3000,756,5eyi_1_B,1
2,train,3000,757,1e9s_1_E,1
2,train,3000,758,4n0i_1_B,1
2,train,3000,759,2nps_1_D,1
2,train,3000,760,3hpc_1_A,1
2,train,3000,761,5ol1_1_A,1
2,train,3000,762,1df4_1_A,1
2,train,3000,763,3b5p_1_A,1
2,train,3000,764,3ca8_1_A,1
2,train,3000,765,1am2_1_B,1
2,train,3000,766,1ui5_1_A,1
2,train,3000,767,4i86_1_A,1
2,train,3000,768,2xcm_1_B,1
2,train,3000,769,5by4_1_B,1
2,train,3000,770,1r27_1_A,0
2,train,3000,771,3ffh_1_B,1
2,train,3000,772,3bje_1_B,1
2,train,3000,773,5xbu_1_A,1
2,train,3000,774,3ppv_1_A,1
2,train,3000,775,2vfr_1_A,1
2,train,3000,776,3zje_1_A,1
2,train,3000,777,1j2x_1_A,1
2,train,3000,778,2r2c_1_B,1
2,train,3000,779,3kde_1_A,1
2,train,3000,780,4k7z_1_A,1
2,train,3000,781,1mk1_1_A,1
2,train,3000,782,4fgc_1_B,1
2,train,3000,783,3lx4_1_A,1
2,train,3000,784,1vjv_1_A,1
2,train,3000,785,4o8v_1_A,1
2,train,3000,786,3be3_1_A,1
2,train,3000,787,3c4s_1_A,1
2,train,3000,788,5oak_1_A,1
2,train,3000,789,2d0s_1_A,1
2,train,3000,790,1a9y_1_A,1
2,train,3000,791,4n6r_1_B,1
2,train,3000,792,2gmk_1_A,1
2,train,3000,793,3b8f_1_B,1
2,train,3000,794,4pe3_1_A,1
2,train,3000,795,1qnx_1_A,1
2,train,3000,796,1wlg_1_B,1
2,train,3000,797,3fij_1_A,1
2,train,3000,798,4za6_1_A,1
2,train,3000,799,3jt0_1_A,1
2,train,3000,800,2b2k_1_B,1
2,train,3000,801,3oq3_1_B,1
2,train,3000,802,3uaf_1_B,1
2,train,3000,803,3onq_1_C,1
2,train,3000,804,4dam_1_D,1
2,train,3000,805,3uzu_1_A,1
2,train,3000,806,4wd1_1_A,1
2,train,3000,807,2xss_1_A,1
2,train,3000,808,4bl6_1_D,1
2,train,3000,809,2r2z_1_A,1
2,train,3000,810,3ijd_1_B,1
2,train,3000,811,5bp3_1_A,1
2,train,3000,812,1dc1_1_A,1
2,train,3000,813,2imj_1_B,1
2,train,3000,814,5veo_1_A,1
2,train,3000,815,5jou_1_A,1
2,train,3000,816,1iah_1_A,1
2,train,3000,817,1ji6_1_A,1
2,train,3000,818,3dxs_1_A,1
2,train,3000,819,5t1p_1_A,1
2,train,3000,820,3cvv_1_A,1
2,train,3000,821,1zud_1_A,1
2,train,3000,822,5u7p_1_A,1
2,train,3000,823,4xib_1_A,1
2,train,3000,824,3rpf_1_D,1
2,train,3000,825,4cgb_1_C,1
2,train,3000,826,3b7r_1_A,1
2,train,3000,827,4noa_1_A,1
2,train,3000,828,5u01_1_D,1
2,train,3000,829,4gcz_1_A,1
2,train,3000,830,1j8e_1_A,1
2,train,3000,831,5a3d_1_B,1
2,train,3000,832,2doh_1_B,1
2,train,3000,833,1b4a_1_A,1
2,train,3000,834,1cb7_1_A,1
2,train,3000,835,3i6t_1_A,1
2,train,3000,836,3wdm_1_A,1
2,train,3000,837,3h1n_1_A,1
2,train,3000,838,3mkq_1_E,1
2,train,3000,839,2iy9_1_A,1
2,train,3000,840,4eju_1_A,1
2,train,3000,841,3wut_1_B,1
2,train,3000,842,3hrn_1_A,1
2,train,3000,843,5n07_1_B,1
2,train,3000,844,3ww8_1_B,1
2,train,3000,845,2zcu_1_A,1
2,train,3000,846,4e03_1_A,1
2,train,3000,847,5jcp_1_A,1
2,train,3000,848,4lba_1_A,1
2,train,3000,849,2hev_1_B,1
2,train,3000,850,4mjf_1_B,1
2,train,3000,851,4bin_1_A,1
2,train,3000,852,3i6y_1_A,1
2,train,3000,853,1esc_1_A,1
2,train,3000,854,1bzy_1_A,1
2,train,3000,855,3zuo_1_A,1
2,train,3000,856,3qr8_1_C,1
2,train,3000,857,4ngc_1_A,1
2,train,3000,858,3dmd_1_A,1
2,train,3000,859,3qau_1_A,1
2,train,3000,860,3nqz_1_B,1
2,train,3000,861,4wy9_1_A,1
2,train,3000,862,1h75_1_A,1
2,train,3000,863,1x0v_1_B,1
2,train,3000,864,4mgs_1_A,1
2,train,3000,865,2zsi_1_A,1
2,train,3000,866,4dck_1_A,1
2,train,3000,867,5v6i_1_A,1
2,train,3000,868,2r2a_1_A,1
2,train,3000,869,3c7m_1_A,1
2,train,3000,870,4cu2_1_A,1
2,train,3000,871,2y64_1_A,1
2,train,3000,872,1e5x_1_B,1
2,train,3000,873,1fjl_1_B,1
2,train,3000,874,5w7a_1_A,1
2,train,3000,875,5dtc_1_A,1
2,train,3000,876,2nyi_1_B,1
2,train,3000,877,2g62_1_A,1
2,train,3000,878,3fav_1_A,1
2,train,3000,879,4ccg_1_B,1
2,train,3000,880,2qtq_1_A,1
2,train,3000,881,6az2_1_B,1
2,train,3000,882,4lsy_1_A,1
2,train,3000,883,1cau_1_A,1
2,train,3000,884,1sfu_1_B,1
2,train,3000,885,4gs3_1_A,1
2,train,3000,886,2cv9_1_A,1
2,train,3000,887,1poi_1_A,1
2,train,3000,888,3e8l_1_C,1
2,train,3000,889,4rle_1_A,1
2,train,3000,890,4f3n_1_A,1
2,train,3000,891,4wwr_1_A,1
2,train,3000,892,1ecf_1_B,1
2,train,3000,893,1kil_1_D,1
2,train,3000,894,1jos_1_A,1
2,train,3000,895,5trb_1_B,1
2,train,3000,896,3ot2_1_B,1
2,train,3000,897,2oee_1_B,1
2,train,3000,898,4ysx_1_C,1
2,train,3000,899,4lqd_1_B,1
2,train,3000,900,3e4w_1_A,1
2,train,3000,901,5aho_1_A,1
2,train,3000,902,3njk_1_A,1
2,train,3000,903,3g3z_1_B,1
2,train,3000,904,6gao_1_C,1
2,train,3000,905,3p47_1_A,1
2,train,3000,906,1d0g_1_E,1
2,train,3000,907,4txg_1_A,1
2,train,3000,908,2oo2_1_B,1
2,train,3000,909,3w54_1_B,1
2,train,3000,910,4jjh_1_A,1
2,train,3000,911,5t12_1_A,1
2,train,3000,912,2ftz_1_A,1
2,train,3000,913,3k7p_1_A,1
2,train,3000,914,2vvw_1_B,1
2,train,3000,915,1xki_1_A,1
2,train,3000,916,4iaj_1_B,1
2,train,3000,917,2j3v_1_A,1
2,train,3000,918,1wko_1_A,1
2,train,3000,919,4i2l_1_A,1
2,train,3000,920,1gug_1_A,1
2,train,3000,921,2jgn_1_A,1
2,train,3000,922,2h0u_1_B,1
2,train,3000,923,2hlq_1_A,1
2,train,3000,924,4jp0_1_A,1
2,train,3000,925,2ibb_1_A,1
2,train,3000,926,1wmg_1_A,1
2,train,3000,927,3b6h_1_A,1
2,train,3000,928,5dbl_1_A,1
2,train,3000,929,2h6t_1_A,1
2,train,3000,930,1dvo_1_A,1
2,train,3000,931,5x0t_1_C,1
2,train,3000,932,5wgr_1_A,1
2,train,3000,933,4a8j_1_F,1
2,train,3000,934,1uc7_1_A,1
2,train,3000,935,4zox_1_A,1
2,train,3000,936,3dka_1_A,1
2,train,3000,937,3tvz_1_A,1
2,train,3000,938,3emf_1_B,1
2,train,3000,939,3kw6_1_A,1
2,train,3000,940,1okg_1_A,1
2,train,3000,941,1ys4_1_B,1
2,train,3000,942,1or7_1_A,1
2,train,3000,943,1eq2_1_D,1
2,train,3000,944,3h41_1_A,1
2,train,3000,945,3asi_1_A,1
2,train,3000,946,2rbb_1_B,1
2,train,3000,947,3kl7_1_A,1
2,train,3000,948,3lft_1_A,1
2,train,3000,949,4agr_1_A,1
2,train,3000,950,5kms_1_B,1
2,train,3000,951,3ngf_1_A,1
2,train,3000,952,5dcs_1_A,1
2,train,3000,953,4hl9_1_B,1
2,train,3000,954,1n52_1_A,1
2,train,3000,955,3mq0_1_A,1
2,train,3000,956,1wsu_1_A,1
2,train,3000,957,4mls_1_A,1
2,train,3000,958,5udf_1_A,1
2,train,3000,959,4f0j_1_A,1
2,train,3000,960,2yms_1_A,1
2,train,3000,961,5yxm_1_A,1
2,train,3000,962,4i1s_1_A,1
2,train,3000,963,3mvu_1_A,1
2,train,3000,964,4psu_1_A,1
2,train,3000,965,4z8w_1_A,1
2,train,3000,966,3ff2_1_B,1
2,train,3000,967,1aba_1_A,1
2,train,3000,968,2rfa_1_A,1
2,train,3000,969,5ija_1_A,1
2,train,3000,970,2np9_1_A,1
2,train,3000,971,3ddt_1_A,1
2,train,3000,972,4rgp_1_B,1
2,train,3000,973,2y1b_1_A,1
2,train,3000,974,5wee_1_B,1
2,train,3000,975,4nux_1_A,1
2,train,3000,976,2r6z_1_A,1
2,train,3000,977,4k3u_1_A,1
2,train,3000,978,4dcm_1_A,1
2,train,3000,979,3p7n_1_A,1
2,train,3000,980,5juf_1_A,1
2,train,3000,981,2cxi_1_A,1
2,train,3000,982,3s64_1_B,1
2,train,3000,983,5msy_1_A,1
2,train,3000,984,2fk5_1_A,1
2,train,3000,985,1qb2_1_A,1
2,train,3000,986,1wyt_1_A,1
2,train,3000,987,1suu_1_A,1
2,train,3000,988,4ja7_1_A,1
2,train,3000,989,1x9z_1_B,1
2,train,3000,990,3ghd_1_A,1
2,train,3000,991,2abk_1_A,1
2,train,3000,992,5dhi_1_A,1
2,train,3000,993,1rlr_1_A,1
2,train,3000,994,3web_1_A,1
2,train,3000,995,1fbn_1_A,1
2,train,3000,996,2wn7_1_A,1
2,train,3000,997,4fzy_1_A,1
2,train,3000,998,2ew0_1_A,1
2,train,3000,999,3lyg_1_B,1
2,train,3000,1000,5gjk_1_A,1
2,train,3000,1001,4pu6_1_B,1
2,train,3000,1002,4je3_1_B,1
2,train,3000,1003,1ujc_1_A,1
2,train,3000,1004,3w15_1_A,1
2,train,3000,1005,3hxs_1_A,1
2,train,3000,1006,2y8l_1_A,1
2,train,3000,1007,2hf0_1_A,1
2,train,3000,1008,2pa8_1_B,1
2,train,3000,1009,3ii7_1_A,1
2,train,3000,1010,2h27_1_A,1
2,train,3000,1011,4lj0_1_B,1
2,train,3000,1012,3mts_1_A,1
2,train,3000,1013,1ko1_1_B,1
2,train,3000,1014,2hlh_1_A,1
2,train,3000,1015,1ygs_1_A,1
2,train,3000,1016,5nus_1_A,1
2,train,3000,1017,3abk_1_D,1
2,train,3000,1018,6emy_1_A,1
2,train,3000,1019,1q2l_1_A,1
2,train,3000,1020,5aun_1_A,1
2,train,3000,1021,2hzg_1_B,1
2,train,3000,1022,5m8l_1_A,1
2,train,3000,1023,2yhy_1_A,1
2,train,3000,1024,2rh0_1_B,1
2,train,3000,1025,3d48_1_A,1
2,train,3000,1026,2b7u_1_A,1
2,train,3000,1027,2y7b_1_A,1
2,train,3000,1028,6bqk_1_A,1
2,train,3000,1029,4u1e_1_C,1
2,train,3000,1030,3hwr_1_B,1
2,train,3000,1031,3sjq_1_D,1
2,train,3000,1032,3him_1_A,1
2,train,3000,1033,5ze8_1_A,1
2,train,3000,1034,3v8j_1_A,1
2,train,3000,1035,4i5l_1_A,1
2,train,3000,1036,2wpx_1_A,1
2,train,3000,1037,5fav_1_B,1
2,train,3000,1038,3l95_1_E,1
2,train,3000,1039,4f7u_1_F,1
2,train,3000,1040,1hl9_1_A,1
2,train,3000,1041,3bil_1_B,1
2,train,3000,1042,2ab0_1_A,1
2,train,3000,1043,4ehc_1_A,1
2,train,3000,1044,4dr0_1_A,1
2,train,3000,1045,5k5v_1_A,1
2,train,3000,1046,2dp9_1_B,1
2,train,3000,1047,4igl_1_B,1
2,train,3000,1048,3i5x_1_A,1
2,train,3000,1049,2w3w_1_A,1
2,train,3000,1050,1f2u_1_B,1
2,train,3000,1051,2oy9_1_B,1
2,train,3000,1052,2ohc_1_B,1
2,train,3000,1053,4ih0_1_A,1
2,train,3000,1054,3f1i_1_B,1
2,train,3000,1055,2oyz_1_B,1
2,train,3000,1056,3h9w_1_B,1
2,train,3000,1057,3rh0_1_A,1
2,train,3000,1058,2fuv_1_A,1
2,train,3000,1059,1oey_1_B,1
2,train,3000,1060,3mse_1_B,1
2,train,3000,1061,3s8s_1_A,1
2,train,3000,1062,2b78_1_A,1
2,train,3000,1063,5uc6_1_A,1
2,train,3000,1064,2wt7_1_B,1
2,train,3000,1065,2owa_1_A,1
2,train,3000,1066,5eoy_1_A,1
2,train,3000,1067,1tlv_1_B,1
2,train,3000,1068,5vn4_1_A,1
2,train,3000,1069,2r6q_1_A,1
2,train,3000,1070,2z1p_1_A,1
2,train,3000,1071,3s6s_1_A,1
2,train,3000,1072,1zrl_1_B,1
2,train,3000,1073,2e11_1_B,1
2,train,3000,1074,1sji_1_B,1
2,train,3000,1075,1ocr_1_E,1
2,train,3000,1076,5vei_1_A,1
2,train,3000,1077,1ow1_1_A,1
2,train,3000,1078,5hs7_1_A,1
2,train,3000,1079,3soj_1_A,1
2,train,3000,1080,3gc3_1_A,1
2,train,3000,1081,3fbx_1_B,1
2,train,3000,1082,3qav_1_A,1
2,train,3000,1083,1r3f_1_A,1
2,train,3000,1084,1n4k_1_A,1
2,train,3000,1085,1xov_1_A,1
2,train,3000,1086,4z8v_1_A,1
2,train,3000,1087,4ghc_1_C,1
2,train,3000,1088,2f5k_1_A,1
2,train,3000,1089,2v7f_1_A,1
2,train,3000,1090,2a68_1_F,1
2,train,3000,1091,1wra_1_A,1
2,train,3000,1092,1rw1_1_A,1
2,train,3000,1093,1m93_1_B,1
2,train,3000,1094,3m4r_1_A,1
2,train,3000,1095,3pvs_1_A,1
2,train,3000,1096,1lcs_1_A,1
2,train,3000,1097,1umb_1_A,1
2,train,3000,1098,3ad7_1_C,1
2,train,3000,1099,3ajw_1_B,1
2,train,3000,1100,3eiv_1_A,1
2,train,3000,1101,1dgw_1_C,1
2,train,3000,1102,2ri0_1_A,1
2,train,3000,1103,3bjr_1_B,1
2,train,3000,1104,2fh5_1_B,1
2,train,3000,1105,5t86_1_B,1
2,train,3000,1106,1vr6_1_B,1
2,train,3000,1107,3cz8_1_B,1
2,train,3000,1108,1uc5_1_F,1
2,train,3000,1109,3mfn_1_B,1
2,train,3000,1110,4e72_1_A,1
2,train,3000,1111,4lqc_1_A,1
2,train,3000,1112,3l9j_1_A,1
2,train,3000,1113,6f9g_1_A,1
2,train,3000,1114,4hgn_1_A,1
2,train,3000,1115,4p63_1_B,1
2,train,3000,1116,3ic3_1_B,1
2,train,3000,1117,6ffl_1_A,1
2,train,3000,1118,2qmx_1_B,1
2,train,3000,1119,3qor_1_A,1
2,train,3000,1120,2a74_1_B,1
2,train,3000,1121,4g6h_1_A,1
2,train,3000,1122,2qgu_1_A,1
2,train,3000,1123,3sk7_1_A,1
2,train,3000,1124,2ouw_1_B,1
2,train,3000,1125,5omb_1_C,1
2,train,3000,1126,3vsj_1_A,1
2,train,3000,1127,2xst_1_A,1
2,train,3000,1128,1pjc_1_A,1
2,train,3000,1129,4x2o_1_A,1
2,train,3000,1130,3fd4_1_A,1
2,train,3000,1131,3fmy_1_B,1
2,train,3000,1132,5cww_1_B,1
2,train,3000,1133,1wkb_1_A,1
2,train,3000,1134,1wlj_1_A,1
2,train,3000,1135,3v75_1_B,1
2,train,3000,1136,5wc2_1_A,1
2,train,3000,1137,1um0_1_A,1
2,train,3000,1138,3hvw_1_A,1
2,train,3000,1139,5nf2_1_A,1
2,train,3000,1140,3czb_1_A,1
2,train,3000,1141,2nrk_1_B,1
2,train,3000,1142,3cin_1_A,1
2,train,3000,1143,1ro2_1_A,1
2,train,3000,1144,4tpv_1_A,1
2,train,3000,1145,1khy_1_A,1
2,train,3000,1146,4paw_1_A,1
2,train,3000,1147,3tej_1_A,1
2,train,3000,1148,3ief_1_B,1
2,train,3000,1149,4mig_1_D,1
2,train,3000,1150,3i7a_1_A,1
2,train,3000,1151,3fbu_1_B,1
2,train,3000,1152,5awo_1_A,1
2,train,3000,1153,1byr_1_A,1
2,train,3000,1154,4q7o_1_A,1
2,train,3000,1155,1zxu_1_A,1
2,train,3000,1156,4ejy_1_A,1
2,train,3000,1157,3wi5_1_A,1
2,train,3000,1158,2v8q_1_C,1
2,train,3000,1159,3bkh_1_A,1
2,train,3000,1160,4tvi_1_B,1
2,train,3000,1161,2w2u_1_A,1
2,train,3000,1162,1u2m_1_A,1
2,train,3000,1163,4n03_1_A,1
2,train,3000,1164,2y8k_1_A,1
2,train,3000,1165,1s3j_1_B,1
2,train,3000,1166,4ix3_1_B,1
2,train,3000,1167,5i0m_1_B,1
2,train,3000,1168,1hoe_1_A,1
2,train,3000,1169,5ldd_1_B,1
2,train,3000,1170,5idw_1_A,1
2,train,3000,1171,1hlb_1_A,1
2,train,3000,1172,2ddu_1_A,1
2,train,3000,1173,1gd2_1_B,1
2,train,3000,1174,3sd9_1_A,1
2,train,3000,1175,3lw9_1_A,1
2,train,3000,1176,4u3v_1_A,1
2,train,3000,1177,3e4b_1_A,1
2,train,3000,1178,1wo8_1_B,1
2,train,3000,1179,2rjn_1_A,1
2,train,3000,1180,3v83_1_A,1
2,train,3000,1181,3owa_1_B,1
2,train,3000,1182,3w1e_1_A,1
2,train,3000,1183,4lrz_1_D,1
2,train,3000,1184,3e2c_1_A,1
2,train,3000,1185,4n5h_1_A,1
2,train,3000,1186,2a3y_1_A,1
2,train,3000,1187,5k87_1_A,1
2,train,3000,1188,3p5r_1_A,1
2,train,3000,1189,1yhf_1_A,1
2,train,3000,1190,5wqw_1_A,1
2,train,3000,1191,3kk4_1_B,1
2,train,3000,1192,5mln_1_A,1
2,train,3000,1193,3aly_1_A,1
2,train,3000,1194,3og9_1_A,1
2,train,3000,1195,2d1h_1_B,1
2,train,3000,1196,3evz_1_A,1
2,train,3000,1197,2hnt_1_A,1
2,train,3000,1198,5lwv_1_A,1
2,train,3000,1199,3vz9_1_B,1
2,train,3000,1200,1gml_1_B,1
2,train,3000,1201,2ra1_1_A,1
2,train,3000,1202,5br1_1_A,1
2,train,3000,1203,5uay_1_A,1
2,train,3000,1204,2y6u_1_B,1
2,train,3000,1205,3cvt_1_A,1
2,train,3000,1206,5t10_1_B,1
2,train,3000,1207,5h13_1_A,1
2,train,3000,1208,5suy_1_A,1
2,train,3000,1209,4lun_1_A,1
2,train,3000,1210,2fbq_1_B,1
2,train,3000,1211,4bk0_1_A,1
2,train,3000,1212,3ec7_1_A,1
2,train,3000,1213,5dik_1_A,1
2,train,3000,1214,3r6d_1_A,1
2,train,3000,1215,2d1c_1_B,1
2,train,3000,1216,2g5g_1_B,1
2,train,3000,1217,1yqf_1_B,1
2,train,3000,1218,5kx5_1_E,1
2,train,3000,1219,4kqc_1_A,1
2,train,3000,1220,3euc_1_B,1
2,train,3000,1221,4nsw_1_B,1
2,train,3000,1222,1it3_1_A,1
2,train,3000,1223,5fre_1_A,1
2,train,3000,1224,1kon_1_A,1
2,train,3000,1225,2gpj_1_A,1
2,train,3000,1226,4fpw_1_A,1
2,train,3000,1227,5jwa_1_A,1
2,train,3000,1228,2h2a_1_B,1
2,train,3000,1229,2o5r_1_A,1
2,train,3000,1230,5ls7_1_C,1
2,train,3000,1231,2obp_1_A,1
2,train,3000,1232,3in6_1_B,1
2,train,3000,1233,4e44_1_A,1
2,train,3000,1234,5knk_1_A,1
2,train,3000,1235,6bzh_1_B,1
2,train,3000,1236,3on2_1_A,1
2,train,3000,1237,1jss_1_A,1
2,train,3000,1238,3c57_1_B,1
2,train,3000,1239,3u28_1_B,1
2,train,3000,1240,5hfi_1_A,1
2,train,3000,1241,2nrr_1_A,1
2,train,3000,1242,1zy7_1_A,1
2,train,3000,1243,2ill_1_A,1
2,train,3000,1244,4ilh_1_B,1
2,train,3000,1245,1mve_1_A,1
2,train,3000,1246,1uj8_1_A,1
2,train,3000,1247,5ioi_1_A,1
2,train,3000,1248,4kcf_1_A,1
2,train,3000,1249,2id4_1_A,1
2,train,3000,1250,4gs7_1_C,1
2,train,3000,1251,3i6i_1_A,1
2,train,3000,1252,5idy_1_B,1
2,train,3000,1253,3mgd_1_B,1
2,train,3000,1254,1t9f_1_A,1
2,train,3000,1255,2w58_1_B,1
2,train,3000,1256,3oi8_1_B,1
2,train,3000,1257,2yyo_1_B,1
2,train,3000,1258,2zae_1_B,1
2,train,3000,1259,3t4n_1_A,1
2,train,3000,1260,2c43_1_A,1
2,train,3000,1261,2rff_1_A,1
2,train,3000,1262,3b0h_1_A,1
2,train,3000,1263,5h4s_1_B,1
2,train,3000,1264,1nza_1_A,1
2,train,3000,1265,4jnj_1_A,1
2,train,3000,1266,1m4k_1_A,1
2,train,3000,1267,4gdx_1_B,1
2,train,3000,1268,2zsh_1_B,1
2,train,3000,1269,4bpm_1_A,1
2,train,3000,1270,3cio_1_B,1
2,train,3000,1271,3kkf_1_B,1
2,train,3000,1272,2ia2_1_B,1
2,train,3000,1273,3lsg_1_B,1
2,train,3000,1274,4z2f_1_A,1
2,train,3000,1275,3a8r_1_A,1
2,train,3000,1276,5dyn_1_A,1
2,train,3000,1277,2q3t_1_A,1
2,train,3000,1278,3dwg_1_A,1
2,train,3000,1279,5k04_1_A,1
2,train,3000,1280,3by8_1_A,1
2,train,3000,1281,3i76_1_A,1
2,train,3000,1282,1f7u_1_A,1
2,train,3000,1283,2o2a_1_B,1
2,train,3000,1284,4tse_1_A,1
2,train,3000,1285,2nsm_1_A,1
2,train,3000,1286,1ofd_1_A,0
2,train,3000,1287,2nsc_1_A,1
2,train,3000,1288,2x67_1_A,1
2,train,3000,1289,5lkq_1_B,1
2,train,3000,1290,4o3v_1_A,1
2,train,3000,1291,5u5g_1_B,1
2,train,3000,1292,3rqi_1_B,1
2,train,3000,1293,1ga8_1_A,1
2,train,3000,1294,4evf_1_A,1
2,train,3000,1295,2r19_1_B,1
2,train,3000,1296,5f5l_1_A,1
2,train,3000,1297,3f6q_1_B,1
2,train,3000,1298,4jnm_1_B,1
2,train,3000,1299,2bl7_1_A,1
2,train,3000,1300,2f4n_1_B,1
2,train,3000,1301,5f13_1_A,1
2,train,3000,1302,2z69_1_A,1
2,train,3000,1303,2vse_1_A,1
2,train,3000,1304,5a2a_1_A,1
2,train,3000,1305,2rbd_1_A,1
2,train,3000,1306,3fxt_1_B,1
2,train,3000,1307,3l43_1_B,1
2,train,3000,1308,3q2c_1_A,1
2,train,3000,1309,3ch4_1_A,1
2,train,3000,1310,4v1s_1_A,1
2,train,3000,1311,1deu_1_A,1
2,train,3000,1312,2xmo_1_A,1
2,train,3000,1313,2flh_1_A,1
2,train,3000,1314,2ya1_1_A,1
2,train,3000,1315,1i4j_1_B,1
2,train,3000,1316,3wu2_1_f,1
2,train,3000,1317,3zpj_1_A,1
2,train,3000,1318,3cwi_1_A,1
2,train,3000,1319,4wfw_1_A,1
2,train,3000,1320,2uur_1_A,1
2,train,3000,1321,1e0b_1_B,1
2,train,3000,1322,2anu_1_A,1
2,train,3000,1323,3k9t_1_A,1
2,train,3000,1324,4o4b_1_B,1
2,train,3000,1325,4j8t_1_A,1
2,train,3000,1326,1g51_1_A,1
2,train,3000,1327,5wxk_1_B,1
2,train,3000,1328,4gaf_1_B,1
2,train,3000,1329,5olp_1_A,1
2,train,3000,1330,2e1t_1_A,1
2,train,3000,1331,3hkm_1_A,1
2,train,3000,1332,5gyy_1_D,1
2,train,3000,1333,5exe_1_C,1
2,train,3000,1334,4mmo_1_B,1
2,train,3000,1335,1c25_1_A,1
2,train,3000,1336,2q3v_1_B,1
2,train,3000,1337,5hci_1_A,1
2,train,3000,1338,3u59_1_A,1
2,train,3000,1339,5vt9_1_A,1
2,train,3000,1340,4piv_1_A,1
2,train,3000,1341,4yzg_1_A,1
2,train,3000,1342,3lnu_1_A,1
2,train,3000,1343,4wzr_1_A,1
2,train,3000,1344,5of2_1_A,1
2,train,3000,1345,2w11_1_A,1
2,train,3000,1346,2hrk_1_A,1
2,train,3000,1347,4zzf_1_A,1
2,train,3000,1348,2p0s_1_B,1
2,train,3000,1349,4i1k_1_A,1
2,train,3000,1350,5wk0_1_B,1
2,train,3000,1351,6bgc_1_A,1
2,train,3000,1352,3m0v_1_C,1
2,train,3000,1353,5dhm_1_B,1
2,train,3000,1354,5msn_1_A,1
2,train,3000,1355,1ru4_1_A,1
2,train,3000,1356,1io1_1_A,1
2,train,3000,1357,5hbh_1_B,1
2,train,3000,1358,3rot_1_B,1
2,train,3000,1359,5ncx_1_A,1
2,train,3000,1360,3g1p_1_B,1
2,train,3000,1361,3clq_1_A,1
2,train,3000,1362,4x2m_1_A,1
2,train,3000,1363,4zyb_1_A,1
2,train,3000,1364,6b4a_1_A,1
2,train,3000,1365,3h7m_1_A,1
2,train,3000,1366,2q0y_1_B,1
2,train,3000,1367,4toi_1_B,1
2,train,3000,1368,3ix0_1_A,1
2,train,3000,1369,4jo0_1_A,1
2,train,3000,1370,4aty_1_B,1
2,train,3000,1371,4iz9_1_A,1
2,train,3000,1372,3qhy_1_B,1
2,train,3000,1373,3sho_1_A,1
2,train,3000,1374,3hdo_1_B,1
2,train,3000,1375,3ntn_1_C,1
2,train,3000,1376,2fzv_1_C,1
2,train,3000,1377,3inz_1_F,1
2,train,3000,1378,3hpd_1_A,1
2,train,3000,1379,1s4n_1_A,1
2,train,3000,1380,3ozx_1_A,1
2,train,3000,1381,2o1v_1_B,1
2,train,3000,1382,3v47_1_D,1
2,train,3000,1383,3hi9_1_A,1
2,train,3000,1384,1bxr_1_A,0
2,train,3000,1385,5evy_1_A,1
2,train,3000,1386,5i41_1_A,1
2,train,3000,1387,1t82_1_A,1
2,train,3000,1388,2cjs_1_A,1
2,train,3000,1389,4zv0_1_B,1
2,train,3000,1390,4tps_1_A,1
2,train,3000,1391,4f62_1_B,1
2,train,3000,1392,4obx_1_A,1
2,train,3000,1393,5ee7_1_A,1
2,train,3000,1394,2b5t_1_A,1
2,train,3000,1395,3ezu_1_B,1
2,train,3000,1396,3zy2_1_B,1
2,train,3000,1397,5xh8_1_A,1
2,train,3000,1398,1hk8_1_A,1
2,train,3000,1399,3t64_1_A,1
2,train,3000,1400,4j1v_1_A,1
2,train,3000,1401,4q1q_1_A,1
2,train,3000,1402,2bo9_1_D,1
2,train,3000,1403,1bm9_1_A,1
2,train,3000,1404,5h6b_1_A,1
2,train,3000,1405,6ey6_1_A,1
2,train,3000,1406,1bvy_1_C,1
2,train,3000,1407,4qdh_1_A,1
2,train,3000,1408,4l8k_1_A,1
2,train,3000,1409,1wu3_1_A,1
2,train,3000,1410,5htr_1_A,1
2,train,3000,1411,4zoh_1_D,1
2,train,3000,1412,4heb_1_A,1
2,train,3000,1413,1c5e_1_A,1
2,train,3000,1414,3fir_1_A,1
2,train,3000,1415,5ukv_1_A,1
2,train,3000,1416,1usu_1_B,1
2,train,3000,1417,1olz_1_A,1
2,train,3000,1418,3qwo_1_C,1
2,train,3000,1419,3cs3_1_B,1
2,train,3000,1420,1iuz_1_A,1
2,train,3000,1421,1w8i_1_B,1
2,train,3000,1422,1zh1_1_A,1
2,train,3000,1423,5xk6_1_A,1
2,train,3000,1424,3lf2_1_B,1
2,train,3000,1425,2b9c_1_A,1
2,train,3000,1426,3fnc_1_A,1
2,train,3000,1427,2ejt_1_A,1
2,train,3000,1428,5xpv_1_B,1
2,train,3000,1429,3qxb_1_B,1
2,train,3000,1430,3bpx_1_B,1
2,train,3000,1431,4yhc_1_A,1
2,train,3000,1432,5k4d_1_A,1
2,train,3000,1433,2nog_1_B,1
2,train,3000,1434,1mt1_1_B,1
2,train,3000,1435,4gwo_1_A,1
2,train,3000,1436,4paf_1_A,1
2,train,3000,1437,4j8q_1_B,1
2,train,3000,1438,3h8d_1_B,1
2,train,3000,1439,5ahk_1_B,1
2,train,3000,1440,3i9s_1_B,1
2,train,3000,1441,3woz_1_A,1
2,train,3000,1442,3o10_1_B,1
2,train,3000,1443,5fgs_1_C,1
2,train,3000,1444,5jjm_1_A,1
2,train,3000,1445,4ct0_1_B,1
2,train,3000,1446,5yuf_1_A,1
2,train,3000,1447,2f6r_1_A,1
2,train,3000,1448,4ge3_1_A,1
2,train,3000,1449,4q95_1_B,1
2,train,3000,1450,1wcu_1_A,1
2,train,3000,1451,4wli_1_B,1
2,train,3000,1452,2eh3_1_B,1
2,train,3000,1453,2hqy_1_B,1
2,train,3000,1454,3fk9_1_B,1
2,train,3000,1455,5a29_1_A,1
2,train,3000,1456,4eqq_1_B,1
2,train,3000,1457,4n68_1_A,1
2,train,3000,1458,1epu_1_A,1
2,train,3000,1459,3ec4_1_A,1
2,train,3000,1460,3l7z_1_A,1
2,train,3000,1461,1dqe_1_A,1
2,train,3000,1462,4liz_1_A,1
2,train,3000,1463,4xxb_1_B,1
2,train,3000,1464,4zds_1_B,1
2,train,3000,1465,1dmg_1_A,1
2,train,3000,1466,4ytk_1_A,1
2,train,3000,1467,2ikk_1_B,1
2,train,3000,1468,3pps_1_A,1
2,train,3000,1469,3x3f_1_A,1
2,train,3000,1470,4hse_1_A,1
2,train,3000,1471,3irb_1_A,1
2,train,3000,1472,5lxt_1_F,1
2,train,3000,1473,3m4w_1_C,1
2,train,3000,1474,3up3_1_A,1
2,train,3000,1475,3akj_1_B,1
2,train,3000,1476,1fup_1_B,1
2,train,3000,1477,5y5s_1_V,1
2,train,3000,1478,5b4z_1_A,1
2,train,3000,1479,4wcj_1_A,1
2,train,3000,1480,1zso_1_A,1
2,train,3000,1481,5ttd_1_A,1
2,train,3000,1482,3dip_1_B,1
2,train,3000,1483,4oma_1_A,1
2,train,3000,1484,1dbx_1_A,1
2,train,3000,1485,2x7z_1_A,1
2,train,3000,1486,2d16_1_A,1
2,train,3000,1487,1har_1_A,1
2,train,3000,1488,1nf2_1_A,1
2,train,3000,1489,4eq8_1_A,1
2,train,3000,1490,5t87_1_A,1
2,train,3000,1491,1x6j_1_A,1
2,train,3000,1492,5u18_1_A,1
2,train,3000,1493,1ef1_1_D,1
2,train,3000,1494,2rg8_1_A,1
2,train,3000,1495,1xjc_1_A,1
2,train,3000,1496,1qdb_1_B,1
2,train,3000,1497,4cqd_1_B,1
2,train,3000,1498,1pgn_1_A,1
2,train,3000,1499,2opj_1_A,1
2,train,3000,1500,4ro5_1_A,1
2,train,3000,1501,5bxy_1_A,1
2,train,3000,1502,3csx_1_A,1
2,train,3000,1503,4x33_1_B,1
2,train,3000,1504,1jne_1_A,1
2,train,3000,1505,1ikt_1_A,1
2,train,3000,1506,4nov_1_A,1
2,train,3000,1507,2cc3_1_B,1
2,train,3000,1508,3c3j_1_B,1
2,train,3000,1509,5g37_1_A,1
2,train,3000,1510,6bsy_1_A,1
2,train,3000,1511,3o4j_1_A,1
2,train,3000,1512,3f9z_1_A,1
2,train,3000,1513,3o3l_1_A,1
2,train,3000,1514,4ev0_1_A,1
2,train,3000,1515,4i0o_1_A,1
2,train,3000,1516,4ief_1_B,1
2,train,3000,1517,5m4y_1_A,1
2,train,3000,1518,3op8_1_A,1
2,train,3000,1519,5gro_1_B,1
2,train,3000,1520,4r36_1_A,1
2,train,3000,1521,2hly_1_A,1
2,train,3000,1522,5czy_1_A,1
2,train,3000,1523,2q79_1_A,1
2,train,3000,1524,5m1i_1_A,1
2,train,3000,1525,3bpk_1_A,1
2,train,3000,1526,2gfq_1_C,1
2,train,3000,1527,4zjp_1_A,1
2,train,3000,1528,1gtk_1_A,1
2,train,3000,1529,2rgv_1_A,1
2,train,3000,1530,1uun_1_A,1
2,train,3000,1531,5jnm_1_A,1
2,train,3000,1532,1b6b_1_A,1
2,train,3000,1533,5e8m_1_B,1
2,train,3000,1534,3uyj_1_A,1
2,train,3000,1535,3ifr_1_A,1
2,train,3000,1536,2pjs_1_B,1
2,train,3000,1537,2fiq_1_B,1
2,train,3000,1538,3bz6_1_A,1
2,train,3000,1539,2axn_1_A,1
2,train,3000,1540,2o08_1_B,1
2,train,3000,1541,3dgp_1_A,1
2,train,3000,1542,3dsh_1_B,1
2,train,3000,1543,3vr0_1_C,1
2,train,3000,1544,2x57_1_B,1
2,train,3000,1545,1oey_1_A,1
2,train,3000,1546,3wmg_1_A,1
2,train,3000,1547,4k2o_1_A,1
2,train,3000,1548,2dfe_1_A,1
2,train,3000,1549,3be4_1_A,1
2,train,3000,1550,1k47_1_A,1
2,train,3000,1551,5wvr_1_A,1
2,train,3000,1552,3afo_1_A,1
2,train,3000,1553,3mk5_1_A,1
2,train,3000,1554,4y2g_1_A,1
2,train,3000,1555,2zqe_1_A,1
2,train,3000,1556,3ad7_1_B,1
2,train,3000,1557,6bzg_1_B,1
2,train,3000,1558,2bmo_1_B,1
2,train,3000,1559,1m4j_1_B,1
2,train,3000,1560,2wfk_1_A,1
2,train,3000,1561,2il5_1_A,1
2,train,3000,1562,5ctd_1_C,1
2,train,3000,1563,1dcf_1_B,1
2,train,3000,1564,1kut_1_A,1
2,train,3000,1565,1yqc_1_A,1
2,train,3000,1566,1rm6_1_B,1
2,train,3000,1567,4aow_1_A,1
2,train,3000,1568,4imv_1_A,1
2,train,3000,1569,1pmi_1_A,1
2,train,3000,1570,2h0e_1_A,1
2,train,3000,1571,5g5r_1_C,1
2,train,3000,1572,4ah9_1_A,1
2,train,3000,1573,5vug_1_B,1
2,train,3000,1574,3no7_1_B,1
2,train,3000,1575,4qlo_1_A,1
2,train,3000,1576,4uel_1_C,1
2,train,3000,1577,3bgd_1_A,1
2,train,3000,1578,1tmx_1_B,1
2,train,3000,1579,1m2o_1_C,1
2,train,3000,1580,2i9z_1_A,1
2,train,3000,1581,2dwc_1_B,1
2,train,3000,1582,2efk_1_B,1
2,train,3000,1583,3vl1_1_A,1
2,train,3000,1584,2rmc_1_A,1
2,train,3000,1585,5bn3_1_B,1
2,train,3000,1586,1h2s_1_A,1
2,train,3000,1587,1f48_1_A,1
2,train,3000,1588,5uba_1_A,1
2,train,3000,1589,3nk4_1_B,1
2,train,3000,1590,5vpe_1_A,1
2,train,3000,1591,2iv9_1_A,1
2,train,3000,1592,5dzm_1_A,1
2,train,3000,1593,2x36_1_B,1
2,train,3000,1594,2j7n_1_A,1
2,train,3000,1595,5o75_1_A,1
2,train,3000,1596,3a1y_1_A,1
2,train,3000,1597,5f4e_1_A,1
2,train,3000,1598,1tbg_1_E,1
2,train,3000,1599,6ei1_1_A,1
2,train,3000,1600,6etz_1_B,1
2,train,3000,1601,3zwa_1_A,1
2,train,3000,1602,6c49_1_A,1
2,train,3000,1603,1ava_1_A,1
2,train,3000,1604,4zhe_1_D,1
2,train,3000,1605,4wjs_1_A,1
2,train,3000,1606,1gu3_1_B,1
2,train,3000,1607,3god_1_C,1
2,train,3000,1608,3ggm_1_A,1
2,train,3000,1609,3ctr_1_A,1
2,train,3000,1610,1xdn_1_A,1
2,train,3000,1611,4ys4_1_A,1
2,train,3000,1612,4emn_1_A,1
2,train,3000,1613,4jl3_1_C,1
2,train,3000,1614,2db7_1_B,1
2,train,3000,1615,2cvj_1_A,1
2,train,3000,1616,1k6d_1_A,1
2,train,3000,1617,4zla_1_A,1
2,train,3000,1618,5e8d_1_A,1
2,train,3000,1619,6ehp_1_E,1
2,train,3000,1620,4n4u_1_A,1
2,train,3000,1621,3voc_1_A,1
2,train,3000,1622,4u86_1_A,1
2,train,3000,1623,2d32_1_A,1
2,train,3000,1624,2ou6_1_B,1
2,train,3000,1625,3maj_1_B,1
2,train,3000,1626,3hf3_1_A,1
2,train,3000,1627,8pch_1_A,1
2,train,3000,1628,4g2s_1_A,1
2,train,3000,1629,4xt6_1_B,1
2,train,3000,1630,3sg0_1_A,1
2,train,3000,1631,2ej9_1_A,1
2,train,3000,1632,3bem_1_A,1
2,train,3000,1633,1azo_1_A,1
2,train,3000,1634,4c1m_1_A,1
2,train,3000,1635,4iv0_1_A,1
2,train,3000,1636,4g2c_1_A,1
2,train,3000,1637,4esb_1_B,1
2,train,3000,1638,4y5o_1_A,1
2,train,3000,1639,1lya_1_A,1
2,train,3000,1640,2qyf_1_B,1
2,train,3000,1641,2vks_1_A,1
2,train,3000,1642,2i2a_1_A,1
2,train,3000,1643,3dz1_1_A,1
2,train,3000,1644,4rk2_1_A,1
2,train,3000,1645,3qq6_1_B,1
2,train,3000,1646,1a64_1_A,1
2,train,3000,1647,5oev_1_B,1
2,train,3000,1648,4akk_1_B,1
2,train,3000,1649,4ozv_1_A,1
2,train,3000,1650,5ljw_1_A,1
2,train,3000,1651,3zj0_1_A,1
2,train,3000,1652,1jp4_1_A,1
2,train,3000,1653,4ma7_1_A,1
2,train,3000,1654,3ghf_1_A,1
2,train,3000,1655,3c0t_1_A,1
2,train,3000,1656,3u1w_1_B,1
2,train,3000,1657,3cuy_1_A,1
2,train,3000,1658,4eqj_1_A,1
2,train,3000,1659,3wqb_1_B,1
2,train,3000,1660,2fm8_1_B,1
2,train,3000,1661,4ikn_1_A,1
2,train,3000,1662,2ppt_1_B,1
2,train,3000,1663,2o8n_1_A,1
2,train,3000,1664,5nkm_1_B,1
2,train,3000,1665,5w83_1_B,1
2,train,3000,1666,3td7_1_B,1
2,train,3000,1667,2zay_1_A,1
2,train,3000,1668,2j7v_1_A,1
2,train,3000,1669,5jv4_1_A,1
2,train,3000,1670,2iay_1_A,1
2,train,3000,1671,4ilv_1_A,1
2,train,3000,1672,5h4e_1_A,1
2,train,3000,1673,2f7a_1_A,1
2,train,3000,1674,1rh9_1_A,1
2,train,3000,1675,5t5i_1_H,1
2,train,3000,1676,1etp_1_A,1
2,train,3000,1677,3vn5_1_A,1
2,train,3000,1678,1jb0_1_B,1
2,train,3000,1679,4cit_1_A,1
2,train,3000,1680,3hxu_1_A,1
2,train,3000,1681,1vr9_1_A,1
2,train,3000,1682,1tol_1_A,1
2,train,3000,1683,3no6_1_A,1
2,train,3000,1684,4yto_1_B,1
2,train,3000,1685,3hrd_1_E,1
2,train,3000,1686,5edm_1_A,1
2,train,3000,1687,2x9j_1_A,1
2,train,3000,1688,4z3x_1_D,1
2,train,3000,1689,1fo0_1_B,1
2,train,3000,1690,4rnh_1_B,1
2,train,3000,1691,3ihu_1_A,1
2,train,3000,1692,4mck_1_A,1
2,train,3000,1693,5tc2_1_B,1
2,train,3000,1694,3bu8_1_B,1
2,train,3000,1695,2xqh_1_A,1
2,train,3000,1696,5weg_1_A,1
2,train,3000,1697,1f56_1_A,1
2,train,3000,1698,3u0h_1_A,1
2,train,3000,1699,4zn3_1_A,1
2,train,3000,1700,3ep1_1_B,1
2,train,3000,1701,4pab_1_A,1
2,train,3000,1702,5a5n_1_A,1
2,train,3000,1703,3sl9_1_A,1
2,train,3000,1704,2zxk_1_B,1
2,train,3000,1705,5kod_1_A,1
2,train,3000,1706,2r5f_1_A,1
2,train,3000,1707,1tmo_1_A,1
2,train,3000,1708,2ozz_1_A,1
2,train,3000,1709,2f41_1_A,1
2,train,3000,1710,3ddc_1_D,1
2,train,3000,1711,4wtv_1_A,1
2,train,3000,1712,4zpj_1_A,1
2,train,3000,1713,2q5c_1_A,1
2,train,3000,1714,5odc_1_C,1
2,train,3000,1715,3fnd_1_A,1
2,train,3000,1716,4moa_1_A,1
2,train,3000,1717,5if3_1_B,1
2,train,3000,1718,2d13_1_B,1
2,train,3000,1719,3ls0_1_A,1
2,train,3000,1720,3gxr_1_A,1
2,train,3000,1721,5eb4_1_A,1
2,train,3000,1722,5hy0_1_C,1
2,train,3000,1723,1su1_1_A,1
2,train,3000,1724,3k6j_1_A,1
2,train,3000,1725,6b0a_1_A,1
2,train,3000,1726,5k97_1_A,1
2,train,3000,1727,4roc_1_A,1
2,train,3000,1728,5jrb_1_K,1
2,train,3000,1729,3chl_1_A,1
2,train,3000,1730,3zsc_1_A,1
2,train,3000,1731,2zc3_1_B,1
2,train,3000,1732,4c5f_1_A,1
2,train,3000,1733,3dxf_1_A,1
2,train,3000,1734,1k5c_1_A,1
2,train,3000,1735,3jq0_1_A,1
2,train,3000,1736,3ck1_1_A,1
2,train,3000,1737,3a3z_1_A,1
2,train,3000,1738,4zxf_1_A,1
2,train,3000,1739,4iil_1_A,1
2,train,3000,1740,3g9k_1_B,1
2,train,3000,1741,2j6p_1_A,1
2,train,3000,1742,4dz1_1_A,1
2,train,3000,1743,4e21_1_B,1
2,train,3000,1744,2nnc_1_B,1
2,train,3000,1745,4r3u_1_C,1
2,train,3000,1746,5wx1_1_A,1
2,train,3000,1747,5tug_1_A,1
2,train,3000,1748,2oek_1_A,1
2,train,3000,1749,1ro5_1_A,1
2,train,3000,1750,1ve4_1_A,1
2,train,3000,1751,1rl0_1_A,1
2,train,3000,1752,4ogz_1_A,1
2,train,3000,1753,4q2t_1_A,1
2,train,3000,1754,3ipz_1_A,1
2,train,3000,1755,5xyf_1_A,1
2,train,3000,1756,4dj4_1_B,1
2,train,3000,1757,3kea_1_B,1
2,train,3000,1758,5yhh_1_A,1
2,train,3000,1759,3ewo_1_A,1
2,train,3000,1760,5eik_1_A,1
2,train,3000,1761,5u7z_1_C,1
2,train,3000,1762,4o8w_1_B,1
2,train,3000,1763,1x7o_1_B,1
2,train,3000,1764,5f6k_1_E,1
2,train,3000,1765,1dde_1_A,1
2,train,3000,1766,1ysp_1_A,1
2,train,3000,1767,5xjg_1_C,1
2,train,3000,1768,4u02_1_A,1
2,train,3000,1769,2jks_1_A,1
2,train,3000,1770,2wuq_1_A,1
2,train,3000,1771,4edg_1_A,1
2,train,3000,1772,3vmo_1_A,1
2,train,3000,1773,1ovl_1_B,1
2,train,3000,1774,3rag_1_A,1
2,train,3000,1775,5awz_1_A,1
2,train,3000,1776,4l6u_1_A,1
2,train,3000,1777,4v3j_1_A,1
2,train,3000,1778,5lsl_1_B,1
2,train,3000,1779,4yon_1_A,1
2,train,3000,1780,6cuq_1_B,1
2,train,3000,1781,3trt_1_B,1
2,train,3000,1782,1i6n_1_A,1
2,train,3000,1783,4bvj_1_A,1
2,train,3000,1784,2fb2_1_A,1
2,train,3000,1785,3eeq_1_B,1
2,train,3000,1786,5ujd_1_A,1
2,train,3000,1787,4mdy_1_A,1
2,train,3000,1788,1vkf_1_A,1
2,train,3000,1789,3p3b_1_B,1
2,train,3000,1790,4i5j_1_A,1
2,train,3000,1791,5k8p_1_D,1
2,train,3000,1792,6f6s_1_F,1
2,train,3000,1793,3c8f_1_A,1
2,train,3000,1794,1w94_1_A,1
2,train,3000,1795,4ztl_1_A,1
2,train,3000,1796,5c3o_1_A,1
2,train,3000,1797,3r75_1_B,1
2,train,3000,1798,4d0p_1_A,1
2,train,3000,1799,3wpu_1_A,1
2,train,3000,1800,2uwi_1_A,1
2,train,3000,1801,3jw4_1_A,1
2,train,3000,1802,3mw6_1_B,1
2,train,3000,1803,3o85_1_A,1
2,train,3000,1804,2e56_1_A,1
2,train,3000,1805,4hu0_1_A,1
2,train,3000,1806,5fcz_1_A,1
2,train,3000,1807,2cfi_1_A,1
2,train,3000,1808,3b8l_1_A,1
2,train,3000,1809,2z2n_1_A,1
2,train,3000,1810,5lus_1_B,1
2,train,3000,1811,4bjh_1_B,1
2,train,3000,1812,3s9g_1_B,1
2,train,3000,1813,4bbq_1_A,1
2,train,3000,1814,3wqt_1_A,1
2,train,3000,1815,5b52_1_A,1
2,train,3000,1816,4u7k_1_A,1
2,train,3000,1817,5k6a_1_C,1
2,train,3000,1818,2zgg_1_A,1
2,train,3000,1819,1hfo_1_A,1
2,train,3000,1820,4x37_1_A,1
2,train,3000,1821,4cc9_1_B,1
2,train,3000,1822,2qv6_1_A,1
2,train,3000,1823,2qsw_1_B,1
2,train,3000,1824,2pbz_1_A,1
2,train,3000,1825,4kv2_1_B,1
2,train,3000,1826,4eln_1_A,1
2,train,3000,1827,3rri_1_A,1
2,train,3000,1828,4lfh_1_A,1
2,train,3000,1829,2x4l_1_A,1
2,train,3000,1830,2bd0_1_A,1
2,train,3000,1831,3pa6_1_A,1
2,train,3000,1832,1wd4_1_A,1
2,train,3000,1833,1f5q_1_B,1
2,train,3000,1834,1bdo_1_A,1
2,train,3000,1835,4rvu_1_B,1
2,train,3000,1836,4f5v_1_A,1
2,train,3000,1837,2o3l_1_A,1
2,train,3000,1838,2b4e_1_A,1
2,train,3000,1839,4g2p_1_A,1
2,train,3000,1840,2ann_1_A,1
2,train,3000,1841,5bmq_1_A,1
2,train,3000,1842,3g0t_1_B,1
2,train,3000,1843,4ekf_1_A,1
2,train,3000,1844,4qnd_1_B,1
2,train,3000,1845,4yc1_1_A,1
2,train,3000,1846,4y7s_1_A,1
2,train,3000,1847,3kp8_1_A,1
2,train,3000,1848,4ccv_1_A,1
2,train,3000,1849,4xdz_1_B,1
2,train,3000,1850,3bku_1_A,1
2,train,3000,1851,1vi6_1_B,1
2,train,3000,1852,5syt_1_A,1
2,train,3000,1853,4rf8_1_A,1
2,train,3000,1854,2rfm_1_A,1
2,train,3000,1855,3bjq_1_C,1
2,train,3000,1856,2q7f_1_A,1
2,train,3000,1857,3v0u_1_A,1
2,train,3000,1858,4p0k_1_A,1
2,train,3000,1859,2f5y_1_A,1
2,train,3000,1860,2rk9_1_A,1
2,train,3000,1861,1igw_1_C,1
2,train,3000,1862,5xi8_1_A,1
2,train,3000,1863,3vb0_1_A,1
2,train,3000,1864,3i5q_1_A,1
2,train,3000,1865,5x3h_1_A,1
2,train,3000,1866,2x7q_1_A,1
2,train,3000,1867,1m33_1_A,1
2,train,3000,1868,2yzt_1_B,1
2,train,3000,1869,4v1p_1_A,1
2,train,3000,1870,5jwz_1_A,1
2,train,3000,1871,2ou3_1_B,1
2,train,3000,1872,2f4o_1_B,1
2,train,3000,1873,3le2_1_A,1
2,train,3000,1874,1ogq_1_A,1
2,train,3000,1875,4ehs_1_B,1
2,train,3000,1876,2vc8_1_A,1
2,train,3000,1877,1hju_1_A,1
2,train,3000,1878,3lqk_1_A,1
2,train,3000,1879,2zmf_1_B,1
2,train,3000,1880,2b1q_1_A,1
2,train,3000,1881,3i7m_1_A,1
2,train,3000,1882,3a72_1_A,1
2,train,3000,1883,5b3d_1_A,1
2,train,3000,1884,4umg_1_A,1
2,train,3000,1885,3cq9_1_A,1
2,train,3000,1886,2o6y_1_A,1
2,train,3000,1887,1s99_1_A,1
2,train,3000,1888,4q2n_1_A,1
2,train,3000,1889,5d7z_1_A,1
2,train,3000,1890,1sbq_1_A,1
2,train,3000,1891,3gr0_1_A,1
2,train,3000,1892,6cay_1_A,1
2,train,3000,1893,1yjg_1_B,1
2,train,3000,1894,3c90_1_A,1
2,train,3000,1895,2qgo_1_A,1
2,train,3000,1896,13gs_1_A,1
2,train,3000,1897,1dy7_1_A,1
2,train,3000,1898,1taf_1_D,1
2,train,3000,1899,3zig_1_B,1
2,train,3000,1900,2ao9_1_A,1
2,train,3000,1901,3axj_1_B,1
2,train,3000,1902,1t6a_1_A,1
2,train,3000,1903,2rij_1_A,1
2,train,3000,1904,5was_1_F,1
2,train,3000,1905,4rdr_1_A,1
2,train,3000,1906,2w42_1_A,1
2,train,3000,1907,2ppi_1_B,1
2,train,3000,1908,1yir_1_A,1
2,train,3000,1909,5fr7_1_B,1
2,train,3000,1910,3mst_1_A,1
2,train,3000,1911,3l7z_1_I,1
2,train,3000,1912,4wwr_1_B,1
2,train,3000,1913,3mgk_1_A,1
2,train,3000,1914,4eps_1_B,1
2,train,3000,1915,3hn0_1_B,1
2,train,3000,1916,1hlv_1_A,1
2,train,3000,1917,2eth_1_B,1
2,train,3000,1918,1w3s_1_A,1
2,train,3000,1919,3erb_1_A,1
2,train,3000,1920,3dml_1_A,1
2,train,3000,1921,1t3b_1_B,1
2,train,3000,1922,3ugf_1_A,1
2,train,3000,1923,3od1_1_A,1
2,train,3000,1924,5hxx_1_A,1
2,train,3000,1925,2qs9_1_A,1
2,train,3000,1926,2gt1_1_A,1
2,train,3000,1927,3fvv_1_A,1
2,train,3000,1928,4eoz_1_A,1
2,train,3000,1929,3bjv_1_B,1
2,train,3000,1930,1vsc_1_B,1
2,train,3000,1931,3a24_1_A,1
2,train,3000,1932,2ilr_1_A,1
2,train,3000,1933,5lc4_1_A,1
2,train,3000,1934,2d6l_1_A,1
2,train,3000,1935,5lqd_1_B,1
2,train,3000,1936,1b5q_1_A,1
2,train,3000,1937,4hkt_1_A,1
2,train,3000,1938,1ydx_1_A,1
2,train,3000,1939,1cb7_1_B,1
2,train,3000,1940,3vny_1_A,1
2,train,3000,1941,4h2x_1_A,1
2,train,3000,1942,1f1s_1_A,1
2,train,3000,1943,4gm6_1_C,1
2,train,3000,1944,5z81_1_A,1
2,train,3000,1945,3sig_1_A,1
2,train,3000,1946,4tvr_1_A,1
2,train,3000,1947,2a7m_1_A,1
2,train,3000,1948,5eyo_1_A,1
2,train,3000,1949,3l3s_1_B,1
2,train,3000,1950,2fd5_1_B,1
2,train,3000,1951,5agv_1_A,1
2,train,3000,1952,5z5d_1_A,1
2,train,3000,1953,4gt6_1_A,1
2,train,3000,1954,5zhz_1_A,1
2,train,3000,1955,4at7_1_A,1
2,train,3000,1956,4ewi_1_A,1
2,train,3000,1957,3vp7_1_A,1
2,train,3000,1958,3h7a_1_B,1
2,train,3000,1959,3mab_1_A,1
2,train,3000,1960,5x89_1_B,1
2,train,3000,1961,5glt_1_A,1
2,train,3000,1962,2raa_1_A,1
2,train,3000,1963,3gpi_1_A,1
2,train,3000,1964,3sol_1_A,1
2,train,3000,1965,4i99_1_A,1
2,train,3000,1966,3h9p_1_B,1
2,train,3000,1967,4jrz_1_A,1
2,train,3000,1968,3e8w_1_A,1
2,train,3000,1969,4yba_1_A,1
2,train,3000,1970,3gwn_1_B,1
2,train,3000,1971,2xf1_1_A,1
2,train,3000,1972,4k02_1_A,1
2,train,3000,1973,2vjy_1_A,1
2,train,3000,1974,2ocg_1_A,1
2,train,3000,1975,2arp_1_D,1
2,train,3000,1976,4hio_1_A,1
2,train,3000,1977,1y1x_1_A,1
2,train,3000,1978,3rzs_1_A,1
2,train,3000,1979,3s6f_1_B,1
2,train,3000,1980,2qbu_1_B,1
2,train,3000,1981,3agx_1_B,1
2,train,3000,1982,5od2_1_A,1
2,train,3000,1983,2p4z_1_A,1
2,train,3000,1984,5eq4_1_A,1
2,train,3000,1985,1fc3_1_A,1
2,train,3000,1986,4m7r_1_A,1
2,train,3000,1987,5n76_1_B,1
2,train,3000,1988,3rpp_1_B,1
2,train,3000,1989,2f60_1_A,1
2,train,3000,1990,1d3b_1_A,1
2,train,3000,1991,3g64_1_A,1
2,train,3000,1992,3ocr_1_A,1
2,train,3000,1993,3mfb_1_A,1
2,train,3000,1994,4oxx_1_A,1
2,train,3000,1995,3rco_1_A,1
2,train,3000,1996,4cs3_1_A,1
2,train,3000,1997,4j5t_1_A,1
2,train,3000,1998,3q01_1_B,1
2,train,3000,1999,2i10_1_A,1
2,train,3000,2000,4trb_1_A,1
2,train,3000,2001,5lwk_1_B,1
2,train,3000,2002,5f1m_1_A,1
2,train,3000,2003,1kqf_1_C,1
2,train,3000,2004,4rmm_1_B,1
2,train,3000,2005,1cjx_1_A,1
2,train,3000,2006,4nqi_1_A,1
2,train,3000,2007,5t5i_1_A,1
2,train,3000,2008,5a0d_1_A,1
2,train,3000,2009,4hfv_1_B,1
2,train,3000,2010,1vqs_1_B,1
2,train,3000,2011,3mtr_1_B,1
2,train,3000,2012,2x8x_1_A,1
2,train,3000,2013,3lic_1_A,1
2,train,3000,2014,2pgw_1_C,1
2,train,3000,2015,1ykd_1_B,1
2,train,3000,2016,4wac_1_A,1
2,train,3000,2017,3tlk_1_A,1
2,train,3000,2018,5t9p_1_A,1
2,train,3000,2019,4nlm_1_A,1
2,train,3000,2020,4knl_1_A,1
2,train,3000,2021,3a5z_1_B,1
2,train,3000,2022,3ke3_1_B,1
2,train,3000,2023,3i2v_1_A,1
2,train,3000,2024,3lzk_1_B,1
2,train,3000,2025,3a0v_1_A,1
2,train,3000,2026,1ocy_1_A,1
2,train,3000,2027,4y7o_1_B,1
2,train,3000,2028,5yp1_1_A,1
2,train,3000,2029,2gts_1_A,1
2,train,3000,2030,1w4s_1_A,1
2,train,3000,2031,6c0d_1_B,1
2,train,3000,2032,2v4b_1_A,1
2,train,3000,2033,3gh1_1_D,1
2,train,3000,2034,1jey_1_A,1
2,train,3000,2035,3r84_1_A,1
2,train,3000,2036,3io2_1_A,1
2,train,3000,2037,3vdp_1_B,1
2,train,3000,2038,3guu_1_A,1
2,train,3000,2039,4xwx_1_A,1
2,train,3000,2040,1gz0_1_A,1
2,train,3000,2041,2o4x_1_B,1
2,train,3000,2042,1jju_1_C,1
2,train,3000,2043,4s1v_1_B,1
2,train,3000,2044,4pav_1_A,1
2,train,3000,2045,4gem_1_B,1
2,train,3000,2046,2fl4_1_B,1
2,train,3000,2047,1jwq_1_A,1
2,train,3000,2048,1jmv_1_B,1
2,train,3000,2049,4xbi_1_A,1
2,train,3000,2050,4hrv_1_A,1
2,train,3000,2051,2bsl_1_A,1
2,train,3000,2052,1sv0_1_A,1
2,train,3000,2053,1t3q_1_E,1
2,train,3000,2054,1z0k_1_B,1
2,train,3000,2055,2ynm_1_H,1
2,train,3000,2056,3t33_1_A,1
2,train,3000,2057,3a15_1_B,1
2,train,3000,2058,1aoz_1_A,1
2,train,3000,2059,3nx4_1_A,1
2,train,3000,2060,5i85_1_A,1
2,train,3000,2061,6b8s_1_A,1
2,train,3000,2062,2hv2_1_B,1
2,train,3000,2063,1tza_1_B,1
2,train,3000,2064,2gs3_1_A,1
2,train,3000,2065,1f1z_1_A,1
2,train,3000,2066,2qk2_1_A,1
2,train,3000,2067,2rer_1_A,1
2,train,3000,2068,1msk_1_A,1
2,train,3000,2069,1l8d_1_B,1
2,train,3000,2070,4o1w_1_B,1
2,train,3000,2071,2occ_1_C,1
2,train,3000,2072,2ofk_1_A,1
2,train,3000,2073,3bwx_1_A,1
2,train,3000,2074,2a07_1_E,1
2,train,3000,2075,4gmo_1_A,1
2,train,3000,2076,3cnx_1_A,1
2,train,3000,2077,2hv8_1_D,1
2,train,3000,2078,3g17_1_B,1
2,train,3000,2079,3l5a_1_A,1
2,train,3000,2080,5y69_1_A,1
2,train,3000,2081,3exz_1_B,1
2,train,3000,2082,4bif_1_A,1
2,train,3000,2083,1b4f_1_B,1
2,train,3000,2084,5t77_1_A,1
2,train,3000,2085,5upb_1_D,1
2,train,3000,2086,4mjk_1_B,1
2,train,3000,2087,3gis_1_C,1
2,train,3000,2088,3qou_1_A,1
2,train,3000,2089,4yn2_1_A,1
2,train,3000,2090,5hoq_1_E,1
2,train,3000,2091,3kwc_1_A,1
2,train,3000,2092,1mzg_1_A,1
2,train,3000,2093,1xex_1_B,1
2,train,3000,2094,3a21_1_A,1
2,train,3000,2095,1xt9_1_A,1
2,train,3000,2096,3ils_1_A,1
2,train,3000,2097,5i6r_1_B,1
2,train,3000,2098,1u04_1_A,1
2,train,3000,2099,3fx3_1_B,1
2,train,3000,2100,3pwx_1_B,1
2,train,3000,2101,3ck6_1_E,1
2,train,3000,2102,1kh8_1_A,1
2,train,3000,2103,2dvm_1_B,1
2,train,3000,2104,3zpp_1_A,1
2,train,3000,2105,2pmu_1_B,1
2,train,3000,2106,1yem_1_A,1
2,train,3000,2107,3iwc_1_B,1
2,train,3000,2108,4z4a_1_A,1
2,train,3000,2109,4yk3_1_A,1
2,train,3000,2110,2occ_1_B,1
2,train,3000,2111,1b71_1_A,1
2,train,3000,2112,1hdf_1_A,1
2,train,3000,2113,2vuz_1_A,1
2,train,3000,2114,5ku5_1_B,1
2,train,3000,2115,2ijc_1_F,1
2,train,3000,2116,5n53_1_A,1
2,train,3000,2117,3kv0_1_A,1
2,train,3000,2118,2gdz_1_B,1
2,train,3000,2119,1yt8_1_A,1
2,train,3000,2120,3e7k_1_A,1
2,train,3000,2121,2zxe_1_A,1
2,train,3000,2122,2d1p_1_F,1
2,train,3000,2123,2cwq_1_A,1
2,train,3000,2124,5nec_1_A,1
2,train,3000,2125,1o5e_1_B,1
2,train,3000,2126,3g6k_1_A,1
2,train,3000,2127,5cm2_1_A,1
2,train,3000,2128,2amh_1_A,1
2,train,3000,2129,5kbe_1_A,1
2,train,3000,2130,5mbg_1_B,1
2,train,3000,2131,3h0n_1_B,1
2,train,3000,2132,4n4a_1_A,1
2,train,3000,2133,4q51_1_A,1
2,train,3000,2134,5a08_1_A,1
2,train,3000,2135,1tue_1_A,1
2,train,3000,2136,4yt9_1_A,1
2,train,3000,2137,4ly9_1_A,1
2,train,3000,2138,1juv_1_B,1
2,train,3000,2139,2vn8_1_A,1
2,train,3000,2140,3f40_1_B,1
2,train,3000,2141,3l4c_1_A,1
2,train,3000,2142,3vvv_1_B,1
2,train,3000,2143,3cc2_1_Q,1
2,train,3000,2144,4jmp_1_A,1
2,train,3000,2145,4zwq_1_A,1
2,train,3000,2146,3ts5_1_B,1
2,train,3000,2147,1sur_1_B,1
2,train,3000,2148,1v0w_1_A,1
2,train,3000,2149,2pdo_1_B,1
2,train,3000,2150,4bj8_1_A,1
2,train,3000,2151,3l46_1_A,1
2,train,3000,2152,4im6_1_A,1
2,train,3000,2153,3zqn_1_A,1
2,train,3000,2154,2bmb_1_A,1
2,train,3000,2155,5iza_1_A,1
2,train,3000,2156,5hdi_1_A,1
2,train,3000,2157,4rnc_1_B,1
2,train,3000,2158,3pdy_1_A,1
2,train,3000,2159,2fhj_1_D,1
2,train,3000,2160,2cz4_1_C,1
2,train,3000,2161,3lhn_1_A,1
2,train,3000,2162,3glc_1_A,1
2,train,3000,2163,6eji_1_A,1
2,train,3000,2164,1bqp_1_A,1
2,train,3000,2165,2awi_1_D,1
2,train,3000,2166,2j72_1_B,1
2,train,3000,2167,2yb5_1_A,1
2,train,3000,2168,1zbs_1_B,1
2,train,3000,2169,5gyy_1_A,1
2,train,3000,2170,5llk_1_A,1
2,train,3000,2171,4e16_1_B,1
2,train,3000,2172,2gge_1_D,1
2,train,3000,2173,4qaf_1_B,1
2,train,3000,2174,5j5u_1_A,1
2,train,3000,2175,2b4a_1_A,1
2,train,3000,2176,2dyu_1_A,1
2,train,3000,2177,5ys3_1_A,1
2,train,3000,2178,2pqf_1_A,1
2,train,3000,2179,3aqb_1_A,1
2,train,3000,2180,3mzy_1_A,1
2,train,3000,2181,4em2_1_A,1
2,train,3000,2182,3ggd_1_A,1
2,train,3000,2183,3s2x_1_A,1
2,train,3000,2184,4n4n_1_A,1
2,train,3000,2185,1xme_1_B,1
2,train,3000,2186,4q2w_1_A,1
2,train,3000,2187,5l8e_1_A,1
2,train,3000,2188,4goq_1_A,1
2,train,3000,2189,4fo8_1_B,1
2,train,3000,2190,6asz_1_A,1
2,train,3000,2191,4oik_1_A,1
2,train,3000,2192,2vj2_1_A,1
2,train,3000,2193,5ijh_1_A,1
2,train,3000,2194,1n31_1_A,1
2,train,3000,2195,4gqz_1_A,1
2,train,3000,2196,1f0x_1_A,1
2,train,3000,2197,1yk3_1_A,1
2,train,3000,2198,4gnd_1_A,1
2,train,3000,2199,5iwz_1_A,1
2,train,3000,2200,5k34_1_A,1
2,train,3000,2201,5k5x_1_A,1
2,train,3000,2202,5xxs_1_A,1
2,train,3000,2203,1kpt_1_B,1
2,train,3000,2204,2itm_1_B,1
2,train,3000,2205,4joq_1_B,1
2,train,3000,2206,4kmd_1_A,1
2,train,3000,2207,3fym_1_A,1
2,train,3000,2208,2p9x_1_A,1
2,train,3000,2209,3kmi_1_B,1
2,train,3000,2210,2fel_1_A,1
2,train,3000,2211,4yf1_1_B,1
2,train,3000,2212,3bpq_1_B,1
2,train,3000,2213,3bal_1_A,1
2,train,3000,2214,1c7s_1_A,1
2,train,3000,2215,2yww_1_A,1
2,train,3000,2216,4gl3_1_A,1
2,train,3000,2217,2q4a_1_B,1
2,train,3000,2218,3smz_1_A,1
2,train,3000,2219,2bgc_1_B,1
2,train,3000,2220,5brk_1_B,1
2,train,3000,2221,4wb7_1_A,1
2,train,3000,2222,3bc9_1_A,1
2,train,3000,2223,3tas_1_B,1
2,train,3000,2224,4y0b_1_A,1
2,train,3000,2225,2pqv_1_A,1
2,train,3000,2226,3kzt_1_B,1
2,train,3000,2227,3dxx_1_A,1
2,train,3000,2228,2wwd_1_A,1
2,train,3000,2229,3cqi_1_A,1
2,train,3000,2230,2w2n_1_C,1
2,train,3000,2231,4itr_1_A,1
2,train,3000,2232,3deo_1_A,1
2,train,3000,2233,4b62_1_A,1
2,train,3000,2234,1x0g_1_A,1
2,train,3000,2235,2v3s_1_A,1
2,train,3000,2236,3cuo_1_B,1
2,train,3000,2237,1j0h_1_A,1
2,train,3000,2238,3igm_1_A,1
2,train,3000,2239,3fjv_1_B,1
2,train,3000,2240,4k90_1_A,1
2,train,3000,2241,4bxo_1_B,1
2,train,3000,2242,3n98_1_A,1
2,train,3000,2243,5aij_1_A,1
2,train,3000,2244,3g0k_1_B,1
2,train,3000,2245,3b85_1_A,1
2,train,3000,2246,3dfi_1_A,1
2,train,3000,2247,3bm7_1_B,1
2,train,3000,2248,4m90_1_A,1
2,train,3000,2249,2p4o_1_A,1
2,train,3000,2250,5azw_1_B,1
2,train,3000,2251,5ep0_1_A,1
2,train,3000,2252,1q4s_1_A,1
2,train,3000,2253,3foz_1_B,1
2,train,3000,2254,3kdf_1_C,1
2,train,3000,2255,5j8e_1_A,1
2,train,3000,2256,6flk_1_A,1
2,train,3000,2257,2ii8_1_D,1
2,train,3000,2258,4q7k_1_A,1
2,train,3000,2259,4ovb_1_A,1
2,train,3000,2260,3hm5_1_A,1
2,train,3000,2261,4qtq_1_A,1
2,train,3000,2262,4pz1_1_A,1
2,train,3000,2263,4bq6_1_C,1
2,train,3000,2264,2w2l_1_A,1
2,train,3000,2265,5foe_1_A,1
2,train,3000,2266,1xma_1_A,1
2,train,3000,2267,5mxc_1_A,1
2,train,3000,2268,2gr7_1_A,1
2,train,3000,2269,4q97_1_B,1
2,train,3000,2270,3u5r_1_A,1
2,train,3000,2271,2pmy_1_B,1
2,train,3000,2272,4axn_1_A,1
2,train,3000,2273,1jy2_1_B,1
2,train,3000,2274,4wfd_1_B,1
2,train,3000,2275,2x4i_1_A,1
2,train,3000,2276,1nxj_1_A,1
2,train,3000,2277,3k3f_1_A,1
2,train,3000,2278,5dfg_1_A,1
2,train,3000,2279,1hia_1_B,1
2,train,3000,2280,5mkw_1_A,1
2,train,3000,2281,1dq3_1_A,1
2,train,3000,2282,1j2j_1_B,1
2,train,3000,2283,1a79_1_A,1
2,train,3000,2284,2qkh_1_A,1
2,train,3000,2285,3e5z_1_A,1
2,train,3000,2286,3gg4_1_A,1
2,train,3000,2287,5dom_1_A,1
2,train,3000,2288,3wi3_1_A,1
2,train,3000,2289,5btb_1_A,1
2,train,3000,2290,1k9d_1_B,1
2,train,3000,2291,1o13_1_A,1
2,train,3000,2292,5w5c_1_L,1
2,train,3000,2293,4zgf_1_A,1
2,train,3000,2294,1js8_1_A,1
2,train,3000,2295,1k6w_1_A,1
2,train,3000,2296,5kis_1_A,0
2,train,3000,2297,3d7r_1_A,1
2,train,3000,2298,5o9i_1_A,1
2,train,3000,2299,4hsp_1_A,1
2,train,3000,2300,4pa8_1_A,1
2,train,3000,2301,3od8_1_B,1
2,train,3000,2302,3w2w_1_B,1
2,train,3000,2303,2dqa_1_A,1
2,train,3000,2304,3idz_1_A,1
2,train,3000,2305,1fxk_1_F,1
2,train,3000,2306,3mm5_1_A,1
2,train,3000,2307,3aeh_1_A,1
2,train,3000,2308,5am9_1_A,1
2,train,3000,2309,1msp_1_A,1
2,train,3000,2310,3fgv_1_B,1
2,train,3000,2311,3ns6_1_A,1
2,train,3000,2312,3kaj_1_A,1
2,train,3000,2313,3coq_1_B,1
2,train,3000,2314,6az5_1_A,1
2,train,3000,2315,1uf3_1_A,1
2,train,3000,2316,3hiu_1_A,1
2,train,3000,2317,1dj8_1_A,1
2,train,3000,2318,3epz_1_A,1
2,train,3000,2319,3ssi_1_A,1
2,train,3000,2320,3p26_1_A,1
2,train,3000,2321,4a49_1_A,1
2,train,3000,2322,5fo5_1_B,1
2,train,3000,2323,3lda_1_A,1
2,train,3000,2324,3i39_1_A,1
2,train,3000,2325,5e2r_1_A,1
2,train,3000,2326,1iko_1_A,1
2,train,3000,2327,2vx8_1_A,1
2,train,3000,2328,1mhm_1_B,1
2,train,3000,2329,5uf2_1_A,1
2,train,3000,2330,2z3o_1_A,1
2,train,3000,2331,4wkz_1_B,1
2,train,3000,2332,2o18_1_C,1
2,train,3000,2333,1u6z_1_B,1
2,train,3000,2334,4met_1_A,1
2,train,3000,2335,1ov3_1_B,1
2,train,3000,2336,4m1h_1_B,1
2,train,3000,2337,2pw9_1_B,1
2,train,3000,2338,2i9c_1_A,1
2,train,3000,2339,1znp_1_B,1
2,train,3000,2340,4aya_1_B,1
2,train,3000,2341,1yze_1_A,1
2,train,3000,2342,4a5z_1_B,1
2,train,3000,2343,4yk1_1_A,1
2,train,3000,2344,2bl2_1_A,1
2,train,3000,2345,1a8m_1_A,1
2,train,3000,2346,4qtp_1_A,1
2,train,3000,2347,2rdi_1_A,1
2,train,3000,2348,5ah5_1_A,1
2,train,3000,2349,5i4h_1_B,1
2,train,3000,2350,3nr1_1_A,1
2,train,3000,2351,5tkz_1_B,1
2,train,3000,2352,4n3x_1_A,1
2,train,3000,2353,4hpm_1_B,1
2,train,3000,2354,2ekd_1_F,1
2,train,3000,2355,3rgz_1_A,1
2,train,3000,2356,3iez_1_A,1
2,train,3000,2357,1x0p_1_A,1
2,train,3000,2358,2hzp_1_A,1
2,train,3000,2359,2qkd_1_A,1
2,train,3000,2360,3q6b_1_A,1
2,train,3000,2361,3s4l_1_A,1
2,train,3000,2362,2pv7_1_A,1
2,train,3000,2363,5g09_1_D,1
2,train,3000,2364,4on1_1_A,1
2,train,3000,2365,5xcb_1_A,1
2,train,3000,2366,3v96_1_A,1
2,train,3000,2367,4cik_1_A,1
2,train,3000,2368,3c6a_1_A,1
2,train,3000,2369,2a6a_1_B,1
2,train,3000,2370,5ckw_1_A,1
2,train,3000,2371,5usc_1_B,1
2,train,3000,2372,2efr_1_A,1
2,train,3000,2373,4tx3_1_B,1
2,train,3000,2374,4kp1_1_A,1
2,train,3000,2375,4ipi_1_A,1
2,train,3000,2376,2qyz_1_B,1
2,train,3000,2377,5na2_1_B,1
2,train,3000,2378,4r9i_1_A,1
2,train,3000,2379,2v0y_1_A,1
2,train,3000,2380,3ai7_1_A,1
2,train,3000,2381,2v0x_1_A,1
2,train,3000,2382,4z9n_1_A,1
2,train,3000,2383,4krf_1_A,1
2,train,3000,2384,5ces_1_B,1
2,train,3000,2385,2sas_1_B,1
2,train,3000,2386,1m4u_1_C,1
2,train,3000,2387,3l20_1_A,1
2,train,3000,2388,2cb5_1_B,1
2,train,3000,2389,1na6_1_A,1
2,train,3000,2390,3zc8_1_A,1
2,train,3000,2391,3zlc_1_A,1
2,train,3000,2392,4i84_1_A,1
2,train,3000,2393,2wia_1_A,1
2,train,3000,2394,1s7m_1_C,1
2,train,3000,2395,3lqc_1_B,1
2,train,3000,2396,4xz6_1_A,1
2,train,3000,2397,4xps_1_B,1
2,train,3000,2398,1yz7_1_A,1
2,train,3000,2399,3cmb_1_B,1
2,train,3000,2400,3f62_1_A,1
2,train,3000,2401,4hr3_1_A,1
2,train,3000,2402,3sy8_1_C,1
2,train,3000,2403,5kkp_1_A,1
2,train,3000,2404,3iht_1_B,1
2,train,3000,2405,5gmt_1_A,1
2,train,3000,2406,5by7_1_B,1
2,train,3000,2407,2p64_1_A,1
2,train,3000,2408,3ezh_1_A,1
2,train,3000,2409,2z5e_1_B,1
2,train,3000,2410,2pk7_1_B,1
2,train,3000,2411,4xl1_1_B,1
2,train,3000,2412,4o33_1_A,1
2,train,3000,2413,3bos_1_A,1
2,train,3000,2414,1es8_1_B,1
2,train,3000,2415,2uwx_1_A,1
2,train,3000,2416,2dst_1_B,1
2,train,3000,2417,5c33_1_A,1
2,train,3000,2418,3ebb_1_B,1
2,train,3000,2419,4ut1_1_A,1
2,train,3000,2420,3q34_1_B,1
2,train,3000,2421,3pa8_1_A,1
2,train,3000,2422,4r7f_1_B,1
2,train,3000,2423,1fia_1_A,1
2,train,3000,2424,1b0p_1_A,0
2,train,3000,2425,4m3l_1_A,1
2,train,3000,2426,5hi8_1_B,1
2,train,3000,2427,5jno_1_A,1
2,train,3000,2428,1xo5_1_A,1
2,train,3000,2429,2d81_1_A,1
2,train,3000,2430,4uz3_1_A,1
2,train,3000,2431,1qgo_1_A,1
2,train,3000,2432,1qwo_1_A,1
2,train,3000,2433,1wkc_1_A,1
2,train,3000,2434,3tm5_1_A,1
2,train,3000,2435,1yoc_1_A,1
2,train,3000,2436,2rau_1_A,1
2,train,3000,2437,4ypn_1_A,1
2,train,3000,2438,3obf_1_A,1
2,train,3000,2439,3pjv_1_B,1
2,train,3000,2440,5msx_1_C,1
2,train,3000,2441,1jwy_1_A,0
2,train,3000,2442,4mjs_1_B,1
2,train,3000,2443,2bay_1_B,1
2,train,3000,2444,5wgg_1_A,1
2,train,3000,2445,1jsu_1_C,1
2,train,3000,2446,2pqn_1_A,1
2,train,3000,2447,4zqb_1_B,1
2,train,3000,2448,1vkh_1_B,1
2,train,3000,2449,4oyz_1_A,1
2,train,3000,2450,3rbn_1_B,1
2,train,3000,2451,2e8g_1_A,1
2,train,3000,2452,1gkl_1_A,1
2,train,3000,2453,4zcu_1_A,1
2,train,3000,2454,3ucx_1_A,1
2,train,3000,2455,1yrn_1_A,1
2,train,3000,2456,1j5y_1_A,1
2,train,3000,2457,4c9b_1_B,1
2,train,3000,2458,5ohq_1_A,1
2,train,3000,2459,1i82_1_A,1
2,train,3000,2460,3mgg_1_A,1
2,train,3000,2461,4i2t_1_A,1
2,train,3000,2462,4fh3_1_A,1
2,train,3000,2463,3bs1_1_A,1
2,train,3000,2464,1p3e_1_A,1
2,train,3000,2465,4lm1_1_A,1
2,train,3000,2466,5f75_1_B,1
2,train,3000,2467,4pcg_1_B,1
2,train,3000,2468,4je5_1_A,1
2,train,3000,2469,3pm7_1_A,1
2,train,3000,2470,4a5x_1_A,1
2,train,3000,2471,4gb7_1_A,1
2,train,3000,2472,4bsj_1_B,1
2,train,3000,2473,3r72_1_A,1
2,train,3000,2474,2we8_1_B,1
2,train,3000,2475,1aqc_1_B,1
2,train,3000,2476,4gox_1_A,1
2,train,3000,2477,1ctf_1_B,1
2,train,3000,2478,3t7m_1_A,1
2,train,3000,2479,3bzw_1_F,1
2,train,3000,2480,2nsa_1_A,1
2,train,3000,2481,4kha_1_A,1
2,train,3000,2482,3e3v_1_A,1
2,train,3000,2483,1xm7_1_A,1
2,train,3000,2484,3wmp_1_A,1
2,train,3000,2485,4jjf_1_A,1
2,train,3000,2486,5x42_1_A,1
2,train,3000,2487,4l01_1_A,1
2,train,3000,2488,4uzz_1_B,1
2,train,3000,2489,4u99_1_A,1
2,train,3000,2490,4zya_1_A,1
2,train,3000,2491,3s6d_1_B,1
2,train,3000,2492,1jax_1_A,1
2,train,3000,2493,2oi8_1_B,1
2,train,3000,2494,4nng_1_A,1
2,train,3000,2495,3gf9_1_A,1
2,train,3000,2496,4kvj_1_A,1
2,train,3000,2497,1cxz_1_B,1
2,train,3000,2498,1kw2_1_A,1
2,train,3000,2499,2j66_1_B,1
2,train,3000,2500,4dav_1_A,1
2,train,3000,2501,3f21_1_A,1
2,train,3000,2502,5h06_1_A,1
2,train,3000,2503,3c0d_1_A,1
2,train,3000,2504,1jxz_1_B,1
2,train,3000,2505,3a1j_1_C,1
2,train,3000,2506,4ycs_1_A,1
2,train,3000,2507,3ww0_1_B,1
2,train,3000,2508,2iab_1_B,1
2,train,3000,2509,4g3v_1_B,1
2,train,3000,2510,2b67_1_B,1
2,train,3000,2511,2p0j_1_B,1
2,train,3000,2512,2cu5_1_A,1
2,train,3000,2513,1ylm_1_B,1
2,train,3000,2514,3ira_1_A,1
2,train,3000,2515,4kbf_1_A,1
2,train,3000,2516,3onh_1_A,1
2,train,3000,2517,2ijq_1_A,1
2,train,3000,2518,2chc_1_C,1
2,train,3000,2519,5xgp_1_A,1
2,train,3000,2520,3iup_1_B,1
2,train,3000,2521,3g7r_1_A,1
2,train,3000,2522,4ae4_1_B,1
2,train,3000,2523,2i5e_1_B,1
2,train,3000,2524,1ufq_1_B,1
2,train,3000,2525,2cxh_1_A,1
2,train,3000,2526,4m5c_1_A,1
2,train,3000,2527,5uw8_1_E,1
2,train,3000,2528,3p94_1_A,1
2,train,3000,2529,3cfz_1_A,1
2,train,3000,2530,4akq_1_A,1
2,train,3000,2531,1j6r_1_A,1
2,train,3000,2532,1esg_1_B,1
2,train,3000,2533,4l8j_1_B,1
2,train,3000,2534,3ic8_1_B,1
2,train,3000,2535,1xv2_1_B,1
2,train,3000,2536,3ux3_1_A,1
2,train,3000,2537,3gxw_1_A,1
2,train,3000,2538,3b48_1_A,1
2,train,3000,2539,5ca5_1_B,1
2,train,3000,2540,4msx_1_A,1
2,train,3000,2541,2wh6_1_A,1
2,train,3000,2542,4cw4_1_A,1
2,train,3000,2543,4wft_1_A,1
2,train,3000,2544,3mqo_1_B,1
2,train,3000,2545,2esr_1_B,1
2,train,3000,2546,1y25_1_A,1
2,train,3000,2547,5d6h_1_B,1
2,train,3000,2548,3ts2_1_A,1
2,train,3000,2549,2iz7_1_A,1
2,train,3000,2550,4qbo_1_B,1
2,train,3000,2551,3lrq_1_A,1
2,train,3000,2552,4psm_1_A,1
2,train,3000,2553,1zhq_1_A,1
2,train,3000,2554,4g0m_1_A,1
2,train,3000,2555,1r0v_1_B,1
2,train,3000,2556,2b1g_1_A,1
2,train,3000,2557,4u7l_1_A,1
2,train,3000,2558,3bw6_1_A,1
2,train,3000,2559,3l51_1_A,1
2,train,3000,2560,2cki_1_A,1
2,train,3000,2561,4cai_1_A,1
2,train,3000,2562,1u4q_1_A,1
2,train,3000,2563,5d50_1_F,1
2,train,3000,2564,2w5b_1_A,1
2,train,3000,2565,5n7f_1_A,1
2,train,3000,2566,3ju7_1_B,1
2,train,3000,2567,5v8z_1_A,1
2,train,3000,2568,2cjj_1_A,1
2,train,3000,2569,3id4_1_A,1
2,train,3000,2570,1rqe_1_A,1
2,train,3000,2571,2zv3_1_A,1
2,train,3000,2572,5b5e_1_S,1
2,train,3000,2573,1itv_1_B,1
2,train,3000,2574,5ckt_1_A,1
2,train,3000,2575,3on3_1_A,1
2,train,3000,2576,3l82_1_B,1
2,train,3000,2577,4ic1_1_D,1
2,train,3000,2578,4xlg_1_B,1
2,train,3000,2579,3ajx_1_B,1
2,train,3000,2580,3bt2_1_A,1
2,train,3000,2581,1ekj_1_C,1
2,train,3000,2582,2xn0_1_A,1
2,train,3000,2583,3kf6_1_A,1
2,train,3000,2584,4g9p_1_A,1
2,train,3000,2585,3rf7_1_A,1
2,train,3000,2586,4nf0_1_A,1
2,train,3000,2587,4gzn_1_A,1
2,train,3000,2588,3w36_1_B,1
2,train,3000,2589,5drk_1_C,1
2,train,3000,2590,2hh9_1_A,1
2,train,3000,2591,3h87_1_C,1
2,train,3000,2592,5ol8_1_B,1
2,train,3000,2593,3f0h_1_B,1
2,train,3000,2594,4g8b_1_A,1
2,train,3000,2595,3d7l_1_A,1
2,train,3000,2596,3g1g_1_A,1
2,train,3000,2597,3nwp_1_A,1
2,train,3000,2598,1vi3_1_A,1
2,train,3000,2599,5ikj_1_A,1
2,train,3000,2600,5uuj_1_A,1
2,train,3000,2601,2egg_1_B,1
2,train,3000,2602,4af1_1_A,1
2,train,3000,2603,4jyk_1_A,1
2,train,3000,2604,4hbd_1_A,1
2,train,3000,2605,5xg2_1_A,1
2,train,3000,2606,5xj8_1_A,1
2,train,3000,2607,5l8s_1_B,1
2,train,3000,2608,2hr3_1_B,1
2,train,3000,2609,4cru_1_A,1
2,train,3000,2610,3luq_1_B,1
2,train,3000,2611,2yxz_1_B,1
2,train,3000,2612,3hh2_1_D,1
2,train,3000,2613,2yzq_1_A,1
2,train,3000,2614,2hpl_1_A,1
2,train,3000,2615,3lmc_1_A,1
2,train,3000,2616,4xom_1_A,1
2,train,3000,2617,2qx0_1_B,1
2,train,3000,2618,4krd_1_B,1
2,train,3000,2619,1ukc_1_A,1
2,train,3000,2620,4qju_1_A,1
2,train,3000,2621,1yzy_1_A,1
2,train,3000,2622,5b82_1_A,1
2,train,3000,2623,5dmb_1_B,1
2,train,3000,2624,2z3x_1_A,1
2,train,3000,2625,2dg6_1_B,1
2,train,3000,2626,3qh2_1_B,1
2,train,3000,2627,2ra9_1_A,1
2,train,3000,2628,2d1l_1_B,1
2,train,3000,2629,3gm5_1_B,1
2,train,3000,2630,4lya_1_A,1
2,train,3000,2631,1r7j_1_B,1
2,train,3000,2632,2x7r_1_B,1
2,train,3000,2633,5ghe_1_A,1
2,train,3000,2634,4xqm_1_A,1
2,train,3000,2635,1ufb_1_B,1
2,train,3000,2636,1xks_1_A,1
2,train,3000,2637,2ijg_1_A,1
2,train,3000,2638,4klz_1_A,1
2,train,3000,2639,4wri_1_A,1
2,train,3000,2640,4lso_1_A,1
2,train,3000,2641,4l6t_1_A,1
2,train,3000,2642,4q1z_1_A,1
2,train,3000,2643,3m73_1_A,1
2,train,3000,2644,4bji_1_A,1
2,train,3000,2645,3fka_1_B,1
2,train,3000,2646,5vky_1_B,1
2,train,3000,2647,5tde_1_B,1
2,train,3000,2648,2cw6_1_A,1
2,train,3000,2649,2gr3_1_A,1
2,train,3000,2650,5aea_1_A,1
2,train,3000,2651,3a74_1_A,1
2,train,3000,2652,4mt2_1_B,1
2,train,3000,2653,4my2_1_A,1
2,train,3000,2654,5uy7_1_A,1
2,train,3000,2655,3s2u_1_A,1
2,train,3000,2656,4y85_1_A,1
2,train,3000,2657,1qbz_1_A,1
2,train,3000,2658,5aa5_1_C,1
2,train,3000,2659,5fuj_1_A,1
2,train,3000,2660,3i2g_1_A,1
2,train,3000,2661,3tzn_1_B,1
2,train,3000,2662,4ffg_1_A,1
2,train,3000,2663,2icu_1_A,1
2,train,3000,2664,5fcm_1_B,1
2,train,3000,2665,2p9w_1_A,1
2,train,3000,2666,3ju3_1_A,1
2,train,3000,2667,4joo_1_A,1
2,train,3000,2668,5mwa_1_A,1
2,train,3000,2669,2j6z_1_A,1
2,train,3000,2670,3kxp_1_B,1
2,train,3000,2671,1cd5_1_A,1
2,train,3000,2672,3f5o_1_A,1
2,train,3000,2673,2azw_1_A,1
2,train,3000,2674,1ni0_1_A,1
2,train,3000,2675,5kso_1_A,1
2,train,3000,2676,1j70_1_A,1
2,train,3000,2677,5ouo_1_A,1
2,train,3000,2678,4e0b_1_A,1
2,train,3000,2679,4j7g_1_A,1
2,train,3000,2680,2bjq_1_A,1
2,train,3000,2681,3aq3_1_A,1
2,train,3000,2682,5mcp_1_F,1
2,train,3000,2683,2gia_1_C,1
2,train,3000,2684,1fnu_1_A,1
2,train,3000,2685,3bdl_1_A,1
2,train,3000,2686,3qth_1_B,1
2,train,3000,2687,1twf_1_G,1
2,train,3000,2688,4xfk_1_A,1
2,train,3000,2689,1hkf_1_B,1
2,train,3000,2690,5ho2_1_A,1
2,train,3000,2691,3gre_1_A,1
2,train,3000,2692,5nz7_1_B,1
2,train,3000,2693,2d5m_1_B,1
2,train,3000,2694,1chm_1_B,1
2,train,3000,2695,4qa4_1_A,1
2,train,3000,2696,5tpx_1_A,1
2,train,3000,2697,5d60_1_B,1
2,train,3000,2698,5x7f_1_B,1
2,train,3000,2699,1a0t_1_A,1
2,train,3000,2700,2id6_1_A,1
2,train,3000,2701,3u1d_1_B,1
2,train,3000,2702,5mnj_1_D,1
2,train,3000,2703,1gve_1_A,1
2,train,3000,2704,5t9f_1_B,1
2,train,3000,2705,2w2m_1_A,1
2,train,3000,2706,3mes_1_A,1
2,train,3000,2707,2hdo_1_A,1
2,train,3000,2708,5hiw_1_A,1
2,train,3000,2709,1y14_1_A,1
2,train,3000,2710,3hoa_1_B,1
2,train,3000,2711,2v7q_1_D,1
2,train,3000,2712,5hst_1_A,1
2,train,3000,2713,3nnf_1_B,1
2,train,3000,2714,3qml_1_B,1
2,train,3000,2715,3d2o_1_A,1
2,train,3000,2716,4jcw_1_A,1
2,train,3000,2717,4ru1_1_A,1
2,train,3000,2718,4xnv_1_A,1
2,train,3000,2719,4o4s_1_A,1
2,train,3000,2720,1paq_1_A,1
2,train,3000,2721,3vkw_1_A,1
2,train,3000,2722,5ukh_1_A,1
2,train,3000,2723,2iyb_1_B,1
2,train,3000,2724,1wpb_1_A,1
2,train,3000,2725,1j1v_1_A,1
2,train,3000,2726,3vx3_1_B,1
2,train,3000,2727,4mpo_1_A,1
2,train,3000,2728,2i79_1_B,1
2,train,3000,2729,2g7g_1_B,1
2,train,3000,2730,3b40_1_A,1
2,train,3000,2731,3bt5_1_A,1
2,train,3000,2732,3ihb_1_A,1
2,train,3000,2733,2gcl_1_A,1
2,train,3000,2734,5xlj_1_A,1
2,train,3000,2735,1f94_1_A,1
2,train,3000,2736,5g4q_1_A,1
2,train,3000,2737,1bdy_1_B,1
2,train,3000,2738,3i3f_1_C,1
2,train,3000,2739,2bsw_1_A,1
2,train,3000,2740,5b7w_1_A,1
2,train,3000,2741,2p7h_1_C,1
2,train,3000,2742,5ff1_1_A,1
2,train,3000,2743,1xko_1_B,1
2,train,3000,2744,2q0x_1_B,1
2,train,3000,2745,1nc7_1_D,1
2,train,3000,2746,3abk_1_K,1
2,train,3000,2747,4a27_1_B,1
2,train,3000,2748,1syx_1_B,1
2,train,3000,2749,2axc_1_A,1
2,train,3000,2750,1di7_1_A,1
2,train,3000,2751,4cnl_1_A,1
2,train,3000,2752,1h9r_1_A,1
2,train,3000,2753,3g13_1_B,1
2,train,3000,2754,3egl_1_A,1
2,train,3000,2755,2ols_1_A,1
2,train,3000,2756,5isx_1_A,1
2,train,3000,2757,1r4a_1_E,1
2,train,3000,2758,4qe9_1_A,1
2,train,3000,2759,1mbm_1_A,1
2,train,3000,2760,2c5q_1_A,1
2,train,3000,2761,3vto_1_A,1
2,train,3000,2762,3m07_1_A,1
2,train,3000,2763,1g1c_1_B,1
2,train,3000,2764,2yaz_1_B,1
2,train,3000,2765,1yax_1_A,1
2,train,3000,2766,4x8b_1_A,1
2,train,3000,2767,4pmo_1_A,1
2,train,3000,2768,4m1b_1_A,1
2,train,3000,2769,2e3v_1_A,1
2,train,3000,2770,1ukk_1_B,1
2,train,3000,2771,5ffp_1_B,1
2,train,3000,2772,3lqm_1_A,1
2,train,3000,2773,5x57_1_A,1
2,train,3000,2774,4rsh_1_A,1
2,train,3000,2775,5nf4_1_A,1
2,train,3000,2776,5mdi_1_A,1
2,train,3000,2777,3aki_1_A,1
2,train,3000,2778,3ws1_1_A,1
2,train,3000,2779,5xau_1_B,1
2,train,3000,2780,4afl_1_B,1
2,train,3000,2781,1gd8_1_A,1
2,train,3000,2782,2jdi_1_G,1
2,train,3000,2783,3d02_1_A,1
2,train,3000,2784,4d2k_1_A,1
2,train,3000,2785,4i72_1_A,1
2,train,3000,2786,3b9y_1_A,1
2,train,3000,2787,2ha8_1_B,1
2,train,3000,2788,3bf5_1_B,1
2,train,3000,2789,5upm_1_A,1
2,train,3000,2790,3o94_1_B,1
2,train,3000,2791,4ct8_1_A,1
2,train,3000,2792,5kwr_1_A,1
2,train,3000,2793,3eh2_1_A,1
2,train,3000,2794,3kjp_1_A,1
2,train,3000,2795,2ef7_1_A,1
2,train,3000,2796,4usq_1_B,1
2,train,3000,2797,5uqj_1_A,1
2,train,3000,2798,4ndj_1_A,1
2,train,3000,2799,4pu7_1_A,1
2,train,3000,2800,1iu9_1_A,1
2,train,3000,2801,5b3g_1_B,1
2,train,3000,2802,3mkq_1_B,1
2,train,3000,2803,1ofh_1_A,1
2,train,3000,2804,2nn5_1_A,1
2,train,3000,2805,3tyr_1_A,1
2,train,3000,2806,4bd9_1_B,1
2,train,3000,2807,5gy1_1_B,1
2,train,3000,2808,2xon_1_A,1
2,train,3000,2809,4x1t_1_A,1
2,train,3000,2810,2od5_1_A,1
2,train,3000,2811,1cwq_1_A,1
2,train,3000,2812,1ckq_1_A,1
2,train,3000,2813,2hdi_1_A,1
2,train,3000,2814,3dxd_1_A,1
2,train,3000,2815,5tdy_1_B,1
2,train,3000,2816,4efz_1_A,1
2,train,3000,2817,4hdo_1_A,1
2,train,3000,2818,5v2c_1_V,1
2,train,3000,2819,3lcv_1_A,1
2,train,3000,2820,3otd_1_A,1
2,train,3000,2821,3hug_1_C,1
2,train,3000,2822,4g6t_1_A,1
2,train,3000,2823,3rl5_1_A,1
2,train,3000,2824,3lop_1_A,1
2,train,3000,2825,1ub9_1_B,1
2,train,3000,2826,6f23_1_A,1
2,train,3000,2827,2e3d_1_D,1
2,train,3000,2828,5cxy_1_A,1
2,train,3000,2829,2f2h_1_A,1
2,train,3000,2830,2vnl_1_A,1
2,train,3000,2831,1y02_1_A,1
2,train,3000,2832,3hff_1_A,1
2,train,3000,2833,3ry7_1_B,1
2,train,3000,2834,1z0h_1_A,1
2,train,3000,2835,3ofj_1_A,1
2,train,3000,2836,2a6v_1_A,1
2,train,3000,2837,3a45_1_A,1
2,train,3000,2838,2c1w_1_A,1
2,train,3000,2839,5n4a_1_A,1
2,train,3000,2840,2okv_1_A,1
2,train,3000,2841,2i6k_1_A,1
2,train,3000,2842,4b4c_1_B,1
2,train,3000,2843,2f2e_1_B,1
2,train,3000,2844,2c49_1_A,1
2,train,3000,2845,2ijo_1_B,1
2,train,3000,2846,1h8g_1_A,1
2,train,3000,2847,1ikn_1_C,1
2,train,3000,2848,4xvx_1_C,1
2,train,3000,2849,4ufm_1_A,1
2,train,3000,2850,3dnx_1_B,1
2,train,3000,2851,4dy0_1_A,1
2,train,3000,2852,3mq7_1_A,1
2,train,3000,2853,3kae_1_A,1
2,train,3000,2854,1ux5_1_B,1
2,train,3000,2855,3d6t_1_A,1
2,train,3000,2856,2is6_1_A,1
2,train,3000,2857,2fez_1_A,1
2,train,3000,2858,2oh3_1_B,1
2,train,3000,2859,2e7v_1_A,1
2,train,3000,2860,2xci_1_A,1
2,train,3000,2861,2pn1_1_B,1
2,train,3000,2862,4qvs_1_B,1
2,train,3000,2863,1gnt_1_A,1
2,train,3000,2864,3llk_1_A,1
2,train,3000,2865,3vr4_1_G,1
2,train,3000,2866,3doe_1_B,1
2,train,3000,2867,2yid_1_B,1
2,train,3000,2868,1eqz_1_H,1
2,train,3000,2869,5hmn_1_B,1
2,train,3000,2870,4xp8_1_A,1
2,train,3000,2871,4bbo_1_D,1
2,train,3000,2872,4x36_1_B,1
2,train,3000,2873,3c4b_1_B,1
2,train,3000,2874,4nhx_1_A,1
2,train,3000,2875,1vr7_1_B,1
2,train,3000,2876,2j67_1_B,1
2,train,3000,2877,1cmx_1_C,1
2,train,3000,2878,3gz1_1_A,1
2,train,3000,2879,3fkj_1_B,1
2,train,3000,2880,4wed_1_A,1
2,train,3000,2881,3sp4_1_A,1
2,train,3000,2882,3qdp_1_A,1
2,train,3000,2883,1skf_1_A,1
2,train,3000,2884,3dao_1_A,1
2,train,3000,2885,2dns_1_A,1
2,train,3000,2886,3aqt_1_A,1
2,train,3000,2887,4gdz_1_A,1
2,train,3000,2888,1tv2_1_A,1
2,train,3000,2889,5cxb_1_A,1
2,train,3000,2890,1wmf_1_A,1
2,train,3000,2891,2rhk_1_D,1
2,train,3000,2892,4rzx_1_B,1
2,train,3000,2893,5tv2_1_A,1
2,train,3000,2894,4fdw_1_A,1
2,train,3000,2895,3u3u_1_A,1
2,train,3000,2896,4pke_1_A,1
2,train,3000,2897,3cq1_1_A,1
2,train,3000,2898,2o5h_1_B,1
2,train,3000,2899,5iw9_1_B,1
2,train,3000,2900,2dg0_1_A,1
2,train,3000,2901,2fwm_1_A,1
2,train,3000,2902,3qm3_1_B,1
2,train,3000,2903,2xe4_1_A,1
2,train,3000,2904,4mp4_1_B,1
2,train,3000,2905,5xev_1_B,1
2,train,3000,2906,3a0t_1_A,1
2,train,3000,2907,2aeg_1_A,1
2,train,3000,2908,2wto_1_A,1
2,train,3000,2909,3t99_1_A,1
2,train,3000,2910,2wvo_1_A,1
2,train,3000,2911,3gk5_1_A,1
2,train,3000,2912,4kua_1_A,1
2,train,3000,2913,5cdj_1_A,1
2,train,3000,2914,4ebg_1_A,1
2,train,3000,2915,1xao_1_B,1
2,train,3000,2916,3o8v_1_A,1
2,train,3000,2917,3tm1_1_A,1
2,train,3000,2918,2aam_1_A,1
2,train,3000,2919,2p0d_1_A,1
2,train,3000,2920,3fdi_1_C,1
2,train,3000,2921,1ca9_1_A,1
2,train,3000,2922,5mea_1_A,1
2,train,3000,2923,4pa0_1_A,1
2,train,3000,2924,5e3p_1_A,1
2,train,3000,2925,5cs0_1_A,1
2,train,3000,2926,3x1l_1_C,1
2,train,3000,2927,5gq1_1_A,1
2,train,3000,2928,1gxy_1_A,1
2,train,3000,2929,5opq_1_A,1
2,train,3000,2930,4w7u_1_A,1
2,train,3000,2931,3jz3_1_A,1
2,train,3000,2932,4hkg_1_A,1
2,train,3000,2933,1zyp_1_A,1
2,train,3000,2934,4br5_1_A,1
2,train,3000,2935,4x8k_1_A,1
2,train,3000,2936,3col_1_B,1
2,train,3000,2937,3di5_1_A,1
2,train,3000,2938,1yba_1_A,1
2,train,3000,2939,1h3o_1_A,1
2,train,3000,2940,3zgj_1_A,1
2,train,3000,2941,1o8x_1_A,1
2,train,3000,2942,3e6p_1_B,1
2,train,3000,2943,4r16_1_B,1
2,train,3000,2944,2qsv_1_A,1
2,train,3000,2945,3p8a_1_A,1
2,train,3000,2946,4ysx_1_D,1
2,train,3000,2947,3kwl_1_A,1
2,train,3000,2948,3udx_1_A,1
2,train,3000,2949,4p87_1_A,1
2,train,3000,2950,5a7z_1_A,1
2,train,3000,2951,6egt_1_A,1
2,train,3000,2952,2ds2_1_B,1
2,train,3000,2953,3mt1_1_A,1
2,train,3000,2954,5jir_1_A,1
2,train,3000,2955,5ggl_1_A,1
2,train,3000,2956,2p4p_1_B,1
2,train,3000,2957,2xwx_1_B,1
2,train,3000,2958,3b2n_1_A,1
2,train,3000,2959,2g9w_1_B,1
2,train,3000,2960,4oge_1_A,1
2,train,3000,2961,4h0p_1_B,1
2,train,3000,2962,5mhf_1_A,1
2,train,3000,2963,3uen_1_A,1
2,train,3000,2964,5jja_1_A,1
2,train,3000,2965,2o0q_1_A,1
2,train,3000,2966,5lb7_1_B,1
2,train,3000,2967,2cxk_1_B,1
2,train,3000,2968,3lkb_1_B,1
2,train,3000,2969,4mzv_1_B,1
2,train,3000,2970,3fot_1_A,1
2,train,3000,2971,4p56_1_A,1
2,train,3000,2972,4r9k_1_B,1
2,train,3000,2973,3p3c_1_A,1
2,train,3000,2974,1amp_1_A,1
2,train,3000,2975,1ci8_1_A,1
2,train,3000,2976,4lnj_1_A,1
2,train,3000,2977,3isz_1_B,1
2,train,3000,2978,2guv_1_E,1
2,train,3000,2979,4evr_1_A,1
2,train,3000,2980,3zh5_1_A,1
2,train,3000,2981,1lqy_1_A,1
2,train,3000,2982,3iv0_1_A,1
2,train,3000,2983,3dal_1_B,1
2,train,3000,2984,5zby_1_A,1
2,train,3000,2985,1t07_1_A,1
2,train,3000,2986,4cxf_1_A,1
2,train,3000,2987,5c5z_1_B,1
2,train,3000,2988,3exn_1_A,1
2,train,3000,2989,1lr0_1_A,1
2,train,3000,2990,1tu3_1_C,1
2,train,3000,2991,3klu_1_A,1
2,train,3000,2992,4gnr_1_A,1
2,train,3000,2993,3s35_1_C,1
2,train,3000,2994,1qmg_1_A,1
2,train,3000,2995,3rao_1_A,1
2,train,3000,2996,1ee4_1_A,1
2,train,3000,2997,3ziu_1_A,1
2,train,3000,2998,3u1x_1_A,1
2,train,3000,2999,2qh1_1_B,1
