family,condition,backbone,train_size,seed,epoch,split,p_at_l5,mae_all_valid
主实验,500_baseline,ESM2-650M,500,0,1,valid,0.3095,6.1047
主实验,500_baseline,ESM2-650M,500,0,2,valid,,
主实验,500_baseline,ESM2-650M,500,0,3,valid,,
主实验,500_baseline,ESM2-650M,500,0,4,valid,,
主实验,500_baseline,ESM2-650M,500,0,5,valid,0.6510,4.2245
主实验,500_baseline,ESM2-650M,500,0,6,valid,,
主实验,500_baseline,ESM2-650M,500,0,7,valid,,
主实验,500_baseline,ESM2-650M,500,0,8,valid,,
主实验,500_baseline,ESM2-650M,500,0,9,valid,,
主实验,500_baseline,ESM2-650M,500,0,10,valid,0.7516,3.1129
主实验,500_baseline,ESM2-650M,500,0,11,valid,,
主实验,500_baseline,ESM2-650M,500,0,12,valid,,
主实验,500_baseline,ESM2-650M,500,0,13,valid,,
主实验,500_baseline,ESM2-650M,500,0,14,valid,,
主实验,500_baseline,ESM2-650M,500,0,15,valid,0.7859,3.3780
主实验,500_baseline,ESM2-650M,500,0,16,valid,,
主实验,500_baseline,ESM2-650M,500,0,17,valid,,
主实验,500_baseline,ESM2-650M,500,0,18,valid,,
主实验,500_baseline,ESM2-650M,500,0,19,valid,,
主实验,500_baseline,ESM2-650M,500,0,20,valid,0.8033,3.2283
主实验,500_baseline,ESM2-650M,500,0,21,valid,,
主实验,500_baseline,ESM2-650M,500,0,22,valid,,
主实验,500_baseline,ESM2-650M,500,0,23,valid,,
主实验,500_baseline,ESM2-650M,500,0,24,valid,,
主实验,500_baseline,ESM2-650M,500,0,25,valid,0.7865,3.2693
主实验,500_baseline,ESM2-650M,500,0,26,valid,,
主实验,500_baseline,ESM2-650M,500,0,27,valid,,
主实验,500_baseline,ESM2-650M,500,0,28,valid,,
主实验,500_baseline,ESM2-650M,500,0,29,valid,,
主实验,500_baseline,ESM2-650M,500,0,30,valid,0.7795,3.4378
主实验,500_baseline,ESM2-650M,500,0,31,valid,,
主实验,500_baseline,ESM2-650M,500,0,32,valid,,
主实验,500_baseline,ESM2-650M,500,0,33,valid,,
主实验,500_baseline,ESM2-650M,500,0,34,valid,,
主实验,500_baseline,ESM2-650M,500,0,35,valid,0.7756,3.3889
主实验,500_baseline,ESM2-650M,500,0,36,valid,,
主实验,500_baseline,ESM2-650M,500,0,37,valid,,
主实验,500_baseline,ESM2-650M,500,0,38,valid,,
主实验,500_baseline,ESM2-650M,500,0,39,valid,,
主实验,500_baseline,ESM2-650M,500,0,40,valid,0.7709,3.3861
主实验,500_baseline,ESM2-650M,500,0,final,test,0.7409,3.3333
主实验,500_baseline,ESM2-650M,500,1,1,valid,0.2783,4.9327
主实验,500_baseline,ESM2-650M,500,1,2,valid,,
主实验,500_baseline,ESM2-650M,500,1,3,valid,,
主实验,500_baseline,ESM2-650M,500,1,4,valid,,
主实验,500_baseline,ESM2-650M,500,1,5,valid,0.6529,3.7404
主实验,500_baseline,ESM2-650M,500,1,6,valid,,
主实验,500_baseline,ESM2-650M,500,1,7,valid,,
主实验,500_baseline,ESM2-650M,500,1,8,valid,,
主实验,500_baseline,ESM2-650M,500,1,9,valid,,
主实验,500_baseline,ESM2-650M,500,1,10,valid,0.7486,3.5339
主实验,500_baseline,ESM2-650M,500,1,11,valid,,
主实验,500_baseline,ESM2-650M,500,1,12,valid,,
主实验,500_baseline,ESM2-650M,500,1,13,valid,,
主实验,500_baseline,ESM2-650M,500,1,14,valid,,
主实验,500_baseline,ESM2-650M,500,1,15,valid,0.7590,3.7093
主实验,500_baseline,ESM2-650M,500,1,16,valid,,
主实验,500_baseline,ESM2-650M,500,1,17,valid,,
主实验,500_baseline,ESM2-650M,500,1,18,valid,,
主实验,500_baseline,ESM2-650M,500,1,19,valid,,
主实验,500_baseline,ESM2-650M,500,1,20,valid,0.7534,3.1656
主实验,500_baseline,ESM2-650M,500,1,21,valid,,
主实验,500_baseline,ESM2-650M,500,1,22,valid,,
主实验,500_baseline,ESM2-650M,500,1,23,valid,,
主实验,500_baseline,ESM2-650M,500,1,24,valid,,
主实验,500_baseline,ESM2-650M,500,1,25,valid,0.7440,3.1525
主实验,500_baseline,ESM2-650M,500,1,26,valid,,
主实验,500_baseline,ESM2-650M,500,1,27,valid,,
主实验,500_baseline,ESM2-650M,500,1,28,valid,,
主实验,500_baseline,ESM2-650M,500,1,29,valid,,
主实验,500_baseline,ESM2-650M,500,1,30,valid,0.7412,3.3450
主实验,500_baseline,ESM2-650M,500,1,31,valid,,
主实验,500_baseline,ESM2-650M,500,1,32,valid,,
主实验,500_baseline,ESM2-650M,500,1,33,valid,,
主实验,500_baseline,ESM2-650M,500,1,34,valid,,
主实验,500_baseline,ESM2-650M,500,1,35,valid,0.7293,3.2469
主实验,500_baseline,ESM2-650M,500,1,36,valid,,
主实验,500_baseline,ESM2-650M,500,1,37,valid,,
主实验,500_baseline,ESM2-650M,500,1,38,valid,,
主实验,500_baseline,ESM2-650M,500,1,39,valid,,
主实验,500_baseline,ESM2-650M,500,1,40,valid,0.7315,3.2483
主实验,500_baseline,ESM2-650M,500,1,final,test,0.7492,3.7101
主实验,500_baseline,ESM2-650M,500,2,1,valid,0.2677,5.5065
主实验,500_baseline,ESM2-650M,500,2,2,valid,,
主实验,500_baseline,ESM2-650M,500,2,3,valid,,
主实验,500_baseline,ESM2-650M,500,2,4,valid,,
主实验,500_baseline,ESM2-650M,500,2,5,valid,0.6300,3.9570
主实验,500_baseline,ESM2-650M,500,2,6,valid,,
主实验,500_baseline,ESM2-650M,500,2,7,valid,,
主实验,500_baseline,ESM2-650M,500,2,8,valid,,
主实验,500_baseline,ESM2-650M,500,2,9,valid,,
主实验,500_baseline,ESM2-650M,500,2,10,valid,0.7170,3.9068
主实验,500_baseline,ESM2-650M,500,2,11,valid,,
主实验,500_baseline,ESM2-650M,500,2,12,valid,,
主实验,500_baseline,ESM2-650M,500,2,13,valid,,
主实验,500_baseline,ESM2-650M,500,2,14,valid,,
主实验,500_baseline,ESM2-650M,500,2,15,valid,0.7409,3.6495
主实验,500_baseline,ESM2-650M,500,2,16,valid,,
主实验,500_baseline,ESM2-650M,500,2,17,valid,,
主实验,500_baseline,ESM2-650M,500,2,18,valid,,
主实验,500_baseline,ESM2-650M,500,2,19,valid,,
主实验,500_baseline,ESM2-650M,500,2,20,valid,0.7380,3.6090
主实验,500_baseline,ESM2-650M,500,2,21,valid,,
主实验,500_baseline,ESM2-650M,500,2,22,valid,,
主实验,500_baseline,ESM2-650M,500,2,23,valid,,
主实验,500_baseline,ESM2-650M,500,2,24,valid,,
主实验,500_baseline,ESM2-650M,500,2,25,valid,0.7415,3.5302
主实验,500_baseline,ESM2-650M,500,2,26,valid,,
主实验,500_baseline,ESM2-650M,500,2,27,valid,,
主实验,500_baseline,ESM2-650M,500,2,28,valid,,
主实验,500_baseline,ESM2-650M,500,2,29,valid,,
主实验,500_baseline,ESM2-650M,500,2,30,valid,0.7334,3.4616
主实验,500_baseline,ESM2-650M,500,2,31,valid,,
主实验,500_baseline,ESM2-650M,500,2,32,valid,,
主实验,500_baseline,ESM2-650M,500,2,33,valid,,
主实验,500_baseline,ESM2-650M,500,2,34,valid,,
主实验,500_baseline,ESM2-650M,500,2,35,valid,0.7241,3.3860
主实验,500_baseline,ESM2-650M,500,2,36,valid,,
主实验,500_baseline,ESM2-650M,500,2,37,valid,,
主实验,500_baseline,ESM2-650M,500,2,38,valid,,
主实验,500_baseline,ESM2-650M,500,2,39,valid,,
主实验,500_baseline,ESM2-650M,500,2,40,valid,0.7212,3.4268
主实验,500_baseline,ESM2-650M,500,2,final,test,0.7606,3.6014
主实验,500_phys,ESM2-650M,500,0,1,valid,0.3243,5.6476
主实验,500_phys,ESM2-650M,500,0,2,valid,,
主实验,500_phys,ESM2-650M,500,0,3,valid,,
主实验,500_phys,ESM2-650M,500,0,4,valid,,
主实验,500_phys,ESM2-650M,500,0,5,valid,0.7119,3.8180
主实验,500_phys,ESM2-650M,500,0,6,valid,,
主实验,500_phys,ESM2-650M,500,0,7,valid,,
主实验,500_phys,ESM2-650M,500,0,8,valid,,
主实验,500_phys,ESM2-650M,500,0,9,valid,,
主实验,500_phys,ESM2-650M,500,0,10,valid,0.7850,3.6921
主实验,500_phys,ESM2-650M,500,0,11,valid,,
主实验,500_phys,ESM2-650M,500,0,12,valid,,
主实验,500_phys,ESM2-650M,500,0,13,valid,,
主实验,500_phys,ESM2-650M,500,0,14,valid,,
主实验,500_phys,ESM2-650M,500,0,15,valid,0.8119,3.4772
主实验,500_phys,ESM2-650M,500,0,16,valid,,
主实验,500_phys,ESM2-650M,500,0,17,valid,,
主实验,500_phys,ESM2-650M,500,0,18,valid,,
主实验,500_phys,ESM2-650M,500,0,19,valid,,
主实验,500_phys,ESM2-650M,500,0,20,valid,0.8246,3.2041
主实验,500_phys,ESM2-650M,500,0,21,valid,,
主实验,500_phys,ESM2-650M,500,0,22,valid,,
主实验,500_phys,ESM2-650M,500,0,23,valid,,
主实验,500_phys,ESM2-650M,500,0,24,valid,,
主实验,500_phys,ESM2-650M,500,0,25,valid,0.8102,3.2276
主实验,500_phys,ESM2-650M,500,0,26,valid,,
主实验,500_phys,ESM2-650M,500,0,27,valid,,
主实验,500_phys,ESM2-650M,500,0,28,valid,,
主实验,500_phys,ESM2-650M,500,0,29,valid,,
主实验,500_phys,ESM2-650M,500,0,30,valid,0.8070,3.2698
主实验,500_phys,ESM2-650M,500,0,31,valid,,
主实验,500_phys,ESM2-650M,500,0,32,valid,,
主实验,500_phys,ESM2-650M,500,0,33,valid,,
主实验,500_phys,ESM2-650M,500,0,34,valid,,
主实验,500_phys,ESM2-650M,500,0,35,valid,0.8056,3.3455
主实验,500_phys,ESM2-650M,500,0,36,valid,,
主实验,500_phys,ESM2-650M,500,0,37,valid,,
主实验,500_phys,ESM2-650M,500,0,38,valid,,
主实验,500_phys,ESM2-650M,500,0,39,valid,,
主实验,500_phys,ESM2-650M,500,0,40,valid,0.8064,3.3511
主实验,500_phys,ESM2-650M,500,0,final,test,0.7720,3.4063
主实验,500_phys,ESM2-650M,500,1,1,valid,0.2875,4.2930
主实验,500_phys,ESM2-650M,500,1,2,valid,,
主实验,500_phys,ESM2-650M,500,1,3,valid,,
主实验,500_phys,ESM2-650M,500,1,4,valid,,
主实验,500_phys,ESM2-650M,500,1,5,valid,0.6543,3.8644
主实验,500_phys,ESM2-650M,500,1,6,valid,,
主实验,500_phys,ESM2-650M,500,1,7,valid,,
主实验,500_phys,ESM2-650M,500,1,8,valid,,
主实验,500_phys,ESM2-650M,500,1,9,valid,,
主实验,500_phys,ESM2-650M,500,1,10,valid,0.7294,3.8167
主实验,500_phys,ESM2-650M,500,1,11,valid,,
主实验,500_phys,ESM2-650M,500,1,12,valid,,
主实验,500_phys,ESM2-650M,500,1,13,valid,,
主实验,500_phys,ESM2-650M,500,1,14,valid,,
主实验,500_phys,ESM2-650M,500,1,15,valid,0.7569,3.5857
主实验,500_phys,ESM2-650M,500,1,16,valid,,
主实验,500_phys,ESM2-650M,500,1,17,valid,,
主实验,500_phys,ESM2-650M,500,1,18,valid,,
主实验,500_phys,ESM2-650M,500,1,19,valid,,
主实验,500_phys,ESM2-650M,500,1,20,valid,0.7690,3.6420
主实验,500_phys,ESM2-650M,500,1,21,valid,,
主实验,500_phys,ESM2-650M,500,1,22,valid,,
主实验,500_phys,ESM2-650M,500,1,23,valid,,
主实验,500_phys,ESM2-650M,500,1,24,valid,,
主实验,500_phys,ESM2-650M,500,1,25,valid,0.7610,3.1115
主实验,500_phys,ESM2-650M,500,1,26,valid,,
主实验,500_phys,ESM2-650M,500,1,27,valid,,
主实验,500_phys,ESM2-650M,500,1,28,valid,,
主实验,500_phys,ESM2-650M,500,1,29,valid,,
主实验,500_phys,ESM2-650M,500,1,30,valid,0.7624,3.1574
主实验,500_phys,ESM2-650M,500,1,31,valid,,
主实验,500_phys,ESM2-650M,500,1,32,valid,,
主实验,500_phys,ESM2-650M,500,1,33,valid,,
主实验,500_phys,ESM2-650M,500,1,34,valid,,
主实验,500_phys,ESM2-650M,500,1,35,valid,0.7563,3.3395
主实验,500_phys,ESM2-650M,500,1,36,valid,,
主实验,500_phys,ESM2-650M,500,1,37,valid,,
主实验,500_phys,ESM2-650M,500,1,38,valid,,
主实验,500_phys,ESM2-650M,500,1,39,valid,,
主实验,500_phys,ESM2-650M,500,1,40,valid,0.7558,3.2602
主实验,500_phys,ESM2-650M,500,1,final,test,0.7531,3.6327
主实验,500_phys,ESM2-650M,500,2,1,valid,0.3247,5.3483
主实验,500_phys,ESM2-650M,500,2,2,valid,,
主实验,500_phys,ESM2-650M,500,2,3,valid,,
主实验,500_phys,ESM2-650M,500,2,4,valid,,
主实验,500_phys,ESM2-650M,500,2,5,valid,0.6646,4.2026
主实验,500_phys,ESM2-650M,500,2,6,valid,,
主实验,500_phys,ESM2-650M,500,2,7,valid,,
主实验,500_phys,ESM2-650M,500,2,8,valid,,
主实验,500_phys,ESM2-650M,500,2,9,valid,,
主实验,500_phys,ESM2-650M,500,2,10,valid,0.7362,3.0913
主实验,500_phys,ESM2-650M,500,2,11,valid,,
主实验,500_phys,ESM2-650M,500,2,12,valid,,
主实验,500_phys,ESM2-650M,500,2,13,valid,,
主实验,500_phys,ESM2-650M,500,2,14,valid,,
主实验,500_phys,ESM2-650M,500,2,15,valid,0.7473,3.5543
主实验,500_phys,ESM2-650M,500,2,16,valid,,
主实验,500_phys,ESM2-650M,500,2,17,valid,,
主实验,500_phys,ESM2-650M,500,2,18,valid,,
主实验,500_phys,ESM2-650M,500,2,19,valid,,
主实验,500_phys,ESM2-650M,500,2,20,valid,0.7463,3.3982
主实验,500_phys,ESM2-650M,500,2,21,valid,,
主实验,500_phys,ESM2-650M,500,2,22,valid,,
主实验,500_phys,ESM2-650M,500,2,23,valid,,
主实验,500_phys,ESM2-650M,500,2,24,valid,,
主实验,500_phys,ESM2-650M,500,2,25,valid,0.7447,3.4481
主实验,500_phys,ESM2-650M,500,2,26,valid,,
主实验,500_phys,ESM2-650M,500,2,27,valid,,
主实验,500_phys,ESM2-650M,500,2,28,valid,,
主实验,500_phys,ESM2-650M,500,2,29,valid,,
主实验,500_phys,ESM2-650M,500,2,30,valid,0.7381,3.2648
主实验,500_phys,ESM2-650M,500,2,31,valid,,
主实验,500_phys,ESM2-650M,500,2,32,valid,,
主实验,500_phys,ESM2-650M,500,2,33,valid,,
主实验,500_phys,ESM2-650M,500,2,34,valid,,
主实验,500_phys,ESM2-650M,500,2,35,valid,0.7390,3.3757
主实验,500_phys,ESM2-650M,500,2,36,valid,,
主实验,500_phys,ESM2-650M,500,2,37,valid,,
主实验,500_phys,ESM2-650M,500,2,38,valid,,
主实验,500_phys,ESM2-650M,500,2,39,valid,,
主实验,500_phys,ESM2-650M,500,2,40,valid,0.7313,3.3088
主实验,500_phys,ESM2-650M,500,2,final,test,0.7787,3.6695
主实验,500_perturb,ESM2-650M,500,0,1,valid,0.3329,5.0604
主实验,500_perturb,ESM2-650M,500,0,2,valid,,
主实验,500_perturb,ESM2-650M,500,0,3,valid,,
主实验,500_perturb,ESM2-650M,500,0,4,valid,,
主实验,500_perturb,ESM2-650M,500,0,5,valid,0.7127,3.5503
主实验,500_perturb,ESM2-650M,500,0,6,valid,,
主实验,500_perturb,ESM2-650M,500,0,7,valid,,
主实验,500_perturb,ESM2-650M,500,0,8,valid,,
主实验,500_perturb,ESM2-650M,500,0,9,valid,,
主实验,500_perturb,ESM2-650M,500,0,10,valid,0.7921,3.6725
主实验,500_perturb,ESM2-650M,500,0,11,valid,,
主实验,500_perturb,ESM2-650M,500,0,12,valid,,
主实验,500_perturb,ESM2-650M,500,0,13,valid,,
主实验,500_perturb,ESM2-650M,500,0,14,valid,,
主实验,500_perturb,ESM2-650M,500,0,15,valid,0.7996,3.6329
主实验,500_perturb,ESM2-650M,500,0,16,valid,,
主实验,500_perturb,ESM2-650M,500,0,17,valid,,
主实验,500_perturb,ESM2-650M,500,0,18,valid,,
主实验,500_perturb,ESM2-650M,500,0,19,valid,,
主实验,500_perturb,ESM2-650M,500,0,20,valid,0.8151,3.1370
主实验,500_perturb,ESM2-650M,500,0,21,valid,,
主实验,500_perturb,ESM2-650M,500,0,22,valid,,
主实验,500_perturb,ESM2-650M,500,0,23,valid,,
主实验,500_perturb,ESM2-650M,500,0,24,valid,,
主实验,500_perturb,ESM2-650M,500,0,25,valid,0.8192,3.0874
主实验,500_perturb,ESM2-650M,500,0,26,valid,,
主实验,500_perturb,ESM2-650M,500,0,27,valid,,
主实验,500_perturb,ESM2-650M,500,0,28,valid,,
主实验,500_perturb,ESM2-650M,500,0,29,valid,,
主实验,500_perturb,ESM2-650M,500,0,30,valid,0.8055,3.2887
主实验,500_perturb,ESM2-650M,500,0,31,valid,,
主实验,500_perturb,ESM2-650M,500,0,32,valid,,
主实验,500_perturb,ESM2-650M,500,0,33,valid,,
主实验,500_perturb,ESM2-650M,500,0,34,valid,,
主实验,500_perturb,ESM2-650M,500,0,35,valid,0.7939,3.3146
主实验,500_perturb,ESM2-650M,500,0,36,valid,,
主实验,500_perturb,ESM2-650M,500,0,37,valid,,
主实验,500_perturb,ESM2-650M,500,0,38,valid,,
主实验,500_perturb,ESM2-650M,500,0,39,valid,,
主实验,500_perturb,ESM2-650M,500,0,40,valid,0.7994,3.2975
主实验,500_perturb,ESM2-650M,500,0,final,test,0.7618,3.2826
主实验,500_perturb,ESM2-650M,500,1,1,valid,0.2452,6.1325
主实验,500_perturb,ESM2-650M,500,1,2,valid,,
主实验,500_perturb,ESM2-650M,500,1,3,valid,,
主实验,500_perturb,ESM2-650M,500,1,4,valid,,
主实验,500_perturb,ESM2-650M,500,1,5,valid,0.6396,3.9479
主实验,500_perturb,ESM2-650M,500,1,6,valid,,
主实验,500_perturb,ESM2-650M,500,1,7,valid,,
主实验,500_perturb,ESM2-650M,500,1,8,valid,,
主实验,500_perturb,ESM2-650M,500,1,9,valid,,
主实验,500_perturb,ESM2-650M,500,1,10,valid,0.7221,3.8488
主实验,500_perturb,ESM2-650M,500,1,11,valid,,
主实验,500_perturb,ESM2-650M,500,1,12,valid,,
主实验,500_perturb,ESM2-650M,500,1,13,valid,,
主实验,500_perturb,ESM2-650M,500,1,14,valid,,
主实验,500_perturb,ESM2-650M,500,1,15,valid,0.7639,3.6466
主实验,500_perturb,ESM2-650M,500,1,16,valid,,
主实验,500_perturb,ESM2-650M,500,1,17,valid,,
主实验,500_perturb,ESM2-650M,500,1,18,valid,,
主实验,500_perturb,ESM2-650M,500,1,19,valid,,
主实验,500_perturb,ESM2-650M,500,1,20,valid,0.7615,3.5458
主实验,500_perturb,ESM2-650M,500,1,21,valid,,
主实验,500_perturb,ESM2-650M,500,1,22,valid,,
主实验,500_perturb,ESM2-650M,500,1,23,valid,,
主实验,500_perturb,ESM2-650M,500,1,24,valid,,
主实验,500_perturb,ESM2-650M,500,1,25,valid,0.7736,3.0309
主实验,500_perturb,ESM2-650M,500,1,26,valid,,
主实验,500_perturb,ESM2-650M,500,1,27,valid,,
主实验,500_perturb,ESM2-650M,500,1,28,valid,,
主实验,500_perturb,ESM2-650M,500,1,29,valid,,
主实验,500_perturb,ESM2-650M,500,1,30,valid,0.7684,3.2156
主实验,500_perturb,ESM2-650M,500,1,31,valid,,
主实验,500_perturb,ESM2-650M,500,1,32,valid,,
主实验,500_perturb,ESM2-650M,500,1,33,valid,,
主实验,500_perturb,ESM2-650M,500,1,34,valid,,
主实验,500_perturb,ESM2-650M,500,1,35,valid,0.7715,3.3436
主实验,500_perturb,ESM2-650M,500,1,36,valid,,
主实验,500_perturb,ESM2-650M,500,1,37,valid,,
主实验,500_perturb,ESM2-650M,500,1,38,valid,,
主实验,500_perturb,ESM2-650M,500,1,39,valid,,
主实验,500_perturb,ESM2-650M,500,1,40,valid,0.7690,3.2478
主实验,500_perturb,ESM2-650M,500,1,final,test,0.7511,3.1192
主实验,500_perturb,ESM2-650M,500,2,1,valid,0.2807,5.2619
主实验,500_perturb,ESM2-650M,500,2,2,valid,,
主实验,500_perturb,ESM2-650M,500,2,3,valid,,
主实验,500_perturb,ESM2-650M,500,2,4,valid,,
主实验,500_perturb,ESM2-650M,500,2,5,valid,0.6578,4.0784
主实验,500_perturb,ESM2-650M,500,2,6,valid,,
主实验,500_perturb,ESM2-650M,500,2,7,valid,,
主实验,500_perturb,ESM2-650M,500,2,8,valid,,
主实验,500_perturb,ESM2-650M,500,2,9,valid,,
主实验,500_perturb,ESM2-650M,500,2,10,valid,0.7178,3.1943
主实验,500_perturb,ESM2-650M,500,2,11,valid,,
主实验,500_perturb,ESM2-650M,500,2,12,valid,,
主实验,500_perturb,ESM2-650M,500,2,13,valid,,
主实验,500_perturb,ESM2-650M,500,2,14,valid,,
主实验,500_perturb,ESM2-650M,500,2,15,valid,0.7388,3.1885
主实验,500_perturb,ESM2-650M,500,2,16,valid,,
主实验,500_perturb,ESM2-650M,500,2,17,valid,,
主实验,500_perturb,ESM2-650M,500,2,18,valid,,
主实验,500_perturb,ESM2-650M,500,2,19,valid,,
主实验,500_perturb,ESM2-650M,500,2,20,valid,0.7378,3.2740
主实验,500_perturb,ESM2-650M,500,2,21,valid,,
主实验,500_perturb,ESM2-650M,500,2,22,valid,,
主实验,500_perturb,ESM2-650M,500,2,23,valid,,
主实验,500_perturb,ESM2-650M,500,2,24,valid,,
主实验,500_perturb,ESM2-650M,500,2,25,valid,0.7328,3.4386
主实验,500_perturb,ESM2-650M,500,2,26,valid,,
主实验,500_perturb,ESM2-650M,500,2,27,valid,,
主实验,500_perturb,ESM2-650M,500,2,28,valid,,
主实验,500_perturb,ESM2-650M,500,2,29,valid,,
主实验,500_perturb,ESM2-650M,500,2,30,valid,0.7292,3.2710
主实验,500_perturb,ESM2-650M,500,2,31,valid,,
主实验,500_perturb,ESM2-650M,500,2,32,valid,,
主实验,500_perturb,ESM2-650M,500,2,33,valid,,
主实验,500_perturb,ESM2-650M,500,2,34,valid,,
主实验,500_perturb,ESM2-650M,500,2,35,valid,0.7248,3.3622
主实验,500_perturb,ESM2-650M,500,2,36,valid,,
主实验,500_perturb,ESM2-650M,500,2,37,valid,,
主实验,500_perturb,ESM2-650M,500,2,38,valid,,
主实验,500_perturb,ESM2-650M,500,2,39,valid,,
主实验,500_perturb,ESM2-650M,500,2,40,valid,0.7248,3.3278
主实验,500_perturb,ESM2-650M,500,2,final,test,0.7729,3.2617
主实验,1500_baseline,ESM2-650M,1500,0,1,valid,0.5694,3.8195
主实验,1500_baseline,ESM2-650M,1500,0,2,valid,,
主实验,1500_baseline,ESM2-650M,1500,0,3,valid,,
主实验,1500_baseline,ESM2-650M,1500,0,4,valid,,
主实验,1500_baseline,ESM2-650M,1500,0,5,valid,0.8516,3.4841
主实验,1500_baseline,ESM2-650M,1500,0,6,valid,,
主实验,1500_baseline,ESM2-650M,1500,0,7,valid,,
主实验,1500_baseline,ESM2-650M,1500,0,8,valid,,
主实验,1500_baseline,ESM2-650M,1500,0,9,valid,,
主实验,1500_baseline,ESM2-650M,1500,0,10,valid,0.8707,2.9046
主实验,1500_baseline,ESM2-650M,1500,0,11,valid,,
主实验,1500_baseline,ESM2-650M,1500,0,12,valid,,
主实验,1500_baseline,ESM2-650M,1500,0,13,valid,,
主实验,1500_baseline,ESM2-650M,1500,0,14,valid,,
主实验,1500_baseline,ESM2-650M,1500,0,15,valid,0.8826,2.6703
主实验,1500_baseline,ESM2-650M,1500,0,16,valid,,
主实验,1500_baseline,ESM2-650M,1500,0,17,valid,,
主实验,1500_baseline,ESM2-650M,1500,0,18,valid,,
主实验,1500_baseline,ESM2-650M,1500,0,19,valid,,
主实验,1500_baseline,ESM2-650M,1500,0,20,valid,0.8793,2.6356
主实验,1500_baseline,ESM2-650M,1500,0,21,valid,,
主实验,1500_baseline,ESM2-650M,1500,0,22,valid,,
主实验,1500_baseline,ESM2-650M,1500,0,23,valid,,
主实验,1500_baseline,ESM2-650M,1500,0,24,valid,,
主实验,1500_baseline,ESM2-650M,1500,0,25,valid,0.8713,2.4636
主实验,1500_baseline,ESM2-650M,1500,0,26,valid,,
主实验,1500_baseline,ESM2-650M,1500,0,27,valid,,
主实验,1500_baseline,ESM2-650M,1500,0,28,valid,,
主实验,1500_baseline,ESM2-650M,1500,0,29,valid,,
主实验,1500_baseline,ESM2-650M,1500,0,30,valid,0.8728,2.5756
主实验,1500_baseline,ESM2-650M,1500,0,31,valid,,
主实验,1500_baseline,ESM2-650M,1500,0,32,valid,,
主实验,1500_baseline,ESM2-650M,1500,0,33,valid,,
主实验,1500_baseline,ESM2-650M,1500,0,34,valid,,
主实验,1500_baseline,ESM2-650M,1500,0,35,valid,0.8632,2.5582
主实验,1500_baseline,ESM2-650M,1500,0,36,valid,,
主实验,1500_baseline,ESM2-650M,1500,0,37,valid,,
主实验,1500_baseline,ESM2-650M,1500,0,38,valid,,
主实验,1500_baseline,ESM2-650M,1500,0,39,valid,,
主实验,1500_baseline,ESM2-650M,1500,0,40,valid,0.8646,2.5612
主实验,1500_baseline,ESM2-650M,1500,0,final,test,0.8609,2.7577
主实验,1500_baseline,ESM2-650M,1500,1,1,valid,0.4996,4.1574
主实验,1500_baseline,ESM2-650M,1500,1,2,valid,,
主实验,1500_baseline,ESM2-650M,1500,1,3,valid,,
主实验,1500_baseline,ESM2-650M,1500,1,4,valid,,
主实验,1500_baseline,ESM2-650M,1500,1,5,valid,0.8409,2.8067
主实验,1500_baseline,ESM2-650M,1500,1,6,valid,,
主实验,1500_baseline,ESM2-650M,1500,1,7,valid,,
主实验,1500_baseline,ESM2-650M,1500,1,8,valid,,
主实验,1500_baseline,ESM2-650M,1500,1,9,valid,,
主实验,1500_baseline,ESM2-650M,1500,1,10,valid,0.8820,3.0395
主实验,1500_baseline,ESM2-650M,1500,1,11,valid,,
主实验,1500_baseline,ESM2-650M,1500,1,12,valid,,
主实验,1500_baseline,ESM2-650M,1500,1,13,valid,,
主实验,1500_baseline,ESM2-650M,1500,1,14,valid,,
主实验,1500_baseline,ESM2-650M,1500,1,15,valid,0.8824,2.7287
主实验,1500_baseline,ESM2-650M,1500,1,16,valid,,
主实验,1500_baseline,ESM2-650M,1500,1,17,valid,,
主实验,1500_baseline,ESM2-650M,1500,1,18,valid,,
主实验,1500_baseline,ESM2-650M,1500,1,19,valid,,
主实验,1500_baseline,ESM2-650M,1500,1,20,valid,0.8883,2.7664
主实验,1500_baseline,ESM2-650M,1500,1,21,valid,,
主实验,1500_baseline,ESM2-650M,1500,1,22,valid,,
主实验,1500_baseline,ESM2-650M,1500,1,23,valid,,
主实验,1500_baseline,ESM2-650M,1500,1,24,valid,,
主实验,1500_baseline,ESM2-650M,1500,1,25,valid,0.8789,2.6732
主实验,1500_baseline,ESM2-650M,1500,1,26,valid,,
主实验,1500_baseline,ESM2-650M,1500,1,27,valid,,
主实验,1500_baseline,ESM2-650M,1500,1,28,valid,,
主实验,1500_baseline,ESM2-650M,1500,1,29,valid,,
主实验,1500_baseline,ESM2-650M,1500,1,30,valid,0.8746,2.5509
主实验,1500_baseline,ESM2-650M,1500,1,31,valid,,
主实验,1500_baseline,ESM2-650M,1500,1,32,valid,,
主实验,1500_baseline,ESM2-650M,1500,1,33,valid,,
主实验,1500_baseline,ESM2-650M,1500,1,34,valid,,
主实验,1500_baseline,ESM2-650M,1500,1,35,valid,0.8695,2.4087
主实验,1500_baseline,ESM2-650M,1500,1,36,valid,,
主实验,1500_baseline,ESM2-650M,1500,1,37,valid,,
主实验,1500_baseline,ESM2-650M,1500,1,38,valid,,
主实验,1500_baseline,ESM2-650M,1500,1,39,valid,,
主实验,1500_baseline,ESM2-650M,1500,1,40,valid,0.8644,2.4581
主实验,1500_baseline,ESM2-650M,1500,1,final,test,0.8634,2.8080
主实验,1500_baseline,ESM2-650M,1500,2,1,valid,0.4989,3.8504
主实验,1500_baseline,ESM2-650M,1500,2,2,valid,,
主实验,1500_baseline,ESM2-650M,1500,2,3,valid,,
主实验,1500_baseline,ESM2-650M,1500,2,4,valid,,
主实验,1500_baseline,ESM2-650M,1500,2,5,valid,0.8007,3.4030
主实验,1500_baseline,ESM2-650M,1500,2,6,valid,,
主实验,1500_baseline,ESM2-650M,1500,2,7,valid,,
主实验,1500_baseline,ESM2-650M,1500,2,8,valid,,
主实验,1500_baseline,ESM2-650M,1500,2,9,valid,,
主实验,1500_baseline,ESM2-650M,1500,2,10,valid,0.8477,2.6402
主实验,1500_baseline,ESM2-650M,1500,2,11,valid,,
主实验,1500_baseline,ESM2-650M,1500,2,12,valid,,
主实验,1500_baseline,ESM2-650M,1500,2,13,valid,,
主实验,1500_baseline,ESM2-650M,1500,2,14,valid,,
主实验,1500_baseline,ESM2-650M,1500,2,15,valid,0.8502,2.8272
主实验,1500_baseline,ESM2-650M,1500,2,16,valid,,
主实验,1500_baseline,ESM2-650M,1500,2,17,valid,,
主实验,1500_baseline,ESM2-650M,1500,2,18,valid,,
主实验,1500_baseline,ESM2-650M,1500,2,19,valid,,
主实验,1500_baseline,ESM2-650M,1500,2,20,valid,0.8385,2.5518
主实验,1500_baseline,ESM2-650M,1500,2,21,valid,,
主实验,1500_baseline,ESM2-650M,1500,2,22,valid,,
主实验,1500_baseline,ESM2-650M,1500,2,23,valid,,
主实验,1500_baseline,ESM2-650M,1500,2,24,valid,,
主实验,1500_baseline,ESM2-650M,1500,2,25,valid,0.8180,2.6042
主实验,1500_baseline,ESM2-650M,1500,2,26,valid,,
主实验,1500_baseline,ESM2-650M,1500,2,27,valid,,
主实验,1500_baseline,ESM2-650M,1500,2,28,valid,,
主实验,1500_baseline,ESM2-650M,1500,2,29,valid,,
主实验,1500_baseline,ESM2-650M,1500,2,30,valid,0.8133,2.6356
主实验,1500_baseline,ESM2-650M,1500,2,31,valid,,
主实验,1500_baseline,ESM2-650M,1500,2,32,valid,,
主实验,1500_baseline,ESM2-650M,1500,2,33,valid,,
主实验,1500_baseline,ESM2-650M,1500,2,34,valid,,
主实验,1500_baseline,ESM2-650M,1500,2,35,valid,0.8045,2.5848
主实验,1500_baseline,ESM2-650M,1500,2,36,valid,,
主实验,1500_baseline,ESM2-650M,1500,2,37,valid,,
主实验,1500_baseline,ESM2-650M,1500,2,38,valid,,
主实验,1500_baseline,ESM2-650M,1500,2,39,valid,,
主实验,1500_baseline,ESM2-650M,1500,2,40,valid,0.8050,2.6182
主实验,1500_baseline,ESM2-650M,1500,2,final,test,0.8793,2.9237
主实验,1500_phys,ESM2-650M,1500,0,1,valid,0.5600,3.9523
主实验,1500_phys,ESM2-650M,1500,0,2,valid,,
主实验,1500_phys,ESM2-650M,1500,0,3,valid,,
主实验,1500_phys,ESM2-650M,1500,0,4,valid,,
主实验,1500_phys,ESM2-650M,1500,0,5,valid,0.8471,2.9864
主实验,1500_phys,ESM2-650M,1500,0,6,valid,,
主实验,1500_phys,ESM2-650M,1500,0,7,valid,,
主实验,1500_phys,ESM2-650M,1500,0,8,valid,,
主实验,1500_phys,ESM2-650M,1500,0,9,valid,,
主实验,1500_phys,ESM2-650M,1500,0,10,valid,0.8701,2.4850
主实验,1500_phys,ESM2-650M,1500,0,11,valid,,
主实验,1500_phys,ESM2-650M,1500,0,12,valid,,
主实验,1500_phys,ESM2-650M,1500,0,13,valid,,
主实验,1500_phys,ESM2-650M,1500,0,14,valid,,
主实验,1500_phys,ESM2-650M,1500,0,15,valid,0.8877,2.7354
主实验,1500_phys,ESM2-650M,1500,0,16,valid,,
主实验,1500_phys,ESM2-650M,1500,0,17,valid,,
主实验,1500_phys,ESM2-650M,1500,0,18,valid,,
主实验,1500_phys,ESM2-650M,1500,0,19,valid,,
主实验,1500_phys,ESM2-650M,1500,0,20,valid,0.8826,2.4674
主实验,1500_phys,ESM2-650M,1500,0,21,valid,,
主实验,1500_phys,ESM2-650M,1500,0,22,valid,,
主实验,1500_phys,ESM2-650M,1500,0,23,valid,,
主实验,1500_phys,ESM2-650M,1500,0,24,valid,,
主实验,1500_phys,ESM2-650M,1500,0,25,valid,0.8707,2.5814
主实验,1500_phys,ESM2-650M,1500,0,26,valid,,
主实验,1500_phys,ESM2-650M,1500,0,27,valid,,
主实验,1500_phys,ESM2-650M,1500,0,28,valid,,
主实验,1500_phys,ESM2-650M,1500,0,29,valid,,
主实验,1500_phys,ESM2-650M,1500,0,30,valid,0.8743,2.6023
主实验,1500_phys,ESM2-650M,1500,0,31,valid,,
主实验,1500_phys,ESM2-650M,1500,0,32,valid,,
主实验,1500_phys,ESM2-650M,1500,0,33,valid,,
主实验,1500_phys,ESM2-650M,1500,0,34,valid,,
主实验,1500_phys,ESM2-650M,1500,0,35,valid,0.8663,2.5681
主实验,1500_phys,ESM2-650M,1500,0,36,valid,,
主实验,1500_phys,ESM2-650M,1500,0,37,valid,,
主实验,1500_phys,ESM2-650M,1500,0,38,valid,,
主实验,1500_phys,ESM2-650M,1500,0,39,valid,,
主实验,1500_phys,ESM2-650M,1500,0,40,valid,0.8633,2.5577
主实验,1500_phys,ESM2-650M,1500,0,final,test,0.8629,2.8097
主实验,1500_phys,ESM2-650M,1500,1,1,valid,0.5687,4.2385
主实验,1500_phys,ESM2-650M,1500,1,2,valid,,
主实验,1500_phys,ESM2-650M,1500,1,3,valid,,
主实验,1500_phys,ESM2-650M,1500,1,4,valid,,
主实验,1500_phys,ESM2-650M,1500,1,5,valid,0.8506,2.9988
主实验,1500_phys,ESM2-650M,1500,1,6,valid,,
主实验,1500_phys,ESM2-650M,1500,1,7,valid,,
主实验,1500_phys,ESM2-650M,1500,1,8,valid,,
主实验,1500_phys,ESM2-650M,1500,1,9,valid,,
主实验,1500_phys,ESM2-650M,1500,1,10,valid,0.8848,2.8093
主实验,1500_phys,ESM2-650M,1500,1,11,valid,,
主实验,1500_phys,ESM2-650M,1500,1,12,valid,,
主实验,1500_phys,ESM2-650M,1500,1,13,valid,,
主实验,1500_phys,ESM2-650M,1500,1,14,valid,,
主实验,1500_phys,ESM2-650M,1500,1,15,valid,0.8839,2.4903
主实验,1500_phys,ESM2-650M,1500,1,16,valid,,
主实验,1500_phys,ESM2-650M,1500,1,17,valid,,
主实验,1500_phys,ESM2-650M,1500,1,18,valid,,
主实验,1500_phys,ESM2-650M,1500,1,19,valid,,
主实验,1500_phys,ESM2-650M,1500,1,20,valid,0.8877,2.6469
主实验,1500_phys,ESM2-650M,1500,1,21,valid,,
主实验,1500_phys,ESM2-650M,1500,1,22,valid,,
主实验,1500_phys,ESM2-650M,1500,1,23,valid,,
主实验,1500_phys,ESM2-650M,1500,1,24,valid,,
主实验,1500_phys,ESM2-650M,1500,1,25,valid,0.8813,2.4624
主实验,1500_phys,ESM2-650M,1500,1,26,valid,,
主实验,1500_phys,ESM2-650M,1500,1,27,valid,,
主实验,1500_phys,ESM2-650M,1500,1,28,valid,,
主实验,1500_phys,ESM2-650M,1500,1,29,valid,,
主实验,1500_phys,ESM2-650M,1500,1,30,valid,0.8700,2.5451
主实验,1500_phys,ESM2-650M,1500,1,31,valid,,
主实验,1500_phys,ESM2-650M,1500,1,32,valid,,
主实验,1500_phys,ESM2-650M,1500,1,33,valid,,
主实验,1500_phys,ESM2-650M,1500,1,34,valid,,
主实验,1500_phys,ESM2-650M,1500,1,35,valid,0.8681,2.4879
主实验,1500_phys,ESM2-650M,1500,1,36,valid,,
主实验,1500_phys,ESM2-650M,1500,1,37,valid,,
主实验,1500_phys,ESM2-650M,1500,1,38,valid,,
主实验,1500_phys,ESM2-650M,1500,1,39,valid,,
主实验,1500_phys,ESM2-650M,1500,1,40,valid,0.8628,2.5216
主实验,1500_phys,ESM2-650M,1500,1,final,test,0.8620,2.6071
主实验,1500_phys,ESM2-650M,1500,2,1,valid,0.5451,4.0629
主实验,1500_phys,ESM2-650M,1500,2,2,valid,,
主实验,1500_phys,ESM2-650M,1500,2,3,valid,,
主实验,1500_phys,ESM2-650M,1500,2,4,valid,,
主实验,1500_phys,ESM2-650M,1500,2,5,valid,0.7989,3.0447
主实验,1500_phys,ESM2-650M,1500,2,6,valid,,
主实验,1500_phys,ESM2-650M,1500,2,7,valid,,
主实验,1500_phys,ESM2-650M,1500,2,8,valid,,
主实验,1500_phys,ESM2-650M,1500,2,9,valid,,
主实验,1500_phys,ESM2-650M,1500,2,10,valid,0.8353,2.7823
主实验,1500_phys,ESM2-650M,1500,2,11,valid,,
主实验,1500_phys,ESM2-650M,1500,2,12,valid,,
主实验,1500_phys,ESM2-650M,1500,2,13,valid,,
主实验,1500_phys,ESM2-650M,1500,2,14,valid,,
主实验,1500_phys,ESM2-650M,1500,2,15,valid,0.8341,2.8071
主实验,1500_phys,ESM2-650M,1500,2,16,valid,,
主实验,1500_phys,ESM2-650M,1500,2,17,valid,,
主实验,1500_phys,ESM2-650M,1500,2,18,valid,,
主实验,1500_phys,ESM2-650M,1500,2,19,valid,,
主实验,1500_phys,ESM2-650M,1500,2,20,valid,0.8313,2.7359
主实验,1500_phys,ESM2-650M,1500,2,21,valid,,
主实验,1500_phys,ESM2-650M,1500,2,22,valid,,
主实验,1500_phys,ESM2-650M,1500,2,23,valid,,
主实验,1500_phys,ESM2-650M,1500,2,24,valid,,
主实验,1500_phys,ESM2-650M,1500,2,25,valid,0.8272,2.6492
主实验,1500_phys,ESM2-650M,1500,2,26,valid,,
主实验,1500_phys,ESM2-650M,1500,2,27,valid,,
主实验,1500_phys,ESM2-650M,1500,2,28,valid,,
主实验,1500_phys,ESM2-650M,1500,2,29,valid,,
主实验,1500_phys,ESM2-650M,1500,2,30,valid,0.8275,2.6214
主实验,1500_phys,ESM2-650M,1500,2,31,valid,,
主实验,1500_phys,ESM2-650M,1500,2,32,valid,,
主实验,1500_phys,ESM2-650M,1500,2,33,valid,,
主实验,1500_phys,ESM2-650M,1500,2,34,valid,,
主实验,1500_phys,ESM2-650M,1500,2,35,valid,0.8285,2.6479
主实验,1500_phys,ESM2-650M,1500,2,36,valid,,
主实验,1500_phys,ESM2-650M,1500,2,37,valid,,
主实验,1500_phys,ESM2-650M,1500,2,38,valid,,
主实验,1500_phys,ESM2-650M,1500,2,39,valid,,
主实验,1500_phys,ESM2-650M,1500,2,40,valid,0.8252,2.6582
主实验,1500_phys,ESM2-650M,1500,2,final,test,0.8661,2.9177
主实验,1500_perturb,ESM2-650M,1500,0,1,valid,0.5716,3.9979
主实验,1500_perturb,ESM2-650M,1500,0,2,valid,,
主实验,1500_perturb,ESM2-650M,1500,0,3,valid,,
主实验,1500_perturb,ESM2-650M,1500,0,4,valid,,
主实验,1500_perturb,ESM2-650M,1500,0,5,valid,0.8477,2.8789
主实验,1500_perturb,ESM2-650M,1500,0,6,valid,,
主实验,1500_perturb,ESM2-650M,1500,0,7,valid,,
主实验,1500_perturb,ESM2-650M,1500,0,8,valid,,
主实验,1500_perturb,ESM2-650M,1500,0,9,valid,,
主实验,1500_perturb,ESM2-650M,1500,0,10,valid,0.8745,2.4821
主实验,1500_perturb,ESM2-650M,1500,0,11,valid,,
主实验,1500_perturb,ESM2-650M,1500,0,12,valid,,
主实验,1500_perturb,ESM2-650M,1500,0,13,valid,,
主实验,1500_perturb,ESM2-650M,1500,0,14,valid,,
主实验,1500_perturb,ESM2-650M,1500,0,15,valid,0.8780,2.6187
主实验,1500_perturb,ESM2-650M,1500,0,16,valid,,
主实验,1500_perturb,ESM2-650M,1500,0,17,valid,,
主实验,1500_perturb,ESM2-650M,1500,0,18,valid,,
主实验,1500_perturb,ESM2-650M,1500,0,19,valid,,
主实验,1500_perturb,ESM2-650M,1500,0,20,valid,0.8752,2.6221
主实验,1500_perturb,ESM2-650M,1500,0,21,valid,,
主实验,1500_perturb,ESM2-650M,1500,0,22,valid,,
主实验,1500_perturb,ESM2-650M,1500,0,23,valid,,
主实验,1500_perturb,ESM2-650M,1500,0,24,valid,,
主实验,1500_perturb,ESM2-650M,1500,0,25,valid,0.8606,2.4583
主实验,1500_perturb,ESM2-650M,1500,0,26,valid,,
主实验,1500_perturb,ESM2-650M,1500,0,27,valid,,
主实验,1500_perturb,ESM2-650M,1500,0,28,valid,,
主实验,1500_perturb,ESM2-650M,1500,0,29,valid,,
主实验,1500_perturb,ESM2-650M,1500,0,30,valid,0.8690,2.5958
主实验,1500_perturb,ESM2-650M,1500,0,31,valid,,
主实验,1500_perturb,ESM2-650M,1500,0,32,valid,,
主实验,1500_perturb,ESM2-650M,1500,0,33,valid,,
主实验,1500_perturb,ESM2-650M,1500,0,34,valid,,
主实验,1500_perturb,ESM2-650M,1500,0,35,valid,0.8665,2.5521
主实验,1500_perturb,ESM2-650M,1500,0,36,valid,,
主实验,1500_perturb,ESM2-650M,1500,0,37,valid,,
主实验,1500_perturb,ESM2-650M,1500,0,38,valid,,
主实验,1500_perturb,ESM2-650M,1500,0,39,valid,,
主实验,1500_perturb,ESM2-650M,1500,0,40,valid,0.8639,2.5261
主实验,1500_perturb,ESM2-650M,1500,0,final,test,0.8587,2.6754
主实验,1500_perturb,ESM2-650M,1500,1,1,valid,0.5684,3.8539
主实验,1500_perturb,ESM2-650M,1500,1,2,valid,,
主实验,1500_perturb,ESM2-650M,1500,1,3,valid,,
主实验,1500_perturb,ESM2-650M,1500,1,4,valid,,
主实验,1500_perturb,ESM2-650M,1500,1,5,valid,0.8413,3.1458
主实验,1500_perturb,ESM2-650M,1500,1,6,valid,,
主实验,1500_perturb,ESM2-650M,1500,1,7,valid,,
主实验,1500_perturb,ESM2-650M,1500,1,8,valid,,
主实验,1500_perturb,ESM2-650M,1500,1,9,valid,,
主实验,1500_perturb,ESM2-650M,1500,1,10,valid,0.8819,2.7501
主实验,1500_perturb,ESM2-650M,1500,1,11,valid,,
主实验,1500_perturb,ESM2-650M,1500,1,12,valid,,
主实验,1500_perturb,ESM2-650M,1500,1,13,valid,,
主实验,1500_perturb,ESM2-650M,1500,1,14,valid,,
主实验,1500_perturb,ESM2-650M,1500,1,15,valid,0.8790,2.5563
主实验,1500_perturb,ESM2-650M,1500,1,16,valid,,
主实验,1500_perturb,ESM2-650M,1500,1,17,valid,,
主实验,1500_perturb,ESM2-650M,1500,1,18,valid,,
主实验,1500_perturb,ESM2-650M,1500,1,19,valid,,
主实验,1500_perturb,ESM2-650M,1500,1,20,valid,0.8798,2.6846
主实验,1500_perturb,ESM2-650M,1500,1,21,valid,,
主实验,1500_perturb,ESM2-650M,1500,1,22,valid,,
主实验,1500_perturb,ESM2-650M,1500,1,23,valid,,
主实验,1500_perturb,ESM2-650M,1500,1,24,valid,,
主实验,1500_perturb,ESM2-650M,1500,1,25,valid,0.8719,2.5083
主实验,1500_perturb,ESM2-650M,1500,1,26,valid,,
主实验,1500_perturb,ESM2-650M,1500,1,27,valid,,
主实验,1500_perturb,ESM2-650M,1500,1,28,valid,,
主实验,1500_perturb,ESM2-650M,1500,1,29,valid,,
主实验,1500_perturb,ESM2-650M,1500,1,30,valid,0.8714,2.5351
主实验,1500_perturb,ESM2-650M,1500,1,31,valid,,
主实验,1500_perturb,ESM2-650M,1500,1,32,valid,,
主实验,1500_perturb,ESM2-650M,1500,1,33,valid,,
主实验,1500_perturb,ESM2-650M,1500,1,34,valid,,
主实验,1500_perturb,ESM2-650M,1500,1,35,valid,0.8652,2.5431
主实验,1500_perturb,ESM2-650M,1500,1,36,valid,,
主实验,1500_perturb,ESM2-650M,1500,1,37,valid,,
主实验,1500_perturb,ESM2-650M,1500,1,38,valid,,
主实验,1500_perturb,ESM2-650M,1500,1,39,valid,,
主实验,1500_perturb,ESM2-650M,1500,1,40,valid,0.8618,2.5218
主实验,1500_perturb,ESM2-650M,1500,1,final,test,0.8483,2.7448
主实验,1500_perturb,ESM2-650M,1500,2,1,valid,0.5511,3.9084
主实验,1500_perturb,ESM2-650M,1500,2,2,valid,,
主实验,1500_perturb,ESM2-650M,1500,2,3,valid,,
主实验,1500_perturb,ESM2-650M,1500,2,4,valid,,
主实验,1500_perturb,ESM2-650M,1500,2,5,valid,0.8078,2.9242
主实验,1500_perturb,ESM2-650M,1500,2,6,valid,,
主实验,1500_perturb,ESM2-650M,1500,2,7,valid,,
主实验,1500_perturb,ESM2-650M,1500,2,8,valid,,
主实验,1500_perturb,ESM2-650M,1500,2,9,valid,,
主实验,1500_perturb,ESM2-650M,1500,2,10,valid,0.8328,2.7377
主实验,1500_perturb,ESM2-650M,1500,2,11,valid,,
主实验,1500_perturb,ESM2-650M,1500,2,12,valid,,
主实验,1500_perturb,ESM2-650M,1500,2,13,valid,,
主实验,1500_perturb,ESM2-650M,1500,2,14,valid,,
主实验,1500_perturb,ESM2-650M,1500,2,15,valid,0.8257,2.8907
主实验,1500_perturb,ESM2-650M,1500,2,16,valid,,
主实验,1500_perturb,ESM2-650M,1500,2,17,valid,,
主实验,1500_perturb,ESM2-650M,1500,2,18,valid,,
主实验,1500_perturb,ESM2-650M,1500,2,19,valid,,
主实验,1500_perturb,ESM2-650M,1500,2,20,valid,0.8304,2.6267
主实验,1500_perturb,ESM2-650M,1500,2,21,valid,,
主实验,1500_perturb,ESM2-650M,1500,2,22,valid,,
主实验,1500_perturb,ESM2-650M,1500,2,23,valid,,
主实验,1500_perturb,ESM2-650M,1500,2,24,valid,,
主实验,1500_perturb,ESM2-650M,1500,2,25,valid,0.8248,2.6254
主实验,1500_perturb,ESM2-650M,1500,2,26,valid,,
主实验,1500_perturb,ESM2-650M,1500,2,27,valid,,
主实验,1500_perturb,ESM2-650M,1500,2,28,valid,,
主实验,1500_perturb,ESM2-650M,1500,2,29,valid,,
主实验,1500_perturb,ESM2-650M,1500,2,30,valid,0.8193,2.5506
主实验,1500_perturb,ESM2-650M,1500,2,31,valid,,
主实验,1500_perturb,ESM2-650M,1500,2,32,valid,,
主实验,1500_perturb,ESM2-650M,1500,2,33,valid,,
主实验,1500_perturb,ESM2-650M,1500,2,34,valid,,
主实验,1500_perturb,ESM2-650M,1500,2,35,valid,0.8144,2.5651
主实验,1500_perturb,ESM2-650M,1500,2,36,valid,,
主实验,1500_perturb,ESM2-650M,1500,2,37,valid,,
主实验,1500_perturb,ESM2-650M,1500,2,38,valid,,
主实验,1500_perturb,ESM2-650M,1500,2,39,valid,,
主实验,1500_perturb,ESM2-650M,1500,2,40,valid,0.8125,2.6170
主实验,1500_perturb,ESM2-650M,1500,2,final,test,0.8694,2.8374
主实验,3000_baseline,ESM2-650M,3000,0,1,valid,0.7423,3.8464
主实验,3000_baseline,ESM2-650M,3000,0,1,valid,0.7423,3.8464
主实验,3000_baseline,ESM2-650M,3000,0,2,valid,,
主实验,3000_baseline,ESM2-650M,3000,0,3,valid,,
主实验,3000_baseline,ESM2-650M,3000,0,4,valid,,
主实验,3000_baseline,ESM2-650M,3000,0,5,valid,0.8890,2.6364
主实验,3000_baseline,ESM2-650M,3000,0,6,valid,,
主实验,3000_baseline,ESM2-650M,3000,0,7,valid,,
主实验,3000_baseline,ESM2-650M,3000,0,8,valid,,
主实验,3000_baseline,ESM2-650M,3000,0,9,valid,,
主实验,3000_baseline,ESM2-650M,3000,0,10,valid,0.9015,2.4271
主实验,3000_baseline,ESM2-650M,3000,0,11,valid,,
主实验,3000_baseline,ESM2-650M,3000,0,12,valid,,
主实验,3000_baseline,ESM2-650M,3000,0,13,valid,,
主实验,3000_baseline,ESM2-650M,3000,0,14,valid,,
主实验,3000_baseline,ESM2-650M,3000,0,15,valid,0.8940,2.3323
主实验,3000_baseline,ESM2-650M,3000,0,16,valid,,
主实验,3000_baseline,ESM2-650M,3000,0,17,valid,,
主实验,3000_baseline,ESM2-650M,3000,0,18,valid,,
主实验,3000_baseline,ESM2-650M,3000,0,19,valid,,
主实验,3000_baseline,ESM2-650M,3000,0,20,valid,0.8993,2.2480
主实验,3000_baseline,ESM2-650M,3000,0,21,valid,,
主实验,3000_baseline,ESM2-650M,3000,0,22,valid,,
主实验,3000_baseline,ESM2-650M,3000,0,23,valid,,
主实验,3000_baseline,ESM2-650M,3000,0,24,valid,,
主实验,3000_baseline,ESM2-650M,3000,0,25,valid,0.8910,2.2868
主实验,3000_baseline,ESM2-650M,3000,0,26,valid,,
主实验,3000_baseline,ESM2-650M,3000,0,27,valid,,
主实验,3000_baseline,ESM2-650M,3000,0,28,valid,,
主实验,3000_baseline,ESM2-650M,3000,0,29,valid,,
主实验,3000_baseline,ESM2-650M,3000,0,30,valid,0.8968,2.2702
主实验,3000_baseline,ESM2-650M,3000,0,31,valid,,
主实验,3000_baseline,ESM2-650M,3000,0,32,valid,,
主实验,3000_baseline,ESM2-650M,3000,0,33,valid,,
主实验,3000_baseline,ESM2-650M,3000,0,34,valid,,
主实验,3000_baseline,ESM2-650M,3000,0,35,valid,0.8975,2.3094
主实验,3000_baseline,ESM2-650M,3000,0,36,valid,,
主实验,3000_baseline,ESM2-650M,3000,0,37,valid,,
主实验,3000_baseline,ESM2-650M,3000,0,38,valid,,
主实验,3000_baseline,ESM2-650M,3000,0,39,valid,,
主实验,3000_baseline,ESM2-650M,3000,0,40,valid,0.8951,2.2816
主实验,3000_baseline,ESM2-650M,3000,0,final,test,0.8968,2.5256
主实验,3000_baseline,ESM2-650M,3000,1,1,valid,0.7057,3.6837
主实验,3000_baseline,ESM2-650M,3000,1,2,valid,,
主实验,3000_baseline,ESM2-650M,3000,1,3,valid,,
主实验,3000_baseline,ESM2-650M,3000,1,4,valid,,
主实验,3000_baseline,ESM2-650M,3000,1,5,valid,0.8963,2.7811
主实验,3000_baseline,ESM2-650M,3000,1,6,valid,,
主实验,3000_baseline,ESM2-650M,3000,1,7,valid,,
主实验,3000_baseline,ESM2-650M,3000,1,8,valid,,
主实验,3000_baseline,ESM2-650M,3000,1,9,valid,,
主实验,3000_baseline,ESM2-650M,3000,1,10,valid,0.9092,2.5767
主实验,3000_baseline,ESM2-650M,3000,1,11,valid,,
主实验,3000_baseline,ESM2-650M,3000,1,12,valid,,
主实验,3000_baseline,ESM2-650M,3000,1,13,valid,,
主实验,3000_baseline,ESM2-650M,3000,1,14,valid,,
主实验,3000_baseline,ESM2-650M,3000,1,15,valid,0.9080,2.3100
主实验,3000_baseline,ESM2-650M,3000,1,16,valid,,
主实验,3000_baseline,ESM2-650M,3000,1,17,valid,,
主实验,3000_baseline,ESM2-650M,3000,1,18,valid,,
主实验,3000_baseline,ESM2-650M,3000,1,19,valid,,
主实验,3000_baseline,ESM2-650M,3000,1,20,valid,0.9112,2.2908
主实验,3000_baseline,ESM2-650M,3000,1,21,valid,,
主实验,3000_baseline,ESM2-650M,3000,1,22,valid,,
主实验,3000_baseline,ESM2-650M,3000,1,23,valid,,
主实验,3000_baseline,ESM2-650M,3000,1,24,valid,,
主实验,3000_baseline,ESM2-650M,3000,1,25,valid,0.9075,2.1971
主实验,3000_baseline,ESM2-650M,3000,1,26,valid,,
主实验,3000_baseline,ESM2-650M,3000,1,27,valid,,
主实验,3000_baseline,ESM2-650M,3000,1,28,valid,,
主实验,3000_baseline,ESM2-650M,3000,1,29,valid,,
主实验,3000_baseline,ESM2-650M,3000,1,30,valid,0.8994,2.2807
主实验,3000_baseline,ESM2-650M,3000,1,31,valid,,
主实验,3000_baseline,ESM2-650M,3000,1,32,valid,,
主实验,3000_baseline,ESM2-650M,3000,1,33,valid,,
主实验,3000_baseline,ESM2-650M,3000,1,34,valid,,
主实验,3000_baseline,ESM2-650M,3000,1,35,valid,0.8983,2.2490
主实验,3000_baseline,ESM2-650M,3000,1,36,valid,,
主实验,3000_baseline,ESM2-650M,3000,1,37,valid,,
主实验,3000_baseline,ESM2-650M,3000,1,38,valid,,
主实验,3000_baseline,ESM2-650M,3000,1,39,valid,,
主实验,3000_baseline,ESM2-650M,3000,1,40,valid,0.8971,2.2559
主实验,3000_baseline,ESM2-650M,3000,1,final,test,0.8788,2.3063
主实验,3000_baseline,ESM2-650M,3000,2,1,valid,0.6845,3.8701
主实验,3000_baseline,ESM2-650M,3000,2,2,valid,,
主实验,3000_baseline,ESM2-650M,3000,2,3,valid,,
主实验,3000_baseline,ESM2-650M,3000,2,4,valid,,
主实验,3000_baseline,ESM2-650M,3000,2,5,valid,0.8577,2.6368
主实验,3000_baseline,ESM2-650M,3000,2,6,valid,,
主实验,3000_baseline,ESM2-650M,3000,2,7,valid,,
主实验,3000_baseline,ESM2-650M,3000,2,8,valid,,
主实验,3000_baseline,ESM2-650M,3000,2,9,valid,,
主实验,3000_baseline,ESM2-650M,3000,2,10,valid,0.8516,2.3156
主实验,3000_baseline,ESM2-650M,3000,2,11,valid,,
主实验,3000_baseline,ESM2-650M,3000,2,12,valid,,
主实验,3000_baseline,ESM2-650M,3000,2,13,valid,,
主实验,3000_baseline,ESM2-650M,3000,2,14,valid,,
主实验,3000_baseline,ESM2-650M,3000,2,15,valid,0.8591,2.3017
主实验,3000_baseline,ESM2-650M,3000,2,16,valid,,
主实验,3000_baseline,ESM2-650M,3000,2,17,valid,,
主实验,3000_baseline,ESM2-650M,3000,2,18,valid,,
主实验,3000_baseline,ESM2-650M,3000,2,19,valid,,
主实验,3000_baseline,ESM2-650M,3000,2,20,valid,0.8550,2.3600
主实验,3000_baseline,ESM2-650M,3000,2,21,valid,,
主实验,3000_baseline,ESM2-650M,3000,2,22,valid,,
主实验,3000_baseline,ESM2-650M,3000,2,23,valid,,
主实验,3000_baseline,ESM2-650M,3000,2,24,valid,,
主实验,3000_baseline,ESM2-650M,3000,2,25,valid,0.8581,2.4171
主实验,3000_baseline,ESM2-650M,3000,2,26,valid,,
主实验,3000_baseline,ESM2-650M,3000,2,27,valid,,
主实验,3000_baseline,ESM2-650M,3000,2,28,valid,,
主实验,3000_baseline,ESM2-650M,3000,2,29,valid,,
主实验,3000_baseline,ESM2-650M,3000,2,30,valid,0.8454,2.4722
主实验,3000_baseline,ESM2-650M,3000,2,31,valid,,
主实验,3000_baseline,ESM2-650M,3000,2,32,valid,,
主实验,3000_baseline,ESM2-650M,3000,2,33,valid,,
主实验,3000_baseline,ESM2-650M,3000,2,34,valid,,
主实验,3000_baseline,ESM2-650M,3000,2,35,valid,0.8478,2.5546
主实验,3000_baseline,ESM2-650M,3000,2,36,valid,,
主实验,3000_baseline,ESM2-650M,3000,2,37,valid,,
主实验,3000_baseline,ESM2-650M,3000,2,38,valid,,
主实验,3000_baseline,ESM2-650M,3000,2,39,valid,,
主实验,3000_baseline,ESM2-650M,3000,2,40,valid,0.8454,2.5044
主实验,3000_baseline,ESM2-650M,3000,2,final,test,0.8881,2.3311
主实验,3000_phys,ESM2-650M,3000,0,1,valid,0.7317,3.5265
主实验,3000_phys,ESM2-650M,3000,0,2,valid,,
主实验,3000_phys,ESM2-650M,3000,0,3,valid,,
主实验,3000_phys,ESM2-650M,3000,0,4,valid,,
主实验,3000_phys,ESM2-650M,3000,0,5,valid,0.8975,2.7654
主实验,3000_phys,ESM2-650M,3000,0,6,valid,,
主实验,3000_phys,ESM2-650M,3000,0,7,valid,,
主实验,3000_phys,ESM2-650M,3000,0,8,valid,,
主实验,3000_phys,ESM2-650M,3000,0,9,valid,,
主实验,3000_phys,ESM2-650M,3000,0,10,valid,0.9037,2.2415
主实验,3000_phys,ESM2-650M,3000,0,11,valid,,
主实验,3000_phys,ESM2-650M,3000,0,12,valid,,
主实验,3000_phys,ESM2-650M,3000,0,13,valid,,
主实验,3000_phys,ESM2-650M,3000,0,14,valid,,
主实验,3000_phys,ESM2-650M,3000,0,15,valid,0.9115,2.3876
主实验,3000_phys,ESM2-650M,3000,0,16,valid,,
主实验,3000_phys,ESM2-650M,3000,0,17,valid,,
主实验,3000_phys,ESM2-650M,3000,0,18,valid,,
主实验,3000_phys,ESM2-650M,3000,0,19,valid,,
主实验,3000_phys,ESM2-650M,3000,0,20,valid,0.8988,2.3750
主实验,3000_phys,ESM2-650M,3000,0,21,valid,,
主实验,3000_phys,ESM2-650M,3000,0,22,valid,,
主实验,3000_phys,ESM2-650M,3000,0,23,valid,,
主实验,3000_phys,ESM2-650M,3000,0,24,valid,,
主实验,3000_phys,ESM2-650M,3000,0,25,valid,0.8966,2.4151
主实验,3000_phys,ESM2-650M,3000,0,26,valid,,
主实验,3000_phys,ESM2-650M,3000,0,27,valid,,
主实验,3000_phys,ESM2-650M,3000,0,28,valid,,
主实验,3000_phys,ESM2-650M,3000,0,29,valid,,
主实验,3000_phys,ESM2-650M,3000,0,30,valid,0.8942,2.3370
主实验,3000_phys,ESM2-650M,3000,0,31,valid,,
主实验,3000_phys,ESM2-650M,3000,0,32,valid,,
主实验,3000_phys,ESM2-650M,3000,0,33,valid,,
主实验,3000_phys,ESM2-650M,3000,0,34,valid,,
主实验,3000_phys,ESM2-650M,3000,0,35,valid,0.8912,2.3257
主实验,3000_phys,ESM2-650M,3000,0,36,valid,,
主实验,3000_phys,ESM2-650M,3000,0,37,valid,,
主实验,3000_phys,ESM2-650M,3000,0,38,valid,,
主实验,3000_phys,ESM2-650M,3000,0,39,valid,,
主实验,3000_phys,ESM2-650M,3000,0,40,valid,0.8871,2.3099
主实验,3000_phys,ESM2-650M,3000,0,final,test,0.8902,2.4238
主实验,3000_phys,ESM2-650M,3000,1,1,valid,0.7278,3.7594
主实验,3000_phys,ESM2-650M,3000,1,2,valid,,
主实验,3000_phys,ESM2-650M,3000,1,3,valid,,
主实验,3000_phys,ESM2-650M,3000,1,4,valid,,
主实验,3000_phys,ESM2-650M,3000,1,5,valid,0.9007,2.7694
主实验,3000_phys,ESM2-650M,3000,1,6,valid,,
主实验,3000_phys,ESM2-650M,3000,1,7,valid,,
主实验,3000_phys,ESM2-650M,3000,1,8,valid,,
主实验,3000_phys,ESM2-650M,3000,1,9,valid,,
主实验,3000_phys,ESM2-650M,3000,1,10,valid,0.9083,2.3628
主实验,3000_phys,ESM2-650M,3000,1,11,valid,,
主实验,3000_phys,ESM2-650M,3000,1,12,valid,,
主实验,3000_phys,ESM2-650M,3000,1,13,valid,,
主实验,3000_phys,ESM2-650M,3000,1,14,valid,,
主实验,3000_phys,ESM2-650M,3000,1,15,valid,0.9080,2.2568
主实验,3000_phys,ESM2-650M,3000,1,16,valid,,
主实验,3000_phys,ESM2-650M,3000,1,17,valid,,
主实验,3000_phys,ESM2-650M,3000,1,18,valid,,
主实验,3000_phys,ESM2-650M,3000,1,19,valid,,
主实验,3000_phys,ESM2-650M,3000,1,20,valid,0.8930,2.2410
主实验,3000_phys,ESM2-650M,3000,1,21,valid,,
主实验,3000_phys,ESM2-650M,3000,1,22,valid,,
主实验,3000_phys,ESM2-650M,3000,1,23,valid,,
主实验,3000_phys,ESM2-650M,3000,1,24,valid,,
主实验,3000_phys,ESM2-650M,3000,1,25,valid,0.8957,2.2242
主实验,3000_phys,ESM2-650M,3000,1,26,valid,,
主实验,3000_phys,ESM2-650M,3000,1,27,valid,,
主实验,3000_phys,ESM2-650M,3000,1,28,valid,,
主实验,3000_phys,ESM2-650M,3000,1,29,valid,,
主实验,3000_phys,ESM2-650M,3000,1,30,valid,0.8850,2.2504
主实验,3000_phys,ESM2-650M,3000,1,31,valid,,
主实验,3000_phys,ESM2-650M,3000,1,32,valid,,
主实验,3000_phys,ESM2-650M,3000,1,33,valid,,
主实验,3000_phys,ESM2-650M,3000,1,34,valid,,
主实验,3000_phys,ESM2-650M,3000,1,35,valid,0.8863,2.2922
主实验,3000_phys,ESM2-650M,3000,1,36,valid,,
主实验,3000_phys,ESM2-650M,3000,1,37,valid,,
主实验,3000_phys,ESM2-650M,3000,1,38,valid,,
主实验,3000_phys,ESM2-650M,3000,1,39,valid,,
主实验,3000_phys,ESM2-650M,3000,1,40,valid,0.8846,2.2754
主实验,3000_phys,ESM2-650M,3000,1,final,test,0.8831,2.3277
主实验,3000_phys,ESM2-650M,3000,2,1,valid,0.6766,3.7204
主实验,3000_phys,ESM2-650M,3000,2,2,valid,,
主实验,3000_phys,ESM2-650M,3000,2,3,valid,,
主实验,3000_phys,ESM2-650M,3000,2,4,valid,,
主实验,3000_phys,ESM2-650M,3000,2,5,valid,0.8650,2.7402
主实验,3000_phys,ESM2-650M,3000,2,6,valid,,
主实验,3000_phys,ESM2-650M,3000,2,7,valid,,
主实验,3000_phys,ESM2-650M,3000,2,8,valid,,
主实验,3000_phys,ESM2-650M,3000,2,9,valid,,
主实验,3000_phys,ESM2-650M,3000,2,10,valid,0.8680,2.4210
主实验,3000_phys,ESM2-650M,3000,2,11,valid,,
主实验,3000_phys,ESM2-650M,3000,2,12,valid,,
主实验,3000_phys,ESM2-650M,3000,2,13,valid,,
主实验,3000_phys,ESM2-650M,3000,2,14,valid,,
主实验,3000_phys,ESM2-650M,3000,2,15,valid,0.8630,2.4814
主实验,3000_phys,ESM2-650M,3000,2,16,valid,,
主实验,3000_phys,ESM2-650M,3000,2,17,valid,,
主实验,3000_phys,ESM2-650M,3000,2,18,valid,,
主实验,3000_phys,ESM2-650M,3000,2,19,valid,,
主实验,3000_phys,ESM2-650M,3000,2,20,valid,0.8536,2.4830
主实验,3000_phys,ESM2-650M,3000,2,21,valid,,
主实验,3000_phys,ESM2-650M,3000,2,22,valid,,
主实验,3000_phys,ESM2-650M,3000,2,23,valid,,
主实验,3000_phys,ESM2-650M,3000,2,24,valid,,
主实验,3000_phys,ESM2-650M,3000,2,25,valid,0.8518,2.4991
主实验,3000_phys,ESM2-650M,3000,2,26,valid,,
主实验,3000_phys,ESM2-650M,3000,2,27,valid,,
主实验,3000_phys,ESM2-650M,3000,2,28,valid,,
主实验,3000_phys,ESM2-650M,3000,2,29,valid,,
主实验,3000_phys,ESM2-650M,3000,2,30,valid,0.8549,2.4216
主实验,3000_phys,ESM2-650M,3000,2,31,valid,,
主实验,3000_phys,ESM2-650M,3000,2,32,valid,,
主实验,3000_phys,ESM2-650M,3000,2,33,valid,,
主实验,3000_phys,ESM2-650M,3000,2,34,valid,,
主实验,3000_phys,ESM2-650M,3000,2,35,valid,0.8407,2.4326
主实验,3000_phys,ESM2-650M,3000,2,36,valid,,
主实验,3000_phys,ESM2-650M,3000,2,37,valid,,
主实验,3000_phys,ESM2-650M,3000,2,38,valid,,
主实验,3000_phys,ESM2-650M,3000,2,39,valid,,
主实验,3000_phys,ESM2-650M,3000,2,40,valid,0.8457,2.4568
主实验,3000_phys,ESM2-650M,3000,2,final,test,0.9054,2.4455
主实验,3000_perturb,ESM2-650M,3000,0,1,valid,0.7450,4.0244
主实验,3000_perturb,ESM2-650M,3000,0,2,valid,,
主实验,3000_perturb,ESM2-650M,3000,0,3,valid,,
主实验,3000_perturb,ESM2-650M,3000,0,4,valid,,
主实验,3000_perturb,ESM2-650M,3000,0,5,valid,0.8919,2.6046
主实验,3000_perturb,ESM2-650M,3000,0,6,valid,,
主实验,3000_perturb,ESM2-650M,3000,0,7,valid,,
主实验,3000_perturb,ESM2-650M,3000,0,8,valid,,
主实验,3000_perturb,ESM2-650M,3000,0,9,valid,,
主实验,3000_perturb,ESM2-650M,3000,0,10,valid,0.9078,2.3375
主实验,3000_perturb,ESM2-650M,3000,0,11,valid,,
主实验,3000_perturb,ESM2-650M,3000,0,12,valid,,
主实验,3000_perturb,ESM2-650M,3000,0,13,valid,,
主实验,3000_perturb,ESM2-650M,3000,0,14,valid,,
主实验,3000_perturb,ESM2-650M,3000,0,15,valid,0.9057,2.4928
主实验,3000_perturb,ESM2-650M,3000,0,16,valid,,
主实验,3000_perturb,ESM2-650M,3000,0,17,valid,,
主实验,3000_perturb,ESM2-650M,3000,0,18,valid,,
主实验,3000_perturb,ESM2-650M,3000,0,19,valid,,
主实验,3000_perturb,ESM2-650M,3000,0,20,valid,0.8978,2.3019
主实验,3000_perturb,ESM2-650M,3000,0,21,valid,,
主实验,3000_perturb,ESM2-650M,3000,0,22,valid,,
主实验,3000_perturb,ESM2-650M,3000,0,23,valid,,
主实验,3000_perturb,ESM2-650M,3000,0,24,valid,,
主实验,3000_perturb,ESM2-650M,3000,0,25,valid,0.8991,2.4098
主实验,3000_perturb,ESM2-650M,3000,0,26,valid,,
主实验,3000_perturb,ESM2-650M,3000,0,27,valid,,
主实验,3000_perturb,ESM2-650M,3000,0,28,valid,,
主实验,3000_perturb,ESM2-650M,3000,0,29,valid,,
主实验,3000_perturb,ESM2-650M,3000,0,30,valid,0.8957,2.3015
主实验,3000_perturb,ESM2-650M,3000,0,31,valid,,
主实验,3000_perturb,ESM2-650M,3000,0,32,valid,,
主实验,3000_perturb,ESM2-650M,3000,0,33,valid,,
主实验,3000_perturb,ESM2-650M,3000,0,34,valid,,
主实验,3000_perturb,ESM2-650M,3000,0,35,valid,0.8944,2.3039
主实验,3000_perturb,ESM2-650M,3000,0,36,valid,,
主实验,3000_perturb,ESM2-650M,3000,0,37,valid,,
主实验,3000_perturb,ESM2-650M,3000,0,38,valid,,
主实验,3000_perturb,ESM2-650M,3000,0,39,valid,,
主实验,3000_perturb,ESM2-650M,3000,0,40,valid,0.8913,2.3203
主实验,3000_perturb,ESM2-650M,3000,0,final,test,0.8879,2.4481
主实验,3000_perturb,ESM2-650M,3000,1,1,valid,0.7254,4.0182
主实验,3000_perturb,ESM2-650M,3000,1,2,valid,,
主实验,3000_perturb,ESM2-650M,3000,1,3,valid,,
主实验,3000_perturb,ESM2-650M,3000,1,4,valid,,
主实验,3000_perturb,ESM2-650M,3000,1,5,valid,0.8990,2.6260
主实验,3000_perturb,ESM2-650M,3000,1,6,valid,,
主实验,3000_perturb,ESM2-650M,3000,1,7,valid,,
主实验,3000_perturb,ESM2-650M,3000,1,8,valid,,
主实验,3000_perturb,ESM2-650M,3000,1,9,valid,,
主实验,3000_perturb,ESM2-650M,3000,1,10,valid,0.9113,2.2363
主实验,3000_perturb,ESM2-650M,3000,1,11,valid,,
主实验,3000_perturb,ESM2-650M,3000,1,12,valid,,
主实验,3000_perturb,ESM2-650M,3000,1,13,valid,,
主实验,3000_perturb,ESM2-650M,3000,1,14,valid,,
主实验,3000_perturb,ESM2-650M,3000,1,15,valid,0.9105,2.4746
主实验,3000_perturb,ESM2-650M,3000,1,16,valid,,
主实验,3000_perturb,ESM2-650M,3000,1,17,valid,,
主实验,3000_perturb,ESM2-650M,3000,1,18,valid,,
主实验,3000_perturb,ESM2-650M,3000,1,19,valid,,
主实验,3000_perturb,ESM2-650M,3000,1,20,valid,0.9074,2.1980
主实验,3000_perturb,ESM2-650M,3000,1,21,valid,,
主实验,3000_perturb,ESM2-650M,3000,1,22,valid,,
主实验,3000_perturb,ESM2-650M,3000,1,23,valid,,
主实验,3000_perturb,ESM2-650M,3000,1,24,valid,,
主实验,3000_perturb,ESM2-650M,3000,1,25,valid,0.8986,2.1995
主实验,3000_perturb,ESM2-650M,3000,1,26,valid,,
主实验,3000_perturb,ESM2-650M,3000,1,27,valid,,
主实验,3000_perturb,ESM2-650M,3000,1,28,valid,,
主实验,3000_perturb,ESM2-650M,3000,1,29,valid,,
主实验,3000_perturb,ESM2-650M,3000,1,30,valid,0.8984,2.2691
主实验,3000_perturb,ESM2-650M,3000,1,31,valid,,
主实验,3000_perturb,ESM2-650M,3000,1,32,valid,,
主实验,3000_perturb,ESM2-650M,3000,1,33,valid,,
主实验,3000_perturb,ESM2-650M,3000,1,34,valid,,
主实验,3000_perturb,ESM2-650M,3000,1,35,valid,0.9029,2.3255
主实验,3000_perturb,ESM2-650M,3000,1,36,valid,,
主实验,3000_perturb,ESM2-650M,3000,1,37,valid,,
主实验,3000_perturb,ESM2-650M,3000,1,38,valid,,
主实验,3000_perturb,ESM2-650M,3000,1,39,valid,,
主实验,3000_perturb,ESM2-650M,3000,1,40,valid,0.8985,2.2830
主实验,3000_perturb,ESM2-650M,3000,1,final,test,0.8829,2.1733
主实验,3000_perturb,ESM2-650M,3000,2,1,valid,0.6861,3.9678
主实验,3000_perturb,ESM2-650M,3000,2,2,valid,,
主实验,3000_perturb,ESM2-650M,3000,2,3,valid,,
主实验,3000_perturb,ESM2-650M,3000,2,4,valid,,
主实验,3000_perturb,ESM2-650M,3000,2,5,valid,0.8596,2.5733
主实验,3000_perturb,ESM2-650M,3000,2,6,valid,,
主实验,3000_perturb,ESM2-650M,3000,2,7,valid,,
主实验,3000_perturb,ESM2-650M,3000,2,8,valid,,
主实验,3000_perturb,ESM2-650M,3000,2,9,valid,,
主实验,3000_perturb,ESM2-650M,3000,2,10,valid,0.8644,2.2068
主实验,3000_perturb,ESM2-650M,3000,2,11,valid,,
主实验,3000_perturb,ESM2-650M,3000,2,12,valid,,
主实验,3000_perturb,ESM2-650M,3000,2,13,valid,,
主实验,3000_perturb,ESM2-650M,3000,2,14,valid,,
主实验,3000_perturb,ESM2-650M,3000,2,15,valid,0.8567,2.4791
主实验,3000_perturb,ESM2-650M,3000,2,16,valid,,
主实验,3000_perturb,ESM2-650M,3000,2,17,valid,,
主实验,3000_perturb,ESM2-650M,3000,2,18,valid,,
主实验,3000_perturb,ESM2-650M,3000,2,19,valid,,
主实验,3000_perturb,ESM2-650M,3000,2,20,valid,0.8489,2.4040
主实验,3000_perturb,ESM2-650M,3000,2,21,valid,,
主实验,3000_perturb,ESM2-650M,3000,2,22,valid,,
主实验,3000_perturb,ESM2-650M,3000,2,23,valid,,
主实验,3000_perturb,ESM2-650M,3000,2,24,valid,,
主实验,3000_perturb,ESM2-650M,3000,2,25,valid,0.8456,2.4063
主实验,3000_perturb,ESM2-650M,3000,2,26,valid,,
主实验,3000_perturb,ESM2-650M,3000,2,27,valid,,
主实验,3000_perturb,ESM2-650M,3000,2,28,valid,,
主实验,3000_perturb,ESM2-650M,3000,2,29,valid,,
主实验,3000_perturb,ESM2-650M,3000,2,30,valid,0.8463,2.3975
主实验,3000_perturb,ESM2-650M,3000,2,31,valid,,
主实验,3000_perturb,ESM2-650M,3000,2,32,valid,,
主实验,3000_perturb,ESM2-650M,3000,2,33,valid,,
主实验,3000_perturb,ESM2-650M,3000,2,34,valid,,
主实验,3000_perturb,ESM2-650M,3000,2,35,valid,0.8400,2.3944
主实验,3000_perturb,ESM2-650M,3000,2,36,valid,,
主实验,3000_perturb,ESM2-650M,3000,2,37,valid,,
主实验,3000_perturb,ESM2-650M,3000,2,38,valid,,
主实验,3000_perturb,ESM2-650M,3000,2,39,valid,,
主实验,3000_perturb,ESM2-650M,3000,2,40,valid,0.8444,2.4037
主实验,3000_perturb,ESM2-650M,3000,2,final,test,0.8966,2.2575
机制对照,gate,ESM2-650M,500,0,1,valid,0.2875,6.1732
机制对照,gate,ESM2-650M,500,0,2,valid,,
机制对照,gate,ESM2-650M,500,0,3,valid,,
机制对照,gate,ESM2-650M,500,0,4,valid,,
机制对照,gate,ESM2-650M,500,0,5,valid,0.6556,3.4914
机制对照,gate,ESM2-650M,500,0,6,valid,,
机制对照,gate,ESM2-650M,500,0,7,valid,,
机制对照,gate,ESM2-650M,500,0,8,valid,,
机制对照,gate,ESM2-650M,500,0,9,valid,,
机制对照,gate,ESM2-650M,500,0,10,valid,0.7739,3.6962
机制对照,gate,ESM2-650M,500,0,11,valid,,
机制对照,gate,ESM2-650M,500,0,12,valid,,
机制对照,gate,ESM2-650M,500,0,13,valid,,
机制对照,gate,ESM2-650M,500,0,14,valid,,
机制对照,gate,ESM2-650M,500,0,15,valid,0.7930,3.3498
机制对照,gate,ESM2-650M,500,0,16,valid,,
机制对照,gate,ESM2-650M,500,0,17,valid,,
机制对照,gate,ESM2-650M,500,0,18,valid,,
机制对照,gate,ESM2-650M,500,0,19,valid,,
机制对照,gate,ESM2-650M,500,0,20,valid,0.7894,3.3592
机制对照,gate,ESM2-650M,500,0,21,valid,,
机制对照,gate,ESM2-650M,500,0,22,valid,,
机制对照,gate,ESM2-650M,500,0,23,valid,,
机制对照,gate,ESM2-650M,500,0,24,valid,,
机制对照,gate,ESM2-650M,500,0,25,valid,0.7834,3.3693
机制对照,gate,ESM2-650M,500,0,26,valid,,
机制对照,gate,ESM2-650M,500,0,27,valid,,
机制对照,gate,ESM2-650M,500,0,28,valid,,
机制对照,gate,ESM2-650M,500,0,29,valid,,
机制对照,gate,ESM2-650M,500,0,30,valid,0.7720,3.3997
机制对照,gate,ESM2-650M,500,0,31,valid,,
机制对照,gate,ESM2-650M,500,0,32,valid,,
机制对照,gate,ESM2-650M,500,0,33,valid,,
机制对照,gate,ESM2-650M,500,0,34,valid,,
机制对照,gate,ESM2-650M,500,0,35,valid,0.7628,3.3360
机制对照,gate,ESM2-650M,500,0,36,valid,,
机制对照,gate,ESM2-650M,500,0,37,valid,,
机制对照,gate,ESM2-650M,500,0,38,valid,,
机制对照,gate,ESM2-650M,500,0,39,valid,,
机制对照,gate,ESM2-650M,500,0,40,valid,0.7552,3.3312
机制对照,gate,ESM2-650M,500,0,final,test,0.7435,3.4347
机制对照,gate,ESM2-650M,500,1,1,valid,0.1930,5.5465
机制对照,gate,ESM2-650M,500,1,2,valid,,
机制对照,gate,ESM2-650M,500,1,3,valid,,
机制对照,gate,ESM2-650M,500,1,4,valid,,
机制对照,gate,ESM2-650M,500,1,5,valid,0.6357,4.1848
机制对照,gate,ESM2-650M,500,1,6,valid,,
机制对照,gate,ESM2-650M,500,1,7,valid,,
机制对照,gate,ESM2-650M,500,1,8,valid,,
机制对照,gate,ESM2-650M,500,1,9,valid,,
机制对照,gate,ESM2-650M,500,1,10,valid,0.7573,3.9334
机制对照,gate,ESM2-650M,500,1,11,valid,,
机制对照,gate,ESM2-650M,500,1,12,valid,,
机制对照,gate,ESM2-650M,500,1,13,valid,,
机制对照,gate,ESM2-650M,500,1,14,valid,,
机制对照,gate,ESM2-650M,500,1,15,valid,0.7749,3.2885
机制对照,gate,ESM2-650M,500,1,16,valid,,
机制对照,gate,ESM2-650M,500,1,17,valid,,
机制对照,gate,ESM2-650M,500,1,18,valid,,
机制对照,gate,ESM2-650M,500,1,19,valid,,
机制对照,gate,ESM2-650M,500,1,20,valid,0.7915,3.4930
机制对照,gate,ESM2-650M,500,1,21,valid,,
机制对照,gate,ESM2-650M,500,1,22,valid,,
机制对照,gate,ESM2-650M,500,1,23,valid,,
机制对照,gate,ESM2-650M,500,1,24,valid,,
机制对照,gate,ESM2-650M,500,1,25,valid,0.7754,3.4574
机制对照,gate,ESM2-650M,500,1,26,valid,,
机制对照,gate,ESM2-650M,500,1,27,valid,,
机制对照,gate,ESM2-650M,500,1,28,valid,,
机制对照,gate,ESM2-650M,500,1,29,valid,,
机制对照,gate,ESM2-650M,500,1,30,valid,0.7665,3.1840
机制对照,gate,ESM2-650M,500,1,31,valid,,
机制对照,gate,ESM2-650M,500,1,32,valid,,
机制对照,gate,ESM2-650M,500,1,33,valid,,
机制对照,gate,ESM2-650M,500,1,34,valid,,
机制对照,gate,ESM2-650M,500,1,35,valid,0.7577,3.1560
机制对照,gate,ESM2-650M,500,1,36,valid,,
机制对照,gate,ESM2-650M,500,1,37,valid,,
机制对照,gate,ESM2-650M,500,1,38,valid,,
机制对照,gate,ESM2-650M,500,1,39,valid,,
机制对照,gate,ESM2-650M,500,1,40,valid,0.7554,3.1775
机制对照,gate,ESM2-650M,500,1,final,test,0.7896,3.4580
机制对照,gate,ESM2-650M,500,2,1,valid,0.2497,5.3796
机制对照,gate,ESM2-650M,500,2,2,valid,,
机制对照,gate,ESM2-650M,500,2,3,valid,,
机制对照,gate,ESM2-650M,500,2,4,valid,,
机制对照,gate,ESM2-650M,500,2,5,valid,0.6352,3.6695
机制对照,gate,ESM2-650M,500,2,6,valid,,
机制对照,gate,ESM2-650M,500,2,7,valid,,
机制对照,gate,ESM2-650M,500,2,8,valid,,
机制对照,gate,ESM2-650M,500,2,9,valid,,
机制对照,gate,ESM2-650M,500,2,10,valid,0.7176,4.2613
机制对照,gate,ESM2-650M,500,2,11,valid,,
机制对照,gate,ESM2-650M,500,2,12,valid,,
机制对照,gate,ESM2-650M,500,2,13,valid,,
机制对照,gate,ESM2-650M,500,2,14,valid,,
机制对照,gate,ESM2-650M,500,2,15,valid,0.7322,3.1874
机制对照,gate,ESM2-650M,500,2,16,valid,,
机制对照,gate,ESM2-650M,500,2,17,valid,,
机制对照,gate,ESM2-650M,500,2,18,valid,,
机制对照,gate,ESM2-650M,500,2,19,valid,,
机制对照,gate,ESM2-650M,500,2,20,valid,0.7361,3.3894
机制对照,gate,ESM2-650M,500,2,21,valid,,
机制对照,gate,ESM2-650M,500,2,22,valid,,
机制对照,gate,ESM2-650M,500,2,23,valid,,
机制对照,gate,ESM2-650M,500,2,24,valid,,
机制对照,gate,ESM2-650M,500,2,25,valid,0.7373,3.2235
机制对照,gate,ESM2-650M,500,2,26,valid,,
机制对照,gate,ESM2-650M,500,2,27,valid,,
机制对照,gate,ESM2-650M,500,2,28,valid,,
机制对照,gate,ESM2-650M,500,2,29,valid,,
机制对照,gate,ESM2-650M,500,2,30,valid,0.7322,3.2024
机制对照,gate,ESM2-650M,500,2,31,valid,,
机制对照,gate,ESM2-650M,500,2,32,valid,,
机制对照,gate,ESM2-650M,500,2,33,valid,,
机制对照,gate,ESM2-650M,500,2,34,valid,,
机制对照,gate,ESM2-650M,500,2,35,valid,0.7275,3.2898
机制对照,gate,ESM2-650M,500,2,36,valid,,
机制对照,gate,ESM2-650M,500,2,37,valid,,
机制对照,gate,ESM2-650M,500,2,38,valid,,
机制对照,gate,ESM2-650M,500,2,39,valid,,
机制对照,gate,ESM2-650M,500,2,40,valid,0.7250,3.2405
机制对照,gate,ESM2-650M,500,2,final,test,0.7605,3.3602
机制对照,gate_perturb,ESM2-650M,500,0,1,valid,0.2894,5.7493
机制对照,gate_perturb,ESM2-650M,500,0,2,valid,,
机制对照,gate_perturb,ESM2-650M,500,0,3,valid,,
机制对照,gate_perturb,ESM2-650M,500,0,4,valid,,
机制对照,gate_perturb,ESM2-650M,500,0,5,valid,0.6484,3.5504
机制对照,gate_perturb,ESM2-650M,500,0,6,valid,,
机制对照,gate_perturb,ESM2-650M,500,0,7,valid,,
机制对照,gate_perturb,ESM2-650M,500,0,8,valid,,
机制对照,gate_perturb,ESM2-650M,500,0,9,valid,,
机制对照,gate_perturb,ESM2-650M,500,0,10,valid,0.7709,3.5606
机制对照,gate_perturb,ESM2-650M,500,0,11,valid,,
机制对照,gate_perturb,ESM2-650M,500,0,12,valid,,
机制对照,gate_perturb,ESM2-650M,500,0,13,valid,,
机制对照,gate_perturb,ESM2-650M,500,0,14,valid,,
机制对照,gate_perturb,ESM2-650M,500,0,15,valid,0.7995,3.5530
机制对照,gate_perturb,ESM2-650M,500,0,16,valid,,
机制对照,gate_perturb,ESM2-650M,500,0,17,valid,,
机制对照,gate_perturb,ESM2-650M,500,0,18,valid,,
机制对照,gate_perturb,ESM2-650M,500,0,19,valid,,
机制对照,gate_perturb,ESM2-650M,500,0,20,valid,0.7928,3.4945
机制对照,gate_perturb,ESM2-650M,500,0,21,valid,,
机制对照,gate_perturb,ESM2-650M,500,0,22,valid,,
机制对照,gate_perturb,ESM2-650M,500,0,23,valid,,
机制对照,gate_perturb,ESM2-650M,500,0,24,valid,,
机制对照,gate_perturb,ESM2-650M,500,0,25,valid,0.7821,3.4290
机制对照,gate_perturb,ESM2-650M,500,0,26,valid,,
机制对照,gate_perturb,ESM2-650M,500,0,27,valid,,
机制对照,gate_perturb,ESM2-650M,500,0,28,valid,,
机制对照,gate_perturb,ESM2-650M,500,0,29,valid,,
机制对照,gate_perturb,ESM2-650M,500,0,30,valid,0.7716,3.3655
机制对照,gate_perturb,ESM2-650M,500,0,31,valid,,
机制对照,gate_perturb,ESM2-650M,500,0,32,valid,,
机制对照,gate_perturb,ESM2-650M,500,0,33,valid,,
机制对照,gate_perturb,ESM2-650M,500,0,34,valid,,
机制对照,gate_perturb,ESM2-650M,500,0,35,valid,0.7653,3.4034
机制对照,gate_perturb,ESM2-650M,500,0,36,valid,,
机制对照,gate_perturb,ESM2-650M,500,0,37,valid,,
机制对照,gate_perturb,ESM2-650M,500,0,38,valid,,
机制对照,gate_perturb,ESM2-650M,500,0,39,valid,,
机制对照,gate_perturb,ESM2-650M,500,0,40,valid,0.7625,3.3886
机制对照,gate_perturb,ESM2-650M,500,0,final,test,0.7458,3.6701
机制对照,gate_perturb,ESM2-650M,500,1,1,valid,0.2358,6.6193
机制对照,gate_perturb,ESM2-650M,500,1,2,valid,,
机制对照,gate_perturb,ESM2-650M,500,1,3,valid,,
机制对照,gate_perturb,ESM2-650M,500,1,4,valid,,
机制对照,gate_perturb,ESM2-650M,500,1,5,valid,0.6439,3.8913
机制对照,gate_perturb,ESM2-650M,500,1,6,valid,,
机制对照,gate_perturb,ESM2-650M,500,1,7,valid,,
机制对照,gate_perturb,ESM2-650M,500,1,8,valid,,
机制对照,gate_perturb,ESM2-650M,500,1,9,valid,,
机制对照,gate_perturb,ESM2-650M,500,1,10,valid,0.7514,4.0790
机制对照,gate_perturb,ESM2-650M,500,1,11,valid,,
机制对照,gate_perturb,ESM2-650M,500,1,12,valid,,
机制对照,gate_perturb,ESM2-650M,500,1,13,valid,,
机制对照,gate_perturb,ESM2-650M,500,1,14,valid,,
机制对照,gate_perturb,ESM2-650M,500,1,15,valid,0.7734,3.5001
机制对照,gate_perturb,ESM2-650M,500,1,16,valid,,
机制对照,gate_perturb,ESM2-650M,500,1,17,valid,,
机制对照,gate_perturb,ESM2-650M,500,1,18,valid,,
机制对照,gate_perturb,ESM2-650M,500,1,19,valid,,
机制对照,gate_perturb,ESM2-650M,500,1,20,valid,0.7906,3.5129
机制对照,gate_perturb,ESM2-650M,500,1,21,valid,,
机制对照,gate_perturb,ESM2-650M,500,1,22,valid,,
机制对照,gate_perturb,ESM2-650M,500,1,23,valid,,
机制对照,gate_perturb,ESM2-650M,500,1,24,valid,,
机制对照,gate_perturb,ESM2-650M,500,1,25,valid,0.7874,3.6413
机制对照,gate_perturb,ESM2-650M,500,1,26,valid,,
机制对照,gate_perturb,ESM2-650M,500,1,27,valid,,
机制对照,gate_perturb,ESM2-650M,500,1,28,valid,,
机制对照,gate_perturb,ESM2-650M,500,1,29,valid,,
机制对照,gate_perturb,ESM2-650M,500,1,30,valid,0.7847,3.4971
机制对照,gate_perturb,ESM2-650M,500,1,31,valid,,
机制对照,gate_perturb,ESM2-650M,500,1,32,valid,,
机制对照,gate_perturb,ESM2-650M,500,1,33,valid,,
机制对照,gate_perturb,ESM2-650M,500,1,34,valid,,
机制对照,gate_perturb,ESM2-650M,500,1,35,valid,0.7805,3.4682
机制对照,gate_perturb,ESM2-650M,500,1,36,valid,,
机制对照,gate_perturb,ESM2-650M,500,1,37,valid,,
机制对照,gate_perturb,ESM2-650M,500,1,38,valid,,
机制对照,gate_perturb,ESM2-650M,500,1,39,valid,,
机制对照,gate_perturb,ESM2-650M,500,1,40,valid,0.7782,3.4346
机制对照,gate_perturb,ESM2-650M,500,1,final,test,0.7707,3.5104
机制对照,gate_perturb,ESM2-650M,500,2,1,valid,0.2292,7.3628
机制对照,gate_perturb,ESM2-650M,500,2,2,valid,,
机制对照,gate_perturb,ESM2-650M,500,2,3,valid,,
机制对照,gate_perturb,ESM2-650M,500,2,4,valid,,
机制对照,gate_perturb,ESM2-650M,500,2,5,valid,0.6326,4.0518
机制对照,gate_perturb,ESM2-650M,500,2,6,valid,,
机制对照,gate_perturb,ESM2-650M,500,2,7,valid,,
机制对照,gate_perturb,ESM2-650M,500,2,8,valid,,
机制对照,gate_perturb,ESM2-650M,500,2,9,valid,,
机制对照,gate_perturb,ESM2-650M,500,2,10,valid,0.7137,3.8799
机制对照,gate_perturb,ESM2-650M,500,2,11,valid,,
机制对照,gate_perturb,ESM2-650M,500,2,12,valid,,
机制对照,gate_perturb,ESM2-650M,500,2,13,valid,,
机制对照,gate_perturb,ESM2-650M,500,2,14,valid,,
机制对照,gate_perturb,ESM2-650M,500,2,15,valid,0.7331,3.5384
机制对照,gate_perturb,ESM2-650M,500,2,16,valid,,
机制对照,gate_perturb,ESM2-650M,500,2,17,valid,,
机制对照,gate_perturb,ESM2-650M,500,2,18,valid,,
机制对照,gate_perturb,ESM2-650M,500,2,19,valid,,
机制对照,gate_perturb,ESM2-650M,500,2,20,valid,0.7229,3.4649
机制对照,gate_perturb,ESM2-650M,500,2,21,valid,,
机制对照,gate_perturb,ESM2-650M,500,2,22,valid,,
机制对照,gate_perturb,ESM2-650M,500,2,23,valid,,
机制对照,gate_perturb,ESM2-650M,500,2,24,valid,,
机制对照,gate_perturb,ESM2-650M,500,2,25,valid,0.7218,3.3685
机制对照,gate_perturb,ESM2-650M,500,2,26,valid,,
机制对照,gate_perturb,ESM2-650M,500,2,27,valid,,
机制对照,gate_perturb,ESM2-650M,500,2,28,valid,,
机制对照,gate_perturb,ESM2-650M,500,2,29,valid,,
机制对照,gate_perturb,ESM2-650M,500,2,30,valid,0.7201,3.3170
机制对照,gate_perturb,ESM2-650M,500,2,31,valid,,
机制对照,gate_perturb,ESM2-650M,500,2,32,valid,,
机制对照,gate_perturb,ESM2-650M,500,2,33,valid,,
机制对照,gate_perturb,ESM2-650M,500,2,34,valid,,
机制对照,gate_perturb,ESM2-650M,500,2,35,valid,0.7110,3.3404
机制对照,gate_perturb,ESM2-650M,500,2,36,valid,,
机制对照,gate_perturb,ESM2-650M,500,2,37,valid,,
机制对照,gate_perturb,ESM2-650M,500,2,38,valid,,
机制对照,gate_perturb,ESM2-650M,500,2,39,valid,,
机制对照,gate_perturb,ESM2-650M,500,2,40,valid,0.7106,3.3113
机制对照,gate_perturb,ESM2-650M,500,2,final,test,0.7425,3.6625
机制对照,static,ESM2-650M,500,0,1,valid,0.3080,4.7000
机制对照,static,ESM2-650M,500,0,2,valid,,
机制对照,static,ESM2-650M,500,0,3,valid,,
机制对照,static,ESM2-650M,500,0,4,valid,,
机制对照,static,ESM2-650M,500,0,5,valid,0.7007,3.7535
机制对照,static,ESM2-650M,500,0,6,valid,,
机制对照,static,ESM2-650M,500,0,7,valid,,
机制对照,static,ESM2-650M,500,0,8,valid,,
机制对照,static,ESM2-650M,500,0,9,valid,,
机制对照,static,ESM2-650M,500,0,10,valid,0.7905,3.7324
机制对照,static,ESM2-650M,500,0,11,valid,,
机制对照,static,ESM2-650M,500,0,12,valid,,
机制对照,static,ESM2-650M,500,0,13,valid,,
机制对照,static,ESM2-650M,500,0,14,valid,,
机制对照,static,ESM2-650M,500,0,15,valid,0.8073,3.5301
机制对照,static,ESM2-650M,500,0,16,valid,,
机制对照,static,ESM2-650M,500,0,17,valid,,
机制对照,static,ESM2-650M,500,0,18,valid,,
机制对照,static,ESM2-650M,500,0,19,valid,,
机制对照,static,ESM2-650M,500,0,20,valid,0.8241,2.9536
机制对照,static,ESM2-650M,500,0,21,valid,,
机制对照,static,ESM2-650M,500,0,22,valid,,
机制对照,static,ESM2-650M,500,0,23,valid,,
机制对照,static,ESM2-650M,500,0,24,valid,,
机制对照,static,ESM2-650M,500,0,25,valid,0.8254,3.1530
机制对照,static,ESM2-650M,500,0,26,valid,,
机制对照,static,ESM2-650M,500,0,27,valid,,
机制对照,static,ESM2-650M,500,0,28,valid,,
机制对照,static,ESM2-650M,500,0,29,valid,,
机制对照,static,ESM2-650M,500,0,30,valid,0.8074,3.3444
机制对照,static,ESM2-650M,500,0,31,valid,,
机制对照,static,ESM2-650M,500,0,32,valid,,
机制对照,static,ESM2-650M,500,0,33,valid,,
机制对照,static,ESM2-650M,500,0,34,valid,,
机制对照,static,ESM2-650M,500,0,35,valid,0.8062,3.3391
机制对照,static,ESM2-650M,500,0,36,valid,,
机制对照,static,ESM2-650M,500,0,37,valid,,
机制对照,static,ESM2-650M,500,0,38,valid,,
机制对照,static,ESM2-650M,500,0,39,valid,,
机制对照,static,ESM2-650M,500,0,40,valid,0.8018,3.3373
机制对照,static,ESM2-650M,500,0,final,test,0.7721,3.3283
机制对照,static,ESM2-650M,500,1,1,valid,0.2802,5.2063
机制对照,static,ESM2-650M,500,1,2,valid,,
机制对照,static,ESM2-650M,500,1,3,valid,,
机制对照,static,ESM2-650M,500,1,4,valid,,
机制对照,static,ESM2-650M,500,1,5,valid,0.6559,3.9452
机制对照,static,ESM2-650M,500,1,6,valid,,
机制对照,static,ESM2-650M,500,1,7,valid,,
机制对照,static,ESM2-650M,500,1,8,valid,,
机制对照,static,ESM2-650M,500,1,9,valid,,
机制对照,static,ESM2-650M,500,1,10,valid,0.7271,3.6129
机制对照,static,ESM2-650M,500,1,11,valid,,
机制对照,static,ESM2-650M,500,1,12,valid,,
机制对照,static,ESM2-650M,500,1,13,valid,,
机制对照,static,ESM2-650M,500,1,14,valid,,
机制对照,static,ESM2-650M,500,1,15,valid,0.7508,3.4860
机制对照,static,ESM2-650M,500,1,16,valid,,
机制对照,static,ESM2-650M,500,1,17,valid,,
机制对照,static,ESM2-650M,500,1,18,valid,,
机制对照,static,ESM2-650M,500,1,19,valid,,
机制对照,static,ESM2-650M,500,1,20,valid,0.7434,3.5180
机制对照,static,ESM2-650M,500,1,21,valid,,
机制对照,static,ESM2-650M,500,1,22,valid,,
机制对照,static,ESM2-650M,500,1,23,valid,,
机制对照,static,ESM2-650M,500,1,24,valid,,
机制对照,static,ESM2-650M,500,1,25,valid,0.7550,3.1600
机制对照,static,ESM2-650M,500,1,26,valid,,
机制对照,static,ESM2-650M,500,1,27,valid,,
机制对照,static,ESM2-650M,500,1,28,valid,,
机制对照,static,ESM2-650M,500,1,29,valid,,
机制对照,static,ESM2-650M,500,1,30,valid,0.7446,3.2522
机制对照,static,ESM2-650M,500,1,31,valid,,
机制对照,static,ESM2-650M,500,1,32,valid,,
机制对照,static,ESM2-650M,500,1,33,valid,,
机制对照,static,ESM2-650M,500,1,34,valid,,
机制对照,static,ESM2-650M,500,1,35,valid,0.7525,3.3893
机制对照,static,ESM2-650M,500,1,36,valid,,
机制对照,static,ESM2-650M,500,1,37,valid,,
机制对照,static,ESM2-650M,500,1,38,valid,,
机制对照,static,ESM2-650M,500,1,39,valid,,
机制对照,static,ESM2-650M,500,1,40,valid,0.7471,3.3529
机制对照,static,ESM2-650M,500,1,final,test,0.7483,3.2013
机制对照,static,ESM2-650M,500,2,1,valid,0.2851,5.8327
机制对照,static,ESM2-650M,500,2,2,valid,,
机制对照,static,ESM2-650M,500,2,3,valid,,
机制对照,static,ESM2-650M,500,2,4,valid,,
机制对照,static,ESM2-650M,500,2,5,valid,0.6503,4.3207
机制对照,static,ESM2-650M,500,2,6,valid,,
机制对照,static,ESM2-650M,500,2,7,valid,,
机制对照,static,ESM2-650M,500,2,8,valid,,
机制对照,static,ESM2-650M,500,2,9,valid,,
机制对照,static,ESM2-650M,500,2,10,valid,0.7328,3.3986
机制对照,static,ESM2-650M,500,2,11,valid,,
机制对照,static,ESM2-650M,500,2,12,valid,,
机制对照,static,ESM2-650M,500,2,13,valid,,
机制对照,static,ESM2-650M,500,2,14,valid,,
机制对照,static,ESM2-650M,500,2,15,valid,0.7471,3.2308
机制对照,static,ESM2-650M,500,2,16,valid,,
机制对照,static,ESM2-650M,500,2,17,valid,,
机制对照,static,ESM2-650M,500,2,18,valid,,
机制对照,static,ESM2-650M,500,2,19,valid,,
机制对照,static,ESM2-650M,500,2,20,valid,0.7575,3.3474
机制对照,static,ESM2-650M,500,2,21,valid,,
机制对照,static,ESM2-650M,500,2,22,valid,,
机制对照,static,ESM2-650M,500,2,23,valid,,
机制对照,static,ESM2-650M,500,2,24,valid,,
机制对照,static,ESM2-650M,500,2,25,valid,0.7646,3.3770
机制对照,static,ESM2-650M,500,2,26,valid,,
机制对照,static,ESM2-650M,500,2,27,valid,,
机制对照,static,ESM2-650M,500,2,28,valid,,
机制对照,static,ESM2-650M,500,2,29,valid,,
机制对照,static,ESM2-650M,500,2,30,valid,0.7485,3.2583
机制对照,static,ESM2-650M,500,2,31,valid,,
机制对照,static,ESM2-650M,500,2,32,valid,,
机制对照,static,ESM2-650M,500,2,33,valid,,
机制对照,static,ESM2-650M,500,2,34,valid,,
机制对照,static,ESM2-650M,500,2,35,valid,0.7446,3.3825
机制对照,static,ESM2-650M,500,2,36,valid,,
机制对照,static,ESM2-650M,500,2,37,valid,,
机制对照,static,ESM2-650M,500,2,38,valid,,
机制对照,static,ESM2-650M,500,2,39,valid,,
机制对照,static,ESM2-650M,500,2,40,valid,0.7410,3.3257
机制对照,static,ESM2-650M,500,2,final,test,0.7797,3.4766
机制对照,static_perturb,ESM2-650M,500,0,1,valid,0.3232,5.0567
机制对照,static_perturb,ESM2-650M,500,0,2,valid,,
机制对照,static_perturb,ESM2-650M,500,0,3,valid,,
机制对照,static_perturb,ESM2-650M,500,0,4,valid,,
机制对照,static_perturb,ESM2-650M,500,0,5,valid,0.7059,3.9055
机制对照,static_perturb,ESM2-650M,500,0,6,valid,,
机制对照,static_perturb,ESM2-650M,500,0,7,valid,,
机制对照,static_perturb,ESM2-650M,500,0,8,valid,,
机制对照,static_perturb,ESM2-650M,500,0,9,valid,,
机制对照,static_perturb,ESM2-650M,500,0,10,valid,0.7839,3.2539
机制对照,static_perturb,ESM2-650M,500,0,11,valid,,
机制对照,static_perturb,ESM2-650M,500,0,12,valid,,
机制对照,static_perturb,ESM2-650M,500,0,13,valid,,
机制对照,static_perturb,ESM2-650M,500,0,14,valid,,
机制对照,static_perturb,ESM2-650M,500,0,15,valid,0.8127,3.4125
机制对照,static_perturb,ESM2-650M,500,0,16,valid,,
机制对照,static_perturb,ESM2-650M,500,0,17,valid,,
机制对照,static_perturb,ESM2-650M,500,0,18,valid,,
机制对照,static_perturb,ESM2-650M,500,0,19,valid,,
机制对照,static_perturb,ESM2-650M,500,0,20,valid,0.8300,3.1133
机制对照,static_perturb,ESM2-650M,500,0,21,valid,,
机制对照,static_perturb,ESM2-650M,500,0,22,valid,,
机制对照,static_perturb,ESM2-650M,500,0,23,valid,,
机制对照,static_perturb,ESM2-650M,500,0,24,valid,,
机制对照,static_perturb,ESM2-650M,500,0,25,valid,0.8329,3.1950
机制对照,static_perturb,ESM2-650M,500,0,26,valid,,
机制对照,static_perturb,ESM2-650M,500,0,27,valid,,
机制对照,static_perturb,ESM2-650M,500,0,28,valid,,
机制对照,static_perturb,ESM2-650M,500,0,29,valid,,
机制对照,static_perturb,ESM2-650M,500,0,30,valid,0.8157,3.2842
机制对照,static_perturb,ESM2-650M,500,0,31,valid,,
机制对照,static_perturb,ESM2-650M,500,0,32,valid,,
机制对照,static_perturb,ESM2-650M,500,0,33,valid,,
机制对照,static_perturb,ESM2-650M,500,0,34,valid,,
机制对照,static_perturb,ESM2-650M,500,0,35,valid,0.8132,3.3271
机制对照,static_perturb,ESM2-650M,500,0,36,valid,,
机制对照,static_perturb,ESM2-650M,500,0,37,valid,,
机制对照,static_perturb,ESM2-650M,500,0,38,valid,,
机制对照,static_perturb,ESM2-650M,500,0,39,valid,,
机制对照,static_perturb,ESM2-650M,500,0,40,valid,0.8120,3.3195
机制对照,static_perturb,ESM2-650M,500,0,final,test,0.7740,3.4020
机制对照,static_perturb,ESM2-650M,500,1,1,valid,0.2740,5.3830
机制对照,static_perturb,ESM2-650M,500,1,2,valid,,
机制对照,static_perturb,ESM2-650M,500,1,3,valid,,
机制对照,static_perturb,ESM2-650M,500,1,4,valid,,
机制对照,static_perturb,ESM2-650M,500,1,5,valid,0.6337,4.1205
机制对照,static_perturb,ESM2-650M,500,1,6,valid,,
机制对照,static_perturb,ESM2-650M,500,1,7,valid,,
机制对照,static_perturb,ESM2-650M,500,1,8,valid,,
机制对照,static_perturb,ESM2-650M,500,1,9,valid,,
机制对照,static_perturb,ESM2-650M,500,1,10,valid,0.7289,3.7870
机制对照,static_perturb,ESM2-650M,500,1,11,valid,,
机制对照,static_perturb,ESM2-650M,500,1,12,valid,,
机制对照,static_perturb,ESM2-650M,500,1,13,valid,,
机制对照,static_perturb,ESM2-650M,500,1,14,valid,,
机制对照,static_perturb,ESM2-650M,500,1,15,valid,0.7661,3.5778
机制对照,static_perturb,ESM2-650M,500,1,16,valid,,
机制对照,static_perturb,ESM2-650M,500,1,17,valid,,
机制对照,static_perturb,ESM2-650M,500,1,18,valid,,
机制对照,static_perturb,ESM2-650M,500,1,19,valid,,
机制对照,static_perturb,ESM2-650M,500,1,20,valid,0.7684,3.4810
机制对照,static_perturb,ESM2-650M,500,1,21,valid,,
机制对照,static_perturb,ESM2-650M,500,1,22,valid,,
机制对照,static_perturb,ESM2-650M,500,1,23,valid,,
机制对照,static_perturb,ESM2-650M,500,1,24,valid,,
机制对照,static_perturb,ESM2-650M,500,1,25,valid,0.7657,3.0568
机制对照,static_perturb,ESM2-650M,500,1,26,valid,,
机制对照,static_perturb,ESM2-650M,500,1,27,valid,,
机制对照,static_perturb,ESM2-650M,500,1,28,valid,,
机制对照,static_perturb,ESM2-650M,500,1,29,valid,,
机制对照,static_perturb,ESM2-650M,500,1,30,valid,0.7616,3.0832
机制对照,static_perturb,ESM2-650M,500,1,31,valid,,
机制对照,static_perturb,ESM2-650M,500,1,32,valid,,
机制对照,static_perturb,ESM2-650M,500,1,33,valid,,
机制对照,static_perturb,ESM2-650M,500,1,34,valid,,
机制对照,static_perturb,ESM2-650M,500,1,35,valid,0.7605,3.2517
机制对照,static_perturb,ESM2-650M,500,1,36,valid,,
机制对照,static_perturb,ESM2-650M,500,1,37,valid,,
机制对照,static_perturb,ESM2-650M,500,1,38,valid,,
机制对照,static_perturb,ESM2-650M,500,1,39,valid,,
机制对照,static_perturb,ESM2-650M,500,1,40,valid,0.7582,3.1667
机制对照,static_perturb,ESM2-650M,500,1,final,test,0.7571,3.5262
机制对照,static_perturb,ESM2-650M,500,2,1,valid,0.3168,5.8514
机制对照,static_perturb,ESM2-650M,500,2,2,valid,,
机制对照,static_perturb,ESM2-650M,500,2,3,valid,,
机制对照,static_perturb,ESM2-650M,500,2,4,valid,,
机制对照,static_perturb,ESM2-650M,500,2,5,valid,0.6653,4.0662
机制对照,static_perturb,ESM2-650M,500,2,6,valid,,
机制对照,static_perturb,ESM2-650M,500,2,7,valid,,
机制对照,static_perturb,ESM2-650M,500,2,8,valid,,
机制对照,static_perturb,ESM2-650M,500,2,9,valid,,
机制对照,static_perturb,ESM2-650M,500,2,10,valid,0.7216,3.5293
机制对照,static_perturb,ESM2-650M,500,2,11,valid,,
机制对照,static_perturb,ESM2-650M,500,2,12,valid,,
机制对照,static_perturb,ESM2-650M,500,2,13,valid,,
机制对照,static_perturb,ESM2-650M,500,2,14,valid,,
机制对照,static_perturb,ESM2-650M,500,2,15,valid,0.7419,3.3601
机制对照,static_perturb,ESM2-650M,500,2,16,valid,,
机制对照,static_perturb,ESM2-650M,500,2,17,valid,,
机制对照,static_perturb,ESM2-650M,500,2,18,valid,,
机制对照,static_perturb,ESM2-650M,500,2,19,valid,,
机制对照,static_perturb,ESM2-650M,500,2,20,valid,0.7399,3.3260
机制对照,static_perturb,ESM2-650M,500,2,21,valid,,
机制对照,static_perturb,ESM2-650M,500,2,22,valid,,
机制对照,static_perturb,ESM2-650M,500,2,23,valid,,
机制对照,static_perturb,ESM2-650M,500,2,24,valid,,
机制对照,static_perturb,ESM2-650M,500,2,25,valid,0.7384,3.4466
机制对照,static_perturb,ESM2-650M,500,2,26,valid,,
机制对照,static_perturb,ESM2-650M,500,2,27,valid,,
机制对照,static_perturb,ESM2-650M,500,2,28,valid,,
机制对照,static_perturb,ESM2-650M,500,2,29,valid,,
机制对照,static_perturb,ESM2-650M,500,2,30,valid,0.7360,3.2986
机制对照,static_perturb,ESM2-650M,500,2,31,valid,,
机制对照,static_perturb,ESM2-650M,500,2,32,valid,,
机制对照,static_perturb,ESM2-650M,500,2,33,valid,,
机制对照,static_perturb,ESM2-650M,500,2,34,valid,,
机制对照,static_perturb,ESM2-650M,500,2,35,valid,0.7368,3.4392
机制对照,static_perturb,ESM2-650M,500,2,36,valid,,
机制对照,static_perturb,ESM2-650M,500,2,37,valid,,
机制对照,static_perturb,ESM2-650M,500,2,38,valid,,
机制对照,static_perturb,ESM2-650M,500,2,39,valid,,
机制对照,static_perturb,ESM2-650M,500,2,40,valid,0.7291,3.4295
机制对照,static_perturb,ESM2-650M,500,2,final,test,0.7597,3.5252
机制对照,attnobias,ESM2-650M,500,0,1,valid,0.3343,5.2622
机制对照,attnobias,ESM2-650M,500,0,2,valid,,
机制对照,attnobias,ESM2-650M,500,0,3,valid,,
机制对照,attnobias,ESM2-650M,500,0,4,valid,,
机制对照,attnobias,ESM2-650M,500,0,5,valid,0.7003,3.6007
机制对照,attnobias,ESM2-650M,500,0,6,valid,,
机制对照,attnobias,ESM2-650M,500,0,7,valid,,
机制对照,attnobias,ESM2-650M,500,0,8,valid,,
机制对照,attnobias,ESM2-650M,500,0,9,valid,,
机制对照,attnobias,ESM2-650M,500,0,10,valid,0.7888,3.7214
机制对照,attnobias,ESM2-650M,500,0,11,valid,,
机制对照,attnobias,ESM2-650M,500,0,12,valid,,
机制对照,attnobias,ESM2-650M,500,0,13,valid,,
机制对照,attnobias,ESM2-650M,500,0,14,valid,,
机制对照,attnobias,ESM2-650M,500,0,15,valid,0.8045,3.4762
机制对照,attnobias,ESM2-650M,500,0,16,valid,,
机制对照,attnobias,ESM2-650M,500,0,17,valid,,
机制对照,attnobias,ESM2-650M,500,0,18,valid,,
机制对照,attnobias,ESM2-650M,500,0,19,valid,,
机制对照,attnobias,ESM2-650M,500,0,20,valid,0.8114,3.1497
机制对照,attnobias,ESM2-650M,500,0,21,valid,,
机制对照,attnobias,ESM2-650M,500,0,22,valid,,
机制对照,attnobias,ESM2-650M,500,0,23,valid,,
机制对照,attnobias,ESM2-650M,500,0,24,valid,,
机制对照,attnobias,ESM2-650M,500,0,25,valid,0.8049,3.2917
机制对照,attnobias,ESM2-650M,500,0,26,valid,,
机制对照,attnobias,ESM2-650M,500,0,27,valid,,
机制对照,attnobias,ESM2-650M,500,0,28,valid,,
机制对照,attnobias,ESM2-650M,500,0,29,valid,,
机制对照,attnobias,ESM2-650M,500,0,30,valid,0.7970,3.3613
机制对照,attnobias,ESM2-650M,500,0,31,valid,,
机制对照,attnobias,ESM2-650M,500,0,32,valid,,
机制对照,attnobias,ESM2-650M,500,0,33,valid,,
机制对照,attnobias,ESM2-650M,500,0,34,valid,,
机制对照,attnobias,ESM2-650M,500,0,35,valid,0.7990,3.3810
机制对照,attnobias,ESM2-650M,500,0,36,valid,,
机制对照,attnobias,ESM2-650M,500,0,37,valid,,
机制对照,attnobias,ESM2-650M,500,0,38,valid,,
机制对照,attnobias,ESM2-650M,500,0,39,valid,,
机制对照,attnobias,ESM2-650M,500,0,40,valid,0.7961,3.3619
机制对照,attnobias,ESM2-650M,500,0,final,test,0.7477,3.3250
机制对照,attnobias,ESM2-650M,500,1,1,valid,0.2683,6.5191
机制对照,attnobias,ESM2-650M,500,1,2,valid,,
机制对照,attnobias,ESM2-650M,500,1,3,valid,,
机制对照,attnobias,ESM2-650M,500,1,4,valid,,
机制对照,attnobias,ESM2-650M,500,1,5,valid,0.6404,4.0654
机制对照,attnobias,ESM2-650M,500,1,6,valid,,
机制对照,attnobias,ESM2-650M,500,1,7,valid,,
机制对照,attnobias,ESM2-650M,500,1,8,valid,,
机制对照,attnobias,ESM2-650M,500,1,9,valid,,
机制对照,attnobias,ESM2-650M,500,1,10,valid,0.7303,3.8713
机制对照,attnobias,ESM2-650M,500,1,11,valid,,
机制对照,attnobias,ESM2-650M,500,1,12,valid,,
机制对照,attnobias,ESM2-650M,500,1,13,valid,,
机制对照,attnobias,ESM2-650M,500,1,14,valid,,
机制对照,attnobias,ESM2-650M,500,1,15,valid,0.7682,3.6373
机制对照,attnobias,ESM2-650M,500,1,16,valid,,
机制对照,attnobias,ESM2-650M,500,1,17,valid,,
机制对照,attnobias,ESM2-650M,500,1,18,valid,,
机制对照,attnobias,ESM2-650M,500,1,19,valid,,
机制对照,attnobias,ESM2-650M,500,1,20,valid,0.7614,3.4865
机制对照,attnobias,ESM2-650M,500,1,21,valid,,
机制对照,attnobias,ESM2-650M,500,1,22,valid,,
机制对照,attnobias,ESM2-650M,500,1,23,valid,,
机制对照,attnobias,ESM2-650M,500,1,24,valid,,
机制对照,attnobias,ESM2-650M,500,1,25,valid,0.7610,3.1670
机制对照,attnobias,ESM2-650M,500,1,26,valid,,
机制对照,attnobias,ESM2-650M,500,1,27,valid,,
机制对照,attnobias,ESM2-650M,500,1,28,valid,,
机制对照,attnobias,ESM2-650M,500,1,29,valid,,
机制对照,attnobias,ESM2-650M,500,1,30,valid,0.7485,3.3209
机制对照,attnobias,ESM2-650M,500,1,31,valid,,
机制对照,attnobias,ESM2-650M,500,1,32,valid,,
机制对照,attnobias,ESM2-650M,500,1,33,valid,,
机制对照,attnobias,ESM2-650M,500,1,34,valid,,
机制对照,attnobias,ESM2-650M,500,1,35,valid,0.7496,3.3889
机制对照,attnobias,ESM2-650M,500,1,36,valid,,
机制对照,attnobias,ESM2-650M,500,1,37,valid,,
机制对照,attnobias,ESM2-650M,500,1,38,valid,,
机制对照,attnobias,ESM2-650M,500,1,39,valid,,
机制对照,attnobias,ESM2-650M,500,1,40,valid,0.7463,3.3050
机制对照,attnobias,ESM2-650M,500,1,final,test,0.7560,3.6339
机制对照,attnobias,ESM2-650M,500,2,1,valid,0.2980,6.6528
机制对照,attnobias,ESM2-650M,500,2,2,valid,,
机制对照,attnobias,ESM2-650M,500,2,3,valid,,
机制对照,attnobias,ESM2-650M,500,2,4,valid,,
机制对照,attnobias,ESM2-650M,500,2,5,valid,0.6720,4.1532
机制对照,attnobias,ESM2-650M,500,2,6,valid,,
机制对照,attnobias,ESM2-650M,500,2,7,valid,,
机制对照,attnobias,ESM2-650M,500,2,8,valid,,
机制对照,attnobias,ESM2-650M,500,2,9,valid,,
机制对照,attnobias,ESM2-650M,500,2,10,valid,0.7117,3.4312
机制对照,attnobias,ESM2-650M,500,2,11,valid,,
机制对照,attnobias,ESM2-650M,500,2,12,valid,,
机制对照,attnobias,ESM2-650M,500,2,13,valid,,
机制对照,attnobias,ESM2-650M,500,2,14,valid,,
机制对照,attnobias,ESM2-650M,500,2,15,valid,0.7320,3.2410
机制对照,attnobias,ESM2-650M,500,2,16,valid,,
机制对照,attnobias,ESM2-650M,500,2,17,valid,,
机制对照,attnobias,ESM2-650M,500,2,18,valid,,
机制对照,attnobias,ESM2-650M,500,2,19,valid,,
机制对照,attnobias,ESM2-650M,500,2,20,valid,0.7449,3.3700
机制对照,attnobias,ESM2-650M,500,2,21,valid,,
机制对照,attnobias,ESM2-650M,500,2,22,valid,,
机制对照,attnobias,ESM2-650M,500,2,23,valid,,
机制对照,attnobias,ESM2-650M,500,2,24,valid,,
机制对照,attnobias,ESM2-650M,500,2,25,valid,0.7415,3.4410
机制对照,attnobias,ESM2-650M,500,2,26,valid,,
机制对照,attnobias,ESM2-650M,500,2,27,valid,,
机制对照,attnobias,ESM2-650M,500,2,28,valid,,
机制对照,attnobias,ESM2-650M,500,2,29,valid,,
机制对照,attnobias,ESM2-650M,500,2,30,valid,0.7323,3.2986
机制对照,attnobias,ESM2-650M,500,2,31,valid,,
机制对照,attnobias,ESM2-650M,500,2,32,valid,,
机制对照,attnobias,ESM2-650M,500,2,33,valid,,
机制对照,attnobias,ESM2-650M,500,2,34,valid,,
机制对照,attnobias,ESM2-650M,500,2,35,valid,0.7367,3.4179
机制对照,attnobias,ESM2-650M,500,2,36,valid,,
机制对照,attnobias,ESM2-650M,500,2,37,valid,,
机制对照,attnobias,ESM2-650M,500,2,38,valid,,
机制对照,attnobias,ESM2-650M,500,2,39,valid,,
机制对照,attnobias,ESM2-650M,500,2,40,valid,0.7273,3.3970
机制对照,attnobias,ESM2-650M,500,2,final,test,0.7757,3.4887
机制对照,physloss,ESM2-650M,500,0,1,valid,0.2693,5.3039
机制对照,physloss,ESM2-650M,500,0,2,valid,,
机制对照,physloss,ESM2-650M,500,0,3,valid,,
机制对照,physloss,ESM2-650M,500,0,4,valid,,
机制对照,physloss,ESM2-650M,500,0,5,valid,0.6737,4.0716
机制对照,physloss,ESM2-650M,500,0,6,valid,,
机制对照,physloss,ESM2-650M,500,0,7,valid,,
机制对照,physloss,ESM2-650M,500,0,8,valid,,
机制对照,physloss,ESM2-650M,500,0,9,valid,,
机制对照,physloss,ESM2-650M,500,0,10,valid,0.7644,3.3717
机制对照,physloss,ESM2-650M,500,0,11,valid,,
机制对照,physloss,ESM2-650M,500,0,12,valid,,
机制对照,physloss,ESM2-650M,500,0,13,valid,,
机制对照,physloss,ESM2-650M,500,0,14,valid,,
机制对照,physloss,ESM2-650M,500,0,15,valid,0.8012,3.2752
机制对照,physloss,ESM2-650M,500,0,16,valid,,
机制对照,physloss,ESM2-650M,500,0,17,valid,,
机制对照,physloss,ESM2-650M,500,0,18,valid,,
机制对照,physloss,ESM2-650M,500,0,19,valid,,
机制对照,physloss,ESM2-650M,500,0,20,valid,0.8046,3.2727
机制对照,physloss,ESM2-650M,500,0,21,valid,,
机制对照,physloss,ESM2-650M,500,0,22,valid,,
机制对照,physloss,ESM2-650M,500,0,23,valid,,
机制对照,physloss,ESM2-650M,500,0,24,valid,,
机制对照,physloss,ESM2-650M,500,0,25,valid,0.8078,3.2985
机制对照,physloss,ESM2-650M,500,0,26,valid,,
机制对照,physloss,ESM2-650M,500,0,27,valid,,
机制对照,physloss,ESM2-650M,500,0,28,valid,,
机制对照,physloss,ESM2-650M,500,0,29,valid,,
机制对照,physloss,ESM2-650M,500,0,30,valid,0.7986,3.5039
机制对照,physloss,ESM2-650M,500,0,31,valid,,
机制对照,physloss,ESM2-650M,500,0,32,valid,,
机制对照,physloss,ESM2-650M,500,0,33,valid,,
机制对照,physloss,ESM2-650M,500,0,34,valid,,
机制对照,physloss,ESM2-650M,500,0,35,valid,0.7899,3.3515
机制对照,physloss,ESM2-650M,500,0,36,valid,,
机制对照,physloss,ESM2-650M,500,0,37,valid,,
机制对照,physloss,ESM2-650M,500,0,38,valid,,
机制对照,physloss,ESM2-650M,500,0,39,valid,,
机制对照,physloss,ESM2-650M,500,0,40,valid,0.7894,3.3305
机制对照,physloss,ESM2-650M,500,0,final,test,0.7383,3.5094
机制对照,physloss,ESM2-650M,500,1,1,valid,0.2390,7.9596
机制对照,physloss,ESM2-650M,500,1,2,valid,,
机制对照,physloss,ESM2-650M,500,1,3,valid,,
机制对照,physloss,ESM2-650M,500,1,4,valid,,
机制对照,physloss,ESM2-650M,500,1,5,valid,0.6651,3.6877
机制对照,physloss,ESM2-650M,500,1,6,valid,,
机制对照,physloss,ESM2-650M,500,1,7,valid,,
机制对照,physloss,ESM2-650M,500,1,8,valid,,
机制对照,physloss,ESM2-650M,500,1,9,valid,,
机制对照,physloss,ESM2-650M,500,1,10,valid,0.7469,3.5617
机制对照,physloss,ESM2-650M,500,1,11,valid,,
机制对照,physloss,ESM2-650M,500,1,12,valid,,
机制对照,physloss,ESM2-650M,500,1,13,valid,,
机制对照,physloss,ESM2-650M,500,1,14,valid,,
机制对照,physloss,ESM2-650M,500,1,15,valid,0.7691,3.4867
机制对照,physloss,ESM2-650M,500,1,16,valid,,
机制对照,physloss,ESM2-650M,500,1,17,valid,,
机制对照,physloss,ESM2-650M,500,1,18,valid,,
机制对照,physloss,ESM2-650M,500,1,19,valid,,
机制对照,physloss,ESM2-650M,500,1,20,valid,0.7733,3.3390
机制对照,physloss,ESM2-650M,500,1,21,valid,,
机制对照,physloss,ESM2-650M,500,1,22,valid,,
机制对照,physloss,ESM2-650M,500,1,23,valid,,
机制对照,physloss,ESM2-650M,500,1,24,valid,,
机制对照,physloss,ESM2-650M,500,1,25,valid,0.7702,3.2495
机制对照,physloss,ESM2-650M,500,1,26,valid,,
机制对照,physloss,ESM2-650M,500,1,27,valid,,
机制对照,physloss,ESM2-650M,500,1,28,valid,,
机制对照,physloss,ESM2-650M,500,1,29,valid,,
机制对照,physloss,ESM2-650M,500,1,30,valid,0.7701,3.3101
机制对照,physloss,ESM2-650M,500,1,31,valid,,
机制对照,physloss,ESM2-650M,500,1,32,valid,,
机制对照,physloss,ESM2-650M,500,1,33,valid,,
机制对照,physloss,ESM2-650M,500,1,34,valid,,
机制对照,physloss,ESM2-650M,500,1,35,valid,0.7604,3.2885
机制对照,physloss,ESM2-650M,500,1,36,valid,,
机制对照,physloss,ESM2-650M,500,1,37,valid,,
机制对照,physloss,ESM2-650M,500,1,38,valid,,
机制对照,physloss,ESM2-650M,500,1,39,valid,,
机制对照,physloss,ESM2-650M,500,1,40,valid,0.7597,3.3101
机制对照,physloss,ESM2-650M,500,1,final,test,0.7608,3.3294
机制对照,physloss,ESM2-650M,500,2,1,valid,0.2680,6.8413
机制对照,physloss,ESM2-650M,500,2,2,valid,,
机制对照,physloss,ESM2-650M,500,2,3,valid,,
机制对照,physloss,ESM2-650M,500,2,4,valid,,
机制对照,physloss,ESM2-650M,500,2,5,valid,0.6457,3.8449
机制对照,physloss,ESM2-650M,500,2,6,valid,,
机制对照,physloss,ESM2-650M,500,2,7,valid,,
机制对照,physloss,ESM2-650M,500,2,8,valid,,
机制对照,physloss,ESM2-650M,500,2,9,valid,,
机制对照,physloss,ESM2-650M,500,2,10,valid,0.7167,4.1904
机制对照,physloss,ESM2-650M,500,2,11,valid,,
机制对照,physloss,ESM2-650M,500,2,12,valid,,
机制对照,physloss,ESM2-650M,500,2,13,valid,,
机制对照,physloss,ESM2-650M,500,2,14,valid,,
机制对照,physloss,ESM2-650M,500,2,15,valid,0.7429,3.5625
机制对照,physloss,ESM2-650M,500,2,16,valid,,
机制对照,physloss,ESM2-650M,500,2,17,valid,,
机制对照,physloss,ESM2-650M,500,2,18,valid,,
机制对照,physloss,ESM2-650M,500,2,19,valid,,
机制对照,physloss,ESM2-650M,500,2,20,valid,0.7390,3.5441
机制对照,physloss,ESM2-650M,500,2,21,valid,,
机制对照,physloss,ESM2-650M,500,2,22,valid,,
机制对照,physloss,ESM2-650M,500,2,23,valid,,
机制对照,physloss,ESM2-650M,500,2,24,valid,,
机制对照,physloss,ESM2-650M,500,2,25,valid,0.7334,3.4005
机制对照,physloss,ESM2-650M,500,2,26,valid,,
机制对照,physloss,ESM2-650M,500,2,27,valid,,
机制对照,physloss,ESM2-650M,500,2,28,valid,,
机制对照,physloss,ESM2-650M,500,2,29,valid,,
机制对照,physloss,ESM2-650M,500,2,30,valid,0.7282,3.3939
机制对照,physloss,ESM2-650M,500,2,31,valid,,
机制对照,physloss,ESM2-650M,500,2,32,valid,,
机制对照,physloss,ESM2-650M,500,2,33,valid,,
机制对照,physloss,ESM2-650M,500,2,34,valid,,
机制对照,physloss,ESM2-650M,500,2,35,valid,0.7203,3.3162
机制对照,physloss,ESM2-650M,500,2,36,valid,,
机制对照,physloss,ESM2-650M,500,2,37,valid,,
机制对照,physloss,ESM2-650M,500,2,38,valid,,
机制对照,physloss,ESM2-650M,500,2,39,valid,,
机制对照,physloss,ESM2-650M,500,2,40,valid,0.7138,3.3159
机制对照,physloss,ESM2-650M,500,2,final,test,0.7471,3.7137
ESM2-35M,base35m,ESM2-35M,500,0,1,valid,0.2728,5.3941
ESM2-35M,base35m,ESM2-35M,500,0,2,valid,,
ESM2-35M,base35m,ESM2-35M,500,0,3,valid,,
ESM2-35M,base35m,ESM2-35M,500,0,4,valid,,
ESM2-35M,base35m,ESM2-35M,500,0,5,valid,0.4403,5.4450
ESM2-35M,base35m,ESM2-35M,500,0,6,valid,,
ESM2-35M,base35m,ESM2-35M,500,0,7,valid,,
ESM2-35M,base35m,ESM2-35M,500,0,8,valid,,
ESM2-35M,base35m,ESM2-35M,500,0,9,valid,,
ESM2-35M,base35m,ESM2-35M,500,0,10,valid,0.5420,4.8147
ESM2-35M,base35m,ESM2-35M,500,0,11,valid,,
ESM2-35M,base35m,ESM2-35M,500,0,12,valid,,
ESM2-35M,base35m,ESM2-35M,500,0,13,valid,,
ESM2-35M,base35m,ESM2-35M,500,0,14,valid,,
ESM2-35M,base35m,ESM2-35M,500,0,15,valid,0.5733,4.0161
ESM2-35M,base35m,ESM2-35M,500,0,16,valid,,
ESM2-35M,base35m,ESM2-35M,500,0,17,valid,,
ESM2-35M,base35m,ESM2-35M,500,0,18,valid,,
ESM2-35M,base35m,ESM2-35M,500,0,19,valid,,
ESM2-35M,base35m,ESM2-35M,500,0,20,valid,0.5957,4.4238
ESM2-35M,base35m,ESM2-35M,500,0,21,valid,,
ESM2-35M,base35m,ESM2-35M,500,0,22,valid,,
ESM2-35M,base35m,ESM2-35M,500,0,23,valid,,
ESM2-35M,base35m,ESM2-35M,500,0,24,valid,,
ESM2-35M,base35m,ESM2-35M,500,0,25,valid,0.5970,4.4651
ESM2-35M,base35m,ESM2-35M,500,0,26,valid,,
ESM2-35M,base35m,ESM2-35M,500,0,27,valid,,
ESM2-35M,base35m,ESM2-35M,500,0,28,valid,,
ESM2-35M,base35m,ESM2-35M,500,0,29,valid,,
ESM2-35M,base35m,ESM2-35M,500,0,30,valid,0.5916,4.3015
ESM2-35M,base35m,ESM2-35M,500,0,31,valid,,
ESM2-35M,base35m,ESM2-35M,500,0,32,valid,,
ESM2-35M,base35m,ESM2-35M,500,0,33,valid,,
ESM2-35M,base35m,ESM2-35M,500,0,34,valid,,
ESM2-35M,base35m,ESM2-35M,500,0,35,valid,0.5971,4.4446
ESM2-35M,base35m,ESM2-35M,500,0,36,valid,,
ESM2-35M,base35m,ESM2-35M,500,0,37,valid,,
ESM2-35M,base35m,ESM2-35M,500,0,38,valid,,
ESM2-35M,base35m,ESM2-35M,500,0,39,valid,,
ESM2-35M,base35m,ESM2-35M,500,0,40,valid,0.5961,4.4629
ESM2-35M,base35m,ESM2-35M,500,0,final,test,0.4935,4.6586
ESM2-35M,base35m,ESM2-35M,500,1,1,valid,0.2235,4.8293
ESM2-35M,base35m,ESM2-35M,500,1,2,valid,,
ESM2-35M,base35m,ESM2-35M,500,1,3,valid,,
ESM2-35M,base35m,ESM2-35M,500,1,4,valid,,
ESM2-35M,base35m,ESM2-35M,500,1,5,valid,0.4305,4.7242
ESM2-35M,base35m,ESM2-35M,500,1,6,valid,,
ESM2-35M,base35m,ESM2-35M,500,1,7,valid,,
ESM2-35M,base35m,ESM2-35M,500,1,8,valid,,
ESM2-35M,base35m,ESM2-35M,500,1,9,valid,,
ESM2-35M,base35m,ESM2-35M,500,1,10,valid,0.4924,4.9387
ESM2-35M,base35m,ESM2-35M,500,1,11,valid,,
ESM2-35M,base35m,ESM2-35M,500,1,12,valid,,
ESM2-35M,base35m,ESM2-35M,500,1,13,valid,,
ESM2-35M,base35m,ESM2-35M,500,1,14,valid,,
ESM2-35M,base35m,ESM2-35M,500,1,15,valid,0.5164,4.4999
ESM2-35M,base35m,ESM2-35M,500,1,16,valid,,
ESM2-35M,base35m,ESM2-35M,500,1,17,valid,,
ESM2-35M,base35m,ESM2-35M,500,1,18,valid,,
ESM2-35M,base35m,ESM2-35M,500,1,19,valid,,
ESM2-35M,base35m,ESM2-35M,500,1,20,valid,0.5266,4.6613
ESM2-35M,base35m,ESM2-35M,500,1,21,valid,,
ESM2-35M,base35m,ESM2-35M,500,1,22,valid,,
ESM2-35M,base35m,ESM2-35M,500,1,23,valid,,
ESM2-35M,base35m,ESM2-35M,500,1,24,valid,,
ESM2-35M,base35m,ESM2-35M,500,1,25,valid,0.5199,4.7115
ESM2-35M,base35m,ESM2-35M,500,1,26,valid,,
ESM2-35M,base35m,ESM2-35M,500,1,27,valid,,
ESM2-35M,base35m,ESM2-35M,500,1,28,valid,,
ESM2-35M,base35m,ESM2-35M,500,1,29,valid,,
ESM2-35M,base35m,ESM2-35M,500,1,30,valid,0.5135,4.4433
ESM2-35M,base35m,ESM2-35M,500,1,31,valid,,
ESM2-35M,base35m,ESM2-35M,500,1,32,valid,,
ESM2-35M,base35m,ESM2-35M,500,1,33,valid,,
ESM2-35M,base35m,ESM2-35M,500,1,34,valid,,
ESM2-35M,base35m,ESM2-35M,500,1,35,valid,0.5166,4.4127
ESM2-35M,base35m,ESM2-35M,500,1,36,valid,,
ESM2-35M,base35m,ESM2-35M,500,1,37,valid,,
ESM2-35M,base35m,ESM2-35M,500,1,38,valid,,
ESM2-35M,base35m,ESM2-35M,500,1,39,valid,,
ESM2-35M,base35m,ESM2-35M,500,1,40,valid,0.5109,4.5287
ESM2-35M,base35m,ESM2-35M,500,1,final,test,0.5633,4.5169
ESM2-35M,base35m,ESM2-35M,500,2,1,valid,0.2004,5.0381
ESM2-35M,base35m,ESM2-35M,500,2,2,valid,,
ESM2-35M,base35m,ESM2-35M,500,2,3,valid,,
ESM2-35M,base35m,ESM2-35M,500,2,4,valid,,
ESM2-35M,base35m,ESM2-35M,500,2,5,valid,0.3952,5.0824
ESM2-35M,base35m,ESM2-35M,500,2,6,valid,,
ESM2-35M,base35m,ESM2-35M,500,2,7,valid,,
ESM2-35M,base35m,ESM2-35M,500,2,8,valid,,
ESM2-35M,base35m,ESM2-35M,500,2,9,valid,,
ESM2-35M,base35m,ESM2-35M,500,2,10,valid,0.4696,4.8118
ESM2-35M,base35m,ESM2-35M,500,2,11,valid,,
ESM2-35M,base35m,ESM2-35M,500,2,12,valid,,
ESM2-35M,base35m,ESM2-35M,500,2,13,valid,,
ESM2-35M,base35m,ESM2-35M,500,2,14,valid,,
ESM2-35M,base35m,ESM2-35M,500,2,15,valid,0.4763,4.7437
ESM2-35M,base35m,ESM2-35M,500,2,16,valid,,
ESM2-35M,base35m,ESM2-35M,500,2,17,valid,,
ESM2-35M,base35m,ESM2-35M,500,2,18,valid,,
ESM2-35M,base35m,ESM2-35M,500,2,19,valid,,
ESM2-35M,base35m,ESM2-35M,500,2,20,valid,0.5018,4.4824
ESM2-35M,base35m,ESM2-35M,500,2,21,valid,,
ESM2-35M,base35m,ESM2-35M,500,2,22,valid,,
ESM2-35M,base35m,ESM2-35M,500,2,23,valid,,
ESM2-35M,base35m,ESM2-35M,500,2,24,valid,,
ESM2-35M,base35m,ESM2-35M,500,2,25,valid,0.5079,4.4266
ESM2-35M,base35m,ESM2-35M,500,2,26,valid,,
ESM2-35M,base35m,ESM2-35M,500,2,27,valid,,
ESM2-35M,base35m,ESM2-35M,500,2,28,valid,,
ESM2-35M,base35m,ESM2-35M,500,2,29,valid,,
ESM2-35M,base35m,ESM2-35M,500,2,30,valid,0.4932,4.3266
ESM2-35M,base35m,ESM2-35M,500,2,31,valid,,
ESM2-35M,base35m,ESM2-35M,500,2,32,valid,,
ESM2-35M,base35m,ESM2-35M,500,2,33,valid,,
ESM2-35M,base35m,ESM2-35M,500,2,34,valid,,
ESM2-35M,base35m,ESM2-35M,500,2,35,valid,0.4940,4.4776
ESM2-35M,base35m,ESM2-35M,500,2,36,valid,,
ESM2-35M,base35m,ESM2-35M,500,2,37,valid,,
ESM2-35M,base35m,ESM2-35M,500,2,38,valid,,
ESM2-35M,base35m,ESM2-35M,500,2,39,valid,,
ESM2-35M,base35m,ESM2-35M,500,2,40,valid,0.4935,4.4653
ESM2-35M,base35m,ESM2-35M,500,2,final,test,0.5088,4.5237
ESM2-35M,axial35m,ESM2-35M,500,0,1,valid,0.2384,6.4792
ESM2-35M,axial35m,ESM2-35M,500,0,2,valid,,
ESM2-35M,axial35m,ESM2-35M,500,0,3,valid,,
ESM2-35M,axial35m,ESM2-35M,500,0,4,valid,,
ESM2-35M,axial35m,ESM2-35M,500,0,5,valid,0.4625,4.5653
ESM2-35M,axial35m,ESM2-35M,500,0,6,valid,,
ESM2-35M,axial35m,ESM2-35M,500,0,7,valid,,
ESM2-35M,axial35m,ESM2-35M,500,0,8,valid,,
ESM2-35M,axial35m,ESM2-35M,500,0,9,valid,,
ESM2-35M,axial35m,ESM2-35M,500,0,10,valid,0.5211,3.9027
ESM2-35M,axial35m,ESM2-35M,500,0,11,valid,,
ESM2-35M,axial35m,ESM2-35M,500,0,12,valid,,
ESM2-35M,axial35m,ESM2-35M,500,0,13,valid,,
ESM2-35M,axial35m,ESM2-35M,500,0,14,valid,,
ESM2-35M,axial35m,ESM2-35M,500,0,15,valid,0.5476,4.2814
ESM2-35M,axial35m,ESM2-35M,500,0,16,valid,,
ESM2-35M,axial35m,ESM2-35M,500,0,17,valid,,
ESM2-35M,axial35m,ESM2-35M,500,0,18,valid,,
ESM2-35M,axial35m,ESM2-35M,500,0,19,valid,,
ESM2-35M,axial35m,ESM2-35M,500,0,20,valid,0.5636,4.2134
ESM2-35M,axial35m,ESM2-35M,500,0,21,valid,,
ESM2-35M,axial35m,ESM2-35M,500,0,22,valid,,
ESM2-35M,axial35m,ESM2-35M,500,0,23,valid,,
ESM2-35M,axial35m,ESM2-35M,500,0,24,valid,,
ESM2-35M,axial35m,ESM2-35M,500,0,25,valid,0.5523,4.2470
ESM2-35M,axial35m,ESM2-35M,500,0,26,valid,,
ESM2-35M,axial35m,ESM2-35M,500,0,27,valid,,
ESM2-35M,axial35m,ESM2-35M,500,0,28,valid,,
ESM2-35M,axial35m,ESM2-35M,500,0,29,valid,,
ESM2-35M,axial35m,ESM2-35M,500,0,30,valid,0.5547,4.0813
ESM2-35M,axial35m,ESM2-35M,500,0,31,valid,,
ESM2-35M,axial35m,ESM2-35M,500,0,32,valid,,
ESM2-35M,axial35m,ESM2-35M,500,0,33,valid,,
ESM2-35M,axial35m,ESM2-35M,500,0,34,valid,,
ESM2-35M,axial35m,ESM2-35M,500,0,35,valid,0.5571,4.2928
ESM2-35M,axial35m,ESM2-35M,500,0,36,valid,,
ESM2-35M,axial35m,ESM2-35M,500,0,37,valid,,
ESM2-35M,axial35m,ESM2-35M,500,0,38,valid,,
ESM2-35M,axial35m,ESM2-35M,500,0,39,valid,,
ESM2-35M,axial35m,ESM2-35M,500,0,40,valid,0.5566,4.2517
ESM2-35M,axial35m,ESM2-35M,500,0,final,test,0.4949,4.3861
ESM2-35M,axial35m,ESM2-35M,500,1,1,valid,0.2002,5.4235
ESM2-35M,axial35m,ESM2-35M,500,1,2,valid,,
ESM2-35M,axial35m,ESM2-35M,500,1,3,valid,,
ESM2-35M,axial35m,ESM2-35M,500,1,4,valid,,
ESM2-35M,axial35m,ESM2-35M,500,1,5,valid,0.4437,5.7432
ESM2-35M,axial35m,ESM2-35M,500,1,6,valid,,
ESM2-35M,axial35m,ESM2-35M,500,1,7,valid,,
ESM2-35M,axial35m,ESM2-35M,500,1,8,valid,,
ESM2-35M,axial35m,ESM2-35M,500,1,9,valid,,
ESM2-35M,axial35m,ESM2-35M,500,1,10,valid,0.5090,4.3192
ESM2-35M,axial35m,ESM2-35M,500,1,11,valid,,
ESM2-35M,axial35m,ESM2-35M,500,1,12,valid,,
ESM2-35M,axial35m,ESM2-35M,500,1,13,valid,,
ESM2-35M,axial35m,ESM2-35M,500,1,14,valid,,
ESM2-35M,axial35m,ESM2-35M,500,1,15,valid,0.5137,4.7392
ESM2-35M,axial35m,ESM2-35M,500,1,16,valid,,
ESM2-35M,axial35m,ESM2-35M,500,1,17,valid,,
ESM2-35M,axial35m,ESM2-35M,500,1,18,valid,,
ESM2-35M,axial35m,ESM2-35M,500,1,19,valid,,
ESM2-35M,axial35m,ESM2-35M,500,1,20,valid,0.5493,4.9443
ESM2-35M,axial35m,ESM2-35M,500,1,21,valid,,
ESM2-35M,axial35m,ESM2-35M,500,1,22,valid,,
ESM2-35M,axial35m,ESM2-35M,500,1,23,valid,,
ESM2-35M,axial35m,ESM2-35M,500,1,24,valid,,
ESM2-35M,axial35m,ESM2-35M,500,1,25,valid,0.5326,4.3001
ESM2-35M,axial35m,ESM2-35M,500,1,26,valid,,
ESM2-35M,axial35m,ESM2-35M,500,1,27,valid,,
ESM2-35M,axial35m,ESM2-35M,500,1,28,valid,,
ESM2-35M,axial35m,ESM2-35M,500,1,29,valid,,
ESM2-35M,axial35m,ESM2-35M,500,1,30,valid,0.5414,4.4146
ESM2-35M,axial35m,ESM2-35M,500,1,31,valid,,
ESM2-35M,axial35m,ESM2-35M,500,1,32,valid,,
ESM2-35M,axial35m,ESM2-35M,500,1,33,valid,,
ESM2-35M,axial35m,ESM2-35M,500,1,34,valid,,
ESM2-35M,axial35m,ESM2-35M,500,1,35,valid,0.5389,4.4113
ESM2-35M,axial35m,ESM2-35M,500,1,36,valid,,
ESM2-35M,axial35m,ESM2-35M,500,1,37,valid,,
ESM2-35M,axial35m,ESM2-35M,500,1,38,valid,,
ESM2-35M,axial35m,ESM2-35M,500,1,39,valid,,
ESM2-35M,axial35m,ESM2-35M,500,1,40,valid,0.5315,4.3393
ESM2-35M,axial35m,ESM2-35M,500,1,final,test,0.5666,4.7014
ESM2-35M,axial35m,ESM2-35M,500,2,1,valid,0.2517,5.5509
ESM2-35M,axial35m,ESM2-35M,500,2,2,valid,,
ESM2-35M,axial35m,ESM2-35M,500,2,3,valid,,
ESM2-35M,axial35m,ESM2-35M,500,2,4,valid,,
ESM2-35M,axial35m,ESM2-35M,500,2,5,valid,0.4148,4.5271
ESM2-35M,axial35m,ESM2-35M,500,2,6,valid,,
ESM2-35M,axial35m,ESM2-35M,500,2,7,valid,,
ESM2-35M,axial35m,ESM2-35M,500,2,8,valid,,
ESM2-35M,axial35m,ESM2-35M,500,2,9,valid,,
ESM2-35M,axial35m,ESM2-35M,500,2,10,valid,0.4878,4.3884
ESM2-35M,axial35m,ESM2-35M,500,2,11,valid,,
ESM2-35M,axial35m,ESM2-35M,500,2,12,valid,,
ESM2-35M,axial35m,ESM2-35M,500,2,13,valid,,
ESM2-35M,axial35m,ESM2-35M,500,2,14,valid,,
ESM2-35M,axial35m,ESM2-35M,500,2,15,valid,0.4875,4.2624
ESM2-35M,axial35m,ESM2-35M,500,2,16,valid,,
ESM2-35M,axial35m,ESM2-35M,500,2,17,valid,,
ESM2-35M,axial35m,ESM2-35M,500,2,18,valid,,
ESM2-35M,axial35m,ESM2-35M,500,2,19,valid,,
ESM2-35M,axial35m,ESM2-35M,500,2,20,valid,0.4935,4.5582
ESM2-35M,axial35m,ESM2-35M,500,2,21,valid,,
ESM2-35M,axial35m,ESM2-35M,500,2,22,valid,,
ESM2-35M,axial35m,ESM2-35M,500,2,23,valid,,
ESM2-35M,axial35m,ESM2-35M,500,2,24,valid,,
ESM2-35M,axial35m,ESM2-35M,500,2,25,valid,0.5025,4.4029
ESM2-35M,axial35m,ESM2-35M,500,2,26,valid,,
ESM2-35M,axial35m,ESM2-35M,500,2,27,valid,,
ESM2-35M,axial35m,ESM2-35M,500,2,28,valid,,
ESM2-35M,axial35m,ESM2-35M,500,2,29,valid,,
ESM2-35M,axial35m,ESM2-35M,500,2,30,valid,0.4990,4.3919
ESM2-35M,axial35m,ESM2-35M,500,2,31,valid,,
ESM2-35M,axial35m,ESM2-35M,500,2,32,valid,,
ESM2-35M,axial35m,ESM2-35M,500,2,33,valid,,
ESM2-35M,axial35m,ESM2-35M,500,2,34,valid,,
ESM2-35M,axial35m,ESM2-35M,500,2,35,valid,0.4923,4.3841
ESM2-35M,axial35m,ESM2-35M,500,2,36,valid,,
ESM2-35M,axial35m,ESM2-35M,500,2,37,valid,,
ESM2-35M,axial35m,ESM2-35M,500,2,38,valid,,
ESM2-35M,axial35m,ESM2-35M,500,2,39,valid,,
ESM2-35M,axial35m,ESM2-35M,500,2,40,valid,0.4935,4.3270
ESM2-35M,axial35m,ESM2-35M,500,2,final,test,0.5369,4.4359
ESM2-35M,phys35m,ESM2-35M,500,0,1,valid,0.2254,6.7105
ESM2-35M,phys35m,ESM2-35M,500,0,2,valid,,
ESM2-35M,phys35m,ESM2-35M,500,0,3,valid,,
ESM2-35M,phys35m,ESM2-35M,500,0,4,valid,,
ESM2-35M,phys35m,ESM2-35M,500,0,5,valid,0.4755,4.5151
ESM2-35M,phys35m,ESM2-35M,500,0,6,valid,,
ESM2-35M,phys35m,ESM2-35M,500,0,7,valid,,
ESM2-35M,phys35m,ESM2-35M,500,0,8,valid,,
ESM2-35M,phys35m,ESM2-35M,500,0,9,valid,,
ESM2-35M,phys35m,ESM2-35M,500,0,10,valid,0.5422,3.8536
ESM2-35M,phys35m,ESM2-35M,500,0,11,valid,,
ESM2-35M,phys35m,ESM2-35M,500,0,12,valid,,
ESM2-35M,phys35m,ESM2-35M,500,0,13,valid,,
ESM2-35M,phys35m,ESM2-35M,500,0,14,valid,,
ESM2-35M,phys35m,ESM2-35M,500,0,15,valid,0.5645,4.2679
ESM2-35M,phys35m,ESM2-35M,500,0,16,valid,,
ESM2-35M,phys35m,ESM2-35M,500,0,17,valid,,
ESM2-35M,phys35m,ESM2-35M,500,0,18,valid,,
ESM2-35M,phys35m,ESM2-35M,500,0,19,valid,,
ESM2-35M,phys35m,ESM2-35M,500,0,20,valid,0.5693,4.0988
ESM2-35M,phys35m,ESM2-35M,500,0,21,valid,,
ESM2-35M,phys35m,ESM2-35M,500,0,22,valid,,
ESM2-35M,phys35m,ESM2-35M,500,0,23,valid,,
ESM2-35M,phys35m,ESM2-35M,500,0,24,valid,,
ESM2-35M,phys35m,ESM2-35M,500,0,25,valid,0.5738,4.1991
ESM2-35M,phys35m,ESM2-35M,500,0,26,valid,,
ESM2-35M,phys35m,ESM2-35M,500,0,27,valid,,
ESM2-35M,phys35m,ESM2-35M,500,0,28,valid,,
ESM2-35M,phys35m,ESM2-35M,500,0,29,valid,,
ESM2-35M,phys35m,ESM2-35M,500,0,30,valid,0.5642,4.1838
ESM2-35M,phys35m,ESM2-35M,500,0,31,valid,,
ESM2-35M,phys35m,ESM2-35M,500,0,32,valid,,
ESM2-35M,phys35m,ESM2-35M,500,0,33,valid,,
ESM2-35M,phys35m,ESM2-35M,500,0,34,valid,,
ESM2-35M,phys35m,ESM2-35M,500,0,35,valid,0.5620,4.2283
ESM2-35M,phys35m,ESM2-35M,500,0,36,valid,,
ESM2-35M,phys35m,ESM2-35M,500,0,37,valid,,
ESM2-35M,phys35m,ESM2-35M,500,0,38,valid,,
ESM2-35M,phys35m,ESM2-35M,500,0,39,valid,,
ESM2-35M,phys35m,ESM2-35M,500,0,40,valid,0.5589,4.2091
ESM2-35M,phys35m,ESM2-35M,500,0,final,test,0.5064,4.3316
ESM2-35M,phys35m,ESM2-35M,500,1,1,valid,0.2045,5.8975
ESM2-35M,phys35m,ESM2-35M,500,1,2,valid,,
ESM2-35M,phys35m,ESM2-35M,500,1,3,valid,,
ESM2-35M,phys35m,ESM2-35M,500,1,4,valid,,
ESM2-35M,phys35m,ESM2-35M,500,1,5,valid,0.4491,5.7539
ESM2-35M,phys35m,ESM2-35M,500,1,6,valid,,
ESM2-35M,phys35m,ESM2-35M,500,1,7,valid,,
ESM2-35M,phys35m,ESM2-35M,500,1,8,valid,,
ESM2-35M,phys35m,ESM2-35M,500,1,9,valid,,
ESM2-35M,phys35m,ESM2-35M,500,1,10,valid,0.4942,4.4051
ESM2-35M,phys35m,ESM2-35M,500,1,11,valid,,
ESM2-35M,phys35m,ESM2-35M,500,1,12,valid,,
ESM2-35M,phys35m,ESM2-35M,500,1,13,valid,,
ESM2-35M,phys35m,ESM2-35M,500,1,14,valid,,
ESM2-35M,phys35m,ESM2-35M,500,1,15,valid,0.5339,5.0803
ESM2-35M,phys35m,ESM2-35M,500,1,16,valid,,
ESM2-35M,phys35m,ESM2-35M,500,1,17,valid,,
ESM2-35M,phys35m,ESM2-35M,500,1,18,valid,,
ESM2-35M,phys35m,ESM2-35M,500,1,19,valid,,
ESM2-35M,phys35m,ESM2-35M,500,1,20,valid,0.5468,4.6958
ESM2-35M,phys35m,ESM2-35M,500,1,21,valid,,
ESM2-35M,phys35m,ESM2-35M,500,1,22,valid,,
ESM2-35M,phys35m,ESM2-35M,500,1,23,valid,,
ESM2-35M,phys35m,ESM2-35M,500,1,24,valid,,
ESM2-35M,phys35m,ESM2-35M,500,1,25,valid,0.5379,4.4367
ESM2-35M,phys35m,ESM2-35M,500,1,26,valid,,
ESM2-35M,phys35m,ESM2-35M,500,1,27,valid,,
ESM2-35M,phys35m,ESM2-35M,500,1,28,valid,,
ESM2-35M,phys35m,ESM2-35M,500,1,29,valid,,
ESM2-35M,phys35m,ESM2-35M,500,1,30,valid,0.5413,4.3067
ESM2-35M,phys35m,ESM2-35M,500,1,31,valid,,
ESM2-35M,phys35m,ESM2-35M,500,1,32,valid,,
ESM2-35M,phys35m,ESM2-35M,500,1,33,valid,,
ESM2-35M,phys35m,ESM2-35M,500,1,34,valid,,
ESM2-35M,phys35m,ESM2-35M,500,1,35,valid,0.5331,4.3633
ESM2-35M,phys35m,ESM2-35M,500,1,36,valid,,
ESM2-35M,phys35m,ESM2-35M,500,1,37,valid,,
ESM2-35M,phys35m,ESM2-35M,500,1,38,valid,,
ESM2-35M,phys35m,ESM2-35M,500,1,39,valid,,
ESM2-35M,phys35m,ESM2-35M,500,1,40,valid,0.5252,4.3918
ESM2-35M,phys35m,ESM2-35M,500,1,final,test,0.5838,4.5220
ESM2-35M,phys35m,ESM2-35M,500,2,1,valid,0.2494,5.0756
ESM2-35M,phys35m,ESM2-35M,500,2,2,valid,,
ESM2-35M,phys35m,ESM2-35M,500,2,3,valid,,
ESM2-35M,phys35m,ESM2-35M,500,2,4,valid,,
ESM2-35M,phys35m,ESM2-35M,500,2,5,valid,0.4391,4.4943
ESM2-35M,phys35m,ESM2-35M,500,2,6,valid,,
ESM2-35M,phys35m,ESM2-35M,500,2,7,valid,,
ESM2-35M,phys35m,ESM2-35M,500,2,8,valid,,
ESM2-35M,phys35m,ESM2-35M,500,2,9,valid,,
ESM2-35M,phys35m,ESM2-35M,500,2,10,valid,0.5017,4.3629
ESM2-35M,phys35m,ESM2-35M,500,2,11,valid,,
ESM2-35M,phys35m,ESM2-35M,500,2,12,valid,,
ESM2-35M,phys35m,ESM2-35M,500,2,13,valid,,
ESM2-35M,phys35m,ESM2-35M,500,2,14,valid,,
ESM2-35M,phys35m,ESM2-35M,500,2,15,valid,0.5055,4.1200
ESM2-35M,phys35m,ESM2-35M,500,2,16,valid,,
ESM2-35M,phys35m,ESM2-35M,500,2,17,valid,,
ESM2-35M,phys35m,ESM2-35M,500,2,18,valid,,
ESM2-35M,phys35m,ESM2-35M,500,2,19,valid,,
ESM2-35M,phys35m,ESM2-35M,500,2,20,valid,0.5204,4.4908
ESM2-35M,phys35m,ESM2-35M,500,2,21,valid,,
ESM2-35M,phys35m,ESM2-35M,500,2,22,valid,,
ESM2-35M,phys35m,ESM2-35M,500,2,23,valid,,
ESM2-35M,phys35m,ESM2-35M,500,2,24,valid,,
ESM2-35M,phys35m,ESM2-35M,500,2,25,valid,0.5213,4.4101
ESM2-35M,phys35m,ESM2-35M,500,2,26,valid,,
ESM2-35M,phys35m,ESM2-35M,500,2,27,valid,,
ESM2-35M,phys35m,ESM2-35M,500,2,28,valid,,
ESM2-35M,phys35m,ESM2-35M,500,2,29,valid,,
ESM2-35M,phys35m,ESM2-35M,500,2,30,valid,0.4960,4.4062
ESM2-35M,phys35m,ESM2-35M,500,2,31,valid,,
ESM2-35M,phys35m,ESM2-35M,500,2,32,valid,,
ESM2-35M,phys35m,ESM2-35M,500,2,33,valid,,
ESM2-35M,phys35m,ESM2-35M,500,2,34,valid,,
ESM2-35M,phys35m,ESM2-35M,500,2,35,valid,0.5045,4.4623
ESM2-35M,phys35m,ESM2-35M,500,2,36,valid,,
ESM2-35M,phys35m,ESM2-35M,500,2,37,valid,,
ESM2-35M,phys35m,ESM2-35M,500,2,38,valid,,
ESM2-35M,phys35m,ESM2-35M,500,2,39,valid,,
ESM2-35M,phys35m,ESM2-35M,500,2,40,valid,0.4950,4.3879
ESM2-35M,phys35m,ESM2-35M,500,2,final,test,0.5303,4.4963
ESM2-35M,pert35m_p0,ESM2-35M,500,0,1,valid,0.2245,5.1558
ESM2-35M,pert35m_p0,ESM2-35M,500,0,2,valid,,
ESM2-35M,pert35m_p0,ESM2-35M,500,0,3,valid,,
ESM2-35M,pert35m_p0,ESM2-35M,500,0,4,valid,,
ESM2-35M,pert35m_p0,ESM2-35M,500,0,5,valid,0.4904,4.5663
ESM2-35M,pert35m_p0,ESM2-35M,500,0,6,valid,,
ESM2-35M,pert35m_p0,ESM2-35M,500,0,7,valid,,
ESM2-35M,pert35m_p0,ESM2-35M,500,0,8,valid,,
ESM2-35M,pert35m_p0,ESM2-35M,500,0,9,valid,,
ESM2-35M,pert35m_p0,ESM2-35M,500,0,10,valid,0.5327,3.9372
ESM2-35M,pert35m_p0,ESM2-35M,500,0,11,valid,,
ESM2-35M,pert35m_p0,ESM2-35M,500,0,12,valid,,
ESM2-35M,pert35m_p0,ESM2-35M,500,0,13,valid,,
ESM2-35M,pert35m_p0,ESM2-35M,500,0,14,valid,,
ESM2-35M,pert35m_p0,ESM2-35M,500,0,15,valid,0.5514,4.3681
ESM2-35M,pert35m_p0,ESM2-35M,500,0,16,valid,,
ESM2-35M,pert35m_p0,ESM2-35M,500,0,17,valid,,
ESM2-35M,pert35m_p0,ESM2-35M,500,0,18,valid,,
ESM2-35M,pert35m_p0,ESM2-35M,500,0,19,valid,,
ESM2-35M,pert35m_p0,ESM2-35M,500,0,20,valid,0.5633,4.4028
ESM2-35M,pert35m_p0,ESM2-35M,500,0,21,valid,,
ESM2-35M,pert35m_p0,ESM2-35M,500,0,22,valid,,
ESM2-35M,pert35m_p0,ESM2-35M,500,0,23,valid,,
ESM2-35M,pert35m_p0,ESM2-35M,500,0,24,valid,,
ESM2-35M,pert35m_p0,ESM2-35M,500,0,25,valid,0.5624,4.2557
ESM2-35M,pert35m_p0,ESM2-35M,500,0,26,valid,,
ESM2-35M,pert35m_p0,ESM2-35M,500,0,27,valid,,
ESM2-35M,pert35m_p0,ESM2-35M,500,0,28,valid,,
ESM2-35M,pert35m_p0,ESM2-35M,500,0,29,valid,,
ESM2-35M,pert35m_p0,ESM2-35M,500,0,30,valid,0.5658,4.1282
ESM2-35M,pert35m_p0,ESM2-35M,500,0,31,valid,,
ESM2-35M,pert35m_p0,ESM2-35M,500,0,32,valid,,
ESM2-35M,pert35m_p0,ESM2-35M,500,0,33,valid,,
ESM2-35M,pert35m_p0,ESM2-35M,500,0,34,valid,,
ESM2-35M,pert35m_p0,ESM2-35M,500,0,35,valid,0.5568,4.2430
ESM2-35M,pert35m_p0,ESM2-35M,500,0,36,valid,,
ESM2-35M,pert35m_p0,ESM2-35M,500,0,37,valid,,
ESM2-35M,pert35m_p0,ESM2-35M,500,0,38,valid,,
ESM2-35M,pert35m_p0,ESM2-35M,500,0,39,valid,,
ESM2-35M,pert35m_p0,ESM2-35M,500,0,40,valid,0.5578,4.2213
ESM2-35M,pert35m_p0,ESM2-35M,500,0,final,test,0.4987,4.2612
ESM2-35M,pert35m_p0,ESM2-35M,500,1,1,valid,0.2228,5.5621
ESM2-35M,pert35m_p0,ESM2-35M,500,1,2,valid,,
ESM2-35M,pert35m_p0,ESM2-35M,500,1,3,valid,,
ESM2-35M,pert35m_p0,ESM2-35M,500,1,4,valid,,
ESM2-35M,pert35m_p0,ESM2-35M,500,1,5,valid,0.4408,5.6339
ESM2-35M,pert35m_p0,ESM2-35M,500,1,6,valid,,
ESM2-35M,pert35m_p0,ESM2-35M,500,1,7,valid,,
ESM2-35M,pert35m_p0,ESM2-35M,500,1,8,valid,,
ESM2-35M,pert35m_p0,ESM2-35M,500,1,9,valid,,
ESM2-35M,pert35m_p0,ESM2-35M,500,1,10,valid,0.5053,4.4092
ESM2-35M,pert35m_p0,ESM2-35M,500,1,11,valid,,
ESM2-35M,pert35m_p0,ESM2-35M,500,1,12,valid,,
ESM2-35M,pert35m_p0,ESM2-35M,500,1,13,valid,,
ESM2-35M,pert35m_p0,ESM2-35M,500,1,14,valid,,
ESM2-35M,pert35m_p0,ESM2-35M,500,1,15,valid,0.5223,4.6605
ESM2-35M,pert35m_p0,ESM2-35M,500,1,16,valid,,
ESM2-35M,pert35m_p0,ESM2-35M,500,1,17,valid,,
ESM2-35M,pert35m_p0,ESM2-35M,500,1,18,valid,,
ESM2-35M,pert35m_p0,ESM2-35M,500,1,19,valid,,
ESM2-35M,pert35m_p0,ESM2-35M,500,1,20,valid,0.5482,4.6321
ESM2-35M,pert35m_p0,ESM2-35M,500,1,21,valid,,
ESM2-35M,pert35m_p0,ESM2-35M,500,1,22,valid,,
ESM2-35M,pert35m_p0,ESM2-35M,500,1,23,valid,,
ESM2-35M,pert35m_p0,ESM2-35M,500,1,24,valid,,
ESM2-35M,pert35m_p0,ESM2-35M,500,1,25,valid,0.5408,4.2429
ESM2-35M,pert35m_p0,ESM2-35M,500,1,26,valid,,
ESM2-35M,pert35m_p0,ESM2-35M,500,1,27,valid,,
ESM2-35M,pert35m_p0,ESM2-35M,500,1,28,valid,,
ESM2-35M,pert35m_p0,ESM2-35M,500,1,29,valid,,
ESM2-35M,pert35m_p0,ESM2-35M,500,1,30,valid,0.5392,4.3213
ESM2-35M,pert35m_p0,ESM2-35M,500,1,31,valid,,
ESM2-35M,pert35m_p0,ESM2-35M,500,1,32,valid,,
ESM2-35M,pert35m_p0,ESM2-35M,500,1,33,valid,,
ESM2-35M,pert35m_p0,ESM2-35M,500,1,34,valid,,
ESM2-35M,pert35m_p0,ESM2-35M,500,1,35,valid,0.5371,4.3707
ESM2-35M,pert35m_p0,ESM2-35M,500,1,36,valid,,
ESM2-35M,pert35m_p0,ESM2-35M,500,1,37,valid,,
ESM2-35M,pert35m_p0,ESM2-35M,500,1,38,valid,,
ESM2-35M,pert35m_p0,ESM2-35M,500,1,39,valid,,
ESM2-35M,pert35m_p0,ESM2-35M,500,1,40,valid,0.5352,4.2566
ESM2-35M,pert35m_p0,ESM2-35M,500,1,final,test,0.5952,4.4075
ESM2-35M,pert35m_p0,ESM2-35M,500,2,1,valid,0.1956,5.7446
ESM2-35M,pert35m_p0,ESM2-35M,500,2,2,valid,,
ESM2-35M,pert35m_p0,ESM2-35M,500,2,3,valid,,
ESM2-35M,pert35m_p0,ESM2-35M,500,2,4,valid,,
ESM2-35M,pert35m_p0,ESM2-35M,500,2,5,valid,0.4136,5.1331
ESM2-35M,pert35m_p0,ESM2-35M,500,2,6,valid,,
ESM2-35M,pert35m_p0,ESM2-35M,500,2,7,valid,,
ESM2-35M,pert35m_p0,ESM2-35M,500,2,8,valid,,
ESM2-35M,pert35m_p0,ESM2-35M,500,2,9,valid,,
ESM2-35M,pert35m_p0,ESM2-35M,500,2,10,valid,0.4767,4.6955
ESM2-35M,pert35m_p0,ESM2-35M,500,2,11,valid,,
ESM2-35M,pert35m_p0,ESM2-35M,500,2,12,valid,,
ESM2-35M,pert35m_p0,ESM2-35M,500,2,13,valid,,
ESM2-35M,pert35m_p0,ESM2-35M,500,2,14,valid,,
ESM2-35M,pert35m_p0,ESM2-35M,500,2,15,valid,0.4933,4.4109
ESM2-35M,pert35m_p0,ESM2-35M,500,2,16,valid,,
ESM2-35M,pert35m_p0,ESM2-35M,500,2,17,valid,,
ESM2-35M,pert35m_p0,ESM2-35M,500,2,18,valid,,
ESM2-35M,pert35m_p0,ESM2-35M,500,2,19,valid,,
ESM2-35M,pert35m_p0,ESM2-35M,500,2,20,valid,0.4949,4.5346
ESM2-35M,pert35m_p0,ESM2-35M,500,2,21,valid,,
ESM2-35M,pert35m_p0,ESM2-35M,500,2,22,valid,,
ESM2-35M,pert35m_p0,ESM2-35M,500,2,23,valid,,
ESM2-35M,pert35m_p0,ESM2-35M,500,2,24,valid,,
ESM2-35M,pert35m_p0,ESM2-35M,500,2,25,valid,0.5119,4.4787
ESM2-35M,pert35m_p0,ESM2-35M,500,2,26,valid,,
ESM2-35M,pert35m_p0,ESM2-35M,500,2,27,valid,,
ESM2-35M,pert35m_p0,ESM2-35M,500,2,28,valid,,
ESM2-35M,pert35m_p0,ESM2-35M,500,2,29,valid,,
ESM2-35M,pert35m_p0,ESM2-35M,500,2,30,valid,0.5063,4.4572
ESM2-35M,pert35m_p0,ESM2-35M,500,2,31,valid,,
ESM2-35M,pert35m_p0,ESM2-35M,500,2,32,valid,,
ESM2-35M,pert35m_p0,ESM2-35M,500,2,33,valid,,
ESM2-35M,pert35m_p0,ESM2-35M,500,2,34,valid,,
ESM2-35M,pert35m_p0,ESM2-35M,500,2,35,valid,0.4989,4.3419
ESM2-35M,pert35m_p0,ESM2-35M,500,2,36,valid,,
ESM2-35M,pert35m_p0,ESM2-35M,500,2,37,valid,,
ESM2-35M,pert35m_p0,ESM2-35M,500,2,38,valid,,
ESM2-35M,pert35m_p0,ESM2-35M,500,2,39,valid,,
ESM2-35M,pert35m_p0,ESM2-35M,500,2,40,valid,0.5023,4.3123
ESM2-35M,pert35m_p0,ESM2-35M,500,2,final,test,0.5130,4.5144
ESM2-35M,pert35m_p1,ESM2-35M,500,0,1,valid,0.2568,5.0447
ESM2-35M,pert35m_p1,ESM2-35M,500,0,2,valid,,
ESM2-35M,pert35m_p1,ESM2-35M,500,0,3,valid,,
ESM2-35M,pert35m_p1,ESM2-35M,500,0,4,valid,,
ESM2-35M,pert35m_p1,ESM2-35M,500,0,5,valid,0.4696,4.4958
ESM2-35M,pert35m_p1,ESM2-35M,500,0,6,valid,,
ESM2-35M,pert35m_p1,ESM2-35M,500,0,7,valid,,
ESM2-35M,pert35m_p1,ESM2-35M,500,0,8,valid,,
ESM2-35M,pert35m_p1,ESM2-35M,500,0,9,valid,,
ESM2-35M,pert35m_p1,ESM2-35M,500,0,10,valid,0.5318,3.8484
ESM2-35M,pert35m_p1,ESM2-35M,500,0,11,valid,,
ESM2-35M,pert35m_p1,ESM2-35M,500,0,12,valid,,
ESM2-35M,pert35m_p1,ESM2-35M,500,0,13,valid,,
ESM2-35M,pert35m_p1,ESM2-35M,500,0,14,valid,,
ESM2-35M,pert35m_p1,ESM2-35M,500,0,15,valid,0.5563,4.4040
ESM2-35M,pert35m_p1,ESM2-35M,500,0,16,valid,,
ESM2-35M,pert35m_p1,ESM2-35M,500,0,17,valid,,
ESM2-35M,pert35m_p1,ESM2-35M,500,0,18,valid,,
ESM2-35M,pert35m_p1,ESM2-35M,500,0,19,valid,,
ESM2-35M,pert35m_p1,ESM2-35M,500,0,20,valid,0.5662,4.0825
ESM2-35M,pert35m_p1,ESM2-35M,500,0,21,valid,,
ESM2-35M,pert35m_p1,ESM2-35M,500,0,22,valid,,
ESM2-35M,pert35m_p1,ESM2-35M,500,0,23,valid,,
ESM2-35M,pert35m_p1,ESM2-35M,500,0,24,valid,,
ESM2-35M,pert35m_p1,ESM2-35M,500,0,25,valid,0.5587,4.1920
ESM2-35M,pert35m_p1,ESM2-35M,500,0,26,valid,,
ESM2-35M,pert35m_p1,ESM2-35M,500,0,27,valid,,
ESM2-35M,pert35m_p1,ESM2-35M,500,0,28,valid,,
ESM2-35M,pert35m_p1,ESM2-35M,500,0,29,valid,,
ESM2-35M,pert35m_p1,ESM2-35M,500,0,30,valid,0.5591,4.0974
ESM2-35M,pert35m_p1,ESM2-35M,500,0,31,valid,,
ESM2-35M,pert35m_p1,ESM2-35M,500,0,32,valid,,
ESM2-35M,pert35m_p1,ESM2-35M,500,0,33,valid,,
ESM2-35M,pert35m_p1,ESM2-35M,500,0,34,valid,,
ESM2-35M,pert35m_p1,ESM2-35M,500,0,35,valid,0.5576,4.2253
ESM2-35M,pert35m_p1,ESM2-35M,500,0,36,valid,,
ESM2-35M,pert35m_p1,ESM2-35M,500,0,37,valid,,
ESM2-35M,pert35m_p1,ESM2-35M,500,0,38,valid,,
ESM2-35M,pert35m_p1,ESM2-35M,500,0,39,valid,,
ESM2-35M,pert35m_p1,ESM2-35M,500,0,40,valid,0.5573,4.1850
ESM2-35M,pert35m_p1,ESM2-35M,500,0,final,test,0.5037,4.2761
ESM2-35M,pert35m_p1,ESM2-35M,500,1,1,valid,0.1923,5.3592
ESM2-35M,pert35m_p1,ESM2-35M,500,1,2,valid,,
ESM2-35M,pert35m_p1,ESM2-35M,500,1,3,valid,,
ESM2-35M,pert35m_p1,ESM2-35M,500,1,4,valid,,
ESM2-35M,pert35m_p1,ESM2-35M,500,1,5,valid,0.4375,5.4383
ESM2-35M,pert35m_p1,ESM2-35M,500,1,6,valid,,
ESM2-35M,pert35m_p1,ESM2-35M,500,1,7,valid,,
ESM2-35M,pert35m_p1,ESM2-35M,500,1,8,valid,,
ESM2-35M,pert35m_p1,ESM2-35M,500,1,9,valid,,
ESM2-35M,pert35m_p1,ESM2-35M,500,1,10,valid,0.5157,4.6062
ESM2-35M,pert35m_p1,ESM2-35M,500,1,11,valid,,
ESM2-35M,pert35m_p1,ESM2-35M,500,1,12,valid,,
ESM2-35M,pert35m_p1,ESM2-35M,500,1,13,valid,,
ESM2-35M,pert35m_p1,ESM2-35M,500,1,14,valid,,
ESM2-35M,pert35m_p1,ESM2-35M,500,1,15,valid,0.5324,4.7274
ESM2-35M,pert35m_p1,ESM2-35M,500,1,16,valid,,
ESM2-35M,pert35m_p1,ESM2-35M,500,1,17,valid,,
ESM2-35M,pert35m_p1,ESM2-35M,500,1,18,valid,,
ESM2-35M,pert35m_p1,ESM2-35M,500,1,19,valid,,
ESM2-35M,pert35m_p1,ESM2-35M,500,1,20,valid,0.5422,5.0092
ESM2-35M,pert35m_p1,ESM2-35M,500,1,21,valid,,
ESM2-35M,pert35m_p1,ESM2-35M,500,1,22,valid,,
ESM2-35M,pert35m_p1,ESM2-35M,500,1,23,valid,,
ESM2-35M,pert35m_p1,ESM2-35M,500,1,24,valid,,
ESM2-35M,pert35m_p1,ESM2-35M,500,1,25,valid,0.5398,4.3095
ESM2-35M,pert35m_p1,ESM2-35M,500,1,26,valid,,
ESM2-35M,pert35m_p1,ESM2-35M,500,1,27,valid,,
ESM2-35M,pert35m_p1,ESM2-35M,500,1,28,valid,,
ESM2-35M,pert35m_p1,ESM2-35M,500,1,29,valid,,
ESM2-35M,pert35m_p1,ESM2-35M,500,1,30,valid,0.5394,4.2754
ESM2-35M,pert35m_p1,ESM2-35M,500,1,31,valid,,
ESM2-35M,pert35m_p1,ESM2-35M,500,1,32,valid,,
ESM2-35M,pert35m_p1,ESM2-35M,500,1,33,valid,,
ESM2-35M,pert35m_p1,ESM2-35M,500,1,34,valid,,
ESM2-35M,pert35m_p1,ESM2-35M,500,1,35,valid,0.5335,4.3861
ESM2-35M,pert35m_p1,ESM2-35M,500,1,36,valid,,
ESM2-35M,pert35m_p1,ESM2-35M,500,1,37,valid,,
ESM2-35M,pert35m_p1,ESM2-35M,500,1,38,valid,,
ESM2-35M,pert35m_p1,ESM2-35M,500,1,39,valid,,
ESM2-35M,pert35m_p1,ESM2-35M,500,1,40,valid,0.5375,4.3354
ESM2-35M,pert35m_p1,ESM2-35M,500,1,final,test,0.5897,4.7440
ESM2-35M,pert35m_p1,ESM2-35M,500,2,1,valid,0.2041,5.0402
ESM2-35M,pert35m_p1,ESM2-35M,500,2,2,valid,,
ESM2-35M,pert35m_p1,ESM2-35M,500,2,3,valid,,
ESM2-35M,pert35m_p1,ESM2-35M,500,2,4,valid,,
ESM2-35M,pert35m_p1,ESM2-35M,500,2,5,valid,0.4281,4.2068
ESM2-35M,pert35m_p1,ESM2-35M,500,2,6,valid,,
ESM2-35M,pert35m_p1,ESM2-35M,500,2,7,valid,,
ESM2-35M,pert35m_p1,ESM2-35M,500,2,8,valid,,
ESM2-35M,pert35m_p1,ESM2-35M,500,2,9,valid,,
ESM2-35M,pert35m_p1,ESM2-35M,500,2,10,valid,0.4853,4.5165
ESM2-35M,pert35m_p1,ESM2-35M,500,2,11,valid,,
ESM2-35M,pert35m_p1,ESM2-35M,500,2,12,valid,,
ESM2-35M,pert35m_p1,ESM2-35M,500,2,13,valid,,
ESM2-35M,pert35m_p1,ESM2-35M,500,2,14,valid,,
ESM2-35M,pert35m_p1,ESM2-35M,500,2,15,valid,0.4817,4.1606
ESM2-35M,pert35m_p1,ESM2-35M,500,2,16,valid,,
ESM2-35M,pert35m_p1,ESM2-35M,500,2,17,valid,,
ESM2-35M,pert35m_p1,ESM2-35M,500,2,18,valid,,
ESM2-35M,pert35m_p1,ESM2-35M,500,2,19,valid,,
ESM2-35M,pert35m_p1,ESM2-35M,500,2,20,valid,0.5125,4.5445
ESM2-35M,pert35m_p1,ESM2-35M,500,2,21,valid,,
ESM2-35M,pert35m_p1,ESM2-35M,500,2,22,valid,,
ESM2-35M,pert35m_p1,ESM2-35M,500,2,23,valid,,
ESM2-35M,pert35m_p1,ESM2-35M,500,2,24,valid,,
ESM2-35M,pert35m_p1,ESM2-35M,500,2,25,valid,0.5142,4.2502
ESM2-35M,pert35m_p1,ESM2-35M,500,2,26,valid,,
ESM2-35M,pert35m_p1,ESM2-35M,500,2,27,valid,,
ESM2-35M,pert35m_p1,ESM2-35M,500,2,28,valid,,
ESM2-35M,pert35m_p1,ESM2-35M,500,2,29,valid,,
ESM2-35M,pert35m_p1,ESM2-35M,500,2,30,valid,0.5119,4.4074
ESM2-35M,pert35m_p1,ESM2-35M,500,2,31,valid,,
ESM2-35M,pert35m_p1,ESM2-35M,500,2,32,valid,,
ESM2-35M,pert35m_p1,ESM2-35M,500,2,33,valid,,
ESM2-35M,pert35m_p1,ESM2-35M,500,2,34,valid,,
ESM2-35M,pert35m_p1,ESM2-35M,500,2,35,valid,0.5154,4.3214
ESM2-35M,pert35m_p1,ESM2-35M,500,2,36,valid,,
ESM2-35M,pert35m_p1,ESM2-35M,500,2,37,valid,,
ESM2-35M,pert35m_p1,ESM2-35M,500,2,38,valid,,
ESM2-35M,pert35m_p1,ESM2-35M,500,2,39,valid,,
ESM2-35M,pert35m_p1,ESM2-35M,500,2,40,valid,0.5161,4.2748
ESM2-35M,pert35m_p1,ESM2-35M,500,2,final,test,0.4956,4.3381
ESM2-35M,pert35m_p2,ESM2-35M,500,0,1,valid,0.2536,5.0082
ESM2-35M,pert35m_p2,ESM2-35M,500,0,2,valid,,
ESM2-35M,pert35m_p2,ESM2-35M,500,0,3,valid,,
ESM2-35M,pert35m_p2,ESM2-35M,500,0,4,valid,,
ESM2-35M,pert35m_p2,ESM2-35M,500,0,5,valid,0.4745,4.4843
ESM2-35M,pert35m_p2,ESM2-35M,500,0,6,valid,,
ESM2-35M,pert35m_p2,ESM2-35M,500,0,7,valid,,
ESM2-35M,pert35m_p2,ESM2-35M,500,0,8,valid,,
ESM2-35M,pert35m_p2,ESM2-35M,500,0,9,valid,,
ESM2-35M,pert35m_p2,ESM2-35M,500,0,10,valid,0.5415,4.0333
ESM2-35M,pert35m_p2,ESM2-35M,500,0,11,valid,,
ESM2-35M,pert35m_p2,ESM2-35M,500,0,12,valid,,
ESM2-35M,pert35m_p2,ESM2-35M,500,0,13,valid,,
ESM2-35M,pert35m_p2,ESM2-35M,500,0,14,valid,,
ESM2-35M,pert35m_p2,ESM2-35M,500,0,15,valid,0.5676,4.4649
ESM2-35M,pert35m_p2,ESM2-35M,500,0,16,valid,,
ESM2-35M,pert35m_p2,ESM2-35M,500,0,17,valid,,
ESM2-35M,pert35m_p2,ESM2-35M,500,0,18,valid,,
ESM2-35M,pert35m_p2,ESM2-35M,500,0,19,valid,,
ESM2-35M,pert35m_p2,ESM2-35M,500,0,20,valid,0.5805,4.1653
ESM2-35M,pert35m_p2,ESM2-35M,500,0,21,valid,,
ESM2-35M,pert35m_p2,ESM2-35M,500,0,22,valid,,
ESM2-35M,pert35m_p2,ESM2-35M,500,0,23,valid,,
ESM2-35M,pert35m_p2,ESM2-35M,500,0,24,valid,,
ESM2-35M,pert35m_p2,ESM2-35M,500,0,25,valid,0.5776,4.1737
ESM2-35M,pert35m_p2,ESM2-35M,500,0,26,valid,,
ESM2-35M,pert35m_p2,ESM2-35M,500,0,27,valid,,
ESM2-35M,pert35m_p2,ESM2-35M,500,0,28,valid,,
ESM2-35M,pert35m_p2,ESM2-35M,500,0,29,valid,,
ESM2-35M,pert35m_p2,ESM2-35M,500,0,30,valid,0.5817,4.1609
ESM2-35M,pert35m_p2,ESM2-35M,500,0,31,valid,,
ESM2-35M,pert35m_p2,ESM2-35M,500,0,32,valid,,
ESM2-35M,pert35m_p2,ESM2-35M,500,0,33,valid,,
ESM2-35M,pert35m_p2,ESM2-35M,500,0,34,valid,,
ESM2-35M,pert35m_p2,ESM2-35M,500,0,35,valid,0.5747,4.2184
ESM2-35M,pert35m_p2,ESM2-35M,500,0,36,valid,,
ESM2-35M,pert35m_p2,ESM2-35M,500,0,37,valid,,
ESM2-35M,pert35m_p2,ESM2-35M,500,0,38,valid,,
ESM2-35M,pert35m_p2,ESM2-35M,500,0,39,valid,,
ESM2-35M,pert35m_p2,ESM2-35M,500,0,40,valid,0.5705,4.1376
ESM2-35M,pert35m_p2,ESM2-35M,500,0,final,test,0.4971,4.3479
ESM2-35M,pert35m_p2,ESM2-35M,500,1,1,valid,0.2126,5.5101
ESM2-35M,pert35m_p2,ESM2-35M,500,1,2,valid,,
ESM2-35M,pert35m_p2,ESM2-35M,500,1,3,valid,,
ESM2-35M,pert35m_p2,ESM2-35M,500,1,4,valid,,
ESM2-35M,pert35m_p2,ESM2-35M,500,1,5,valid,0.4550,5.3424
ESM2-35M,pert35m_p2,ESM2-35M,500,1,6,valid,,
ESM2-35M,pert35m_p2,ESM2-35M,500,1,7,valid,,
ESM2-35M,pert35m_p2,ESM2-35M,500,1,8,valid,,
ESM2-35M,pert35m_p2,ESM2-35M,500,1,9,valid,,
ESM2-35M,pert35m_p2,ESM2-35M,500,1,10,valid,0.5046,4.3777
ESM2-35M,pert35m_p2,ESM2-35M,500,1,11,valid,,
ESM2-35M,pert35m_p2,ESM2-35M,500,1,12,valid,,
ESM2-35M,pert35m_p2,ESM2-35M,500,1,13,valid,,
ESM2-35M,pert35m_p2,ESM2-35M,500,1,14,valid,,
ESM2-35M,pert35m_p2,ESM2-35M,500,1,15,valid,0.5191,4.5903
ESM2-35M,pert35m_p2,ESM2-35M,500,1,16,valid,,
ESM2-35M,pert35m_p2,ESM2-35M,500,1,17,valid,,
ESM2-35M,pert35m_p2,ESM2-35M,500,1,18,valid,,
ESM2-35M,pert35m_p2,ESM2-35M,500,1,19,valid,,
ESM2-35M,pert35m_p2,ESM2-35M,500,1,20,valid,0.5349,4.6736
ESM2-35M,pert35m_p2,ESM2-35M,500,1,21,valid,,
ESM2-35M,pert35m_p2,ESM2-35M,500,1,22,valid,,
ESM2-35M,pert35m_p2,ESM2-35M,500,1,23,valid,,
ESM2-35M,pert35m_p2,ESM2-35M,500,1,24,valid,,
ESM2-35M,pert35m_p2,ESM2-35M,500,1,25,valid,0.5333,4.2204
ESM2-35M,pert35m_p2,ESM2-35M,500,1,26,valid,,
ESM2-35M,pert35m_p2,ESM2-35M,500,1,27,valid,,
ESM2-35M,pert35m_p2,ESM2-35M,500,1,28,valid,,
ESM2-35M,pert35m_p2,ESM2-35M,500,1,29,valid,,
ESM2-35M,pert35m_p2,ESM2-35M,500,1,30,valid,0.5255,4.3022
ESM2-35M,pert35m_p2,ESM2-35M,500,1,31,valid,,
ESM2-35M,pert35m_p2,ESM2-35M,500,1,32,valid,,
ESM2-35M,pert35m_p2,ESM2-35M,500,1,33,valid,,
ESM2-35M,pert35m_p2,ESM2-35M,500,1,34,valid,,
ESM2-35M,pert35m_p2,ESM2-35M,500,1,35,valid,0.5277,4.3391
ESM2-35M,pert35m_p2,ESM2-35M,500,1,36,valid,,
ESM2-35M,pert35m_p2,ESM2-35M,500,1,37,valid,,
ESM2-35M,pert35m_p2,ESM2-35M,500,1,38,valid,,
ESM2-35M,pert35m_p2,ESM2-35M,500,1,39,valid,,
ESM2-35M,pert35m_p2,ESM2-35M,500,1,40,valid,0.5234,4.3159
ESM2-35M,pert35m_p2,ESM2-35M,500,1,final,test,0.5794,4.5661
ESM2-35M,pert35m_p2,ESM2-35M,500,2,1,valid,0.1977,6.5091
ESM2-35M,pert35m_p2,ESM2-35M,500,2,2,valid,,
ESM2-35M,pert35m_p2,ESM2-35M,500,2,3,valid,,
ESM2-35M,pert35m_p2,ESM2-35M,500,2,4,valid,,
ESM2-35M,pert35m_p2,ESM2-35M,500,2,5,valid,0.4187,4.9678
ESM2-35M,pert35m_p2,ESM2-35M,500,2,6,valid,,
ESM2-35M,pert35m_p2,ESM2-35M,500,2,7,valid,,
ESM2-35M,pert35m_p2,ESM2-35M,500,2,8,valid,,
ESM2-35M,pert35m_p2,ESM2-35M,500,2,9,valid,,
ESM2-35M,pert35m_p2,ESM2-35M,500,2,10,valid,0.4933,4.4708
ESM2-35M,pert35m_p2,ESM2-35M,500,2,11,valid,,
ESM2-35M,pert35m_p2,ESM2-35M,500,2,12,valid,,
ESM2-35M,pert35m_p2,ESM2-35M,500,2,13,valid,,
ESM2-35M,pert35m_p2,ESM2-35M,500,2,14,valid,,
ESM2-35M,pert35m_p2,ESM2-35M,500,2,15,valid,0.5063,4.1714
ESM2-35M,pert35m_p2,ESM2-35M,500,2,16,valid,,
ESM2-35M,pert35m_p2,ESM2-35M,500,2,17,valid,,
ESM2-35M,pert35m_p2,ESM2-35M,500,2,18,valid,,
ESM2-35M,pert35m_p2,ESM2-35M,500,2,19,valid,,
ESM2-35M,pert35m_p2,ESM2-35M,500,2,20,valid,0.5152,4.5298
ESM2-35M,pert35m_p2,ESM2-35M,500,2,21,valid,,
ESM2-35M,pert35m_p2,ESM2-35M,500,2,22,valid,,
ESM2-35M,pert35m_p2,ESM2-35M,500,2,23,valid,,
ESM2-35M,pert35m_p2,ESM2-35M,500,2,24,valid,,
ESM2-35M,pert35m_p2,ESM2-35M,500,2,25,valid,0.5225,4.4308
ESM2-35M,pert35m_p2,ESM2-35M,500,2,26,valid,,
ESM2-35M,pert35m_p2,ESM2-35M,500,2,27,valid,,
ESM2-35M,pert35m_p2,ESM2-35M,500,2,28,valid,,
ESM2-35M,pert35m_p2,ESM2-35M,500,2,29,valid,,
ESM2-35M,pert35m_p2,ESM2-35M,500,2,30,valid,0.5204,4.4731
ESM2-35M,pert35m_p2,ESM2-35M,500,2,31,valid,,
ESM2-35M,pert35m_p2,ESM2-35M,500,2,32,valid,,
ESM2-35M,pert35m_p2,ESM2-35M,500,2,33,valid,,
ESM2-35M,pert35m_p2,ESM2-35M,500,2,34,valid,,
ESM2-35M,pert35m_p2,ESM2-35M,500,2,35,valid,0.5089,4.4838
ESM2-35M,pert35m_p2,ESM2-35M,500,2,36,valid,,
ESM2-35M,pert35m_p2,ESM2-35M,500,2,37,valid,,
ESM2-35M,pert35m_p2,ESM2-35M,500,2,38,valid,,
ESM2-35M,pert35m_p2,ESM2-35M,500,2,39,valid,,
ESM2-35M,pert35m_p2,ESM2-35M,500,2,40,valid,0.5086,4.3927
ESM2-35M,pert35m_p2,ESM2-35M,500,2,final,test,0.5224,4.5461
ESM2-35M,pert35m_p3,ESM2-35M,500,0,1,valid,0.2294,6.0116
ESM2-35M,pert35m_p3,ESM2-35M,500,0,2,valid,,
ESM2-35M,pert35m_p3,ESM2-35M,500,0,3,valid,,
ESM2-35M,pert35m_p3,ESM2-35M,500,0,4,valid,,
ESM2-35M,pert35m_p3,ESM2-35M,500,0,5,valid,0.4728,4.4526
ESM2-35M,pert35m_p3,ESM2-35M,500,0,6,valid,,
ESM2-35M,pert35m_p3,ESM2-35M,500,0,7,valid,,
ESM2-35M,pert35m_p3,ESM2-35M,500,0,8,valid,,
ESM2-35M,pert35m_p3,ESM2-35M,500,0,9,valid,,
ESM2-35M,pert35m_p3,ESM2-35M,500,0,10,valid,0.5457,3.7136
ESM2-35M,pert35m_p3,ESM2-35M,500,0,11,valid,,
ESM2-35M,pert35m_p3,ESM2-35M,500,0,12,valid,,
ESM2-35M,pert35m_p3,ESM2-35M,500,0,13,valid,,
ESM2-35M,pert35m_p3,ESM2-35M,500,0,14,valid,,
ESM2-35M,pert35m_p3,ESM2-35M,500,0,15,valid,0.5643,4.4760
ESM2-35M,pert35m_p3,ESM2-35M,500,0,16,valid,,
ESM2-35M,pert35m_p3,ESM2-35M,500,0,17,valid,,
ESM2-35M,pert35m_p3,ESM2-35M,500,0,18,valid,,
ESM2-35M,pert35m_p3,ESM2-35M,500,0,19,valid,,
ESM2-35M,pert35m_p3,ESM2-35M,500,0,20,valid,0.5900,4.2953
ESM2-35M,pert35m_p3,ESM2-35M,500,0,21,valid,,
ESM2-35M,pert35m_p3,ESM2-35M,500,0,22,valid,,
ESM2-35M,pert35m_p3,ESM2-35M,500,0,23,valid,,
ESM2-35M,pert35m_p3,ESM2-35M,500,0,24,valid,,
ESM2-35M,pert35m_p3,ESM2-35M,500,0,25,valid,0.5810,4.1167
ESM2-35M,pert35m_p3,ESM2-35M,500,0,26,valid,,
ESM2-35M,pert35m_p3,ESM2-35M,500,0,27,valid,,
ESM2-35M,pert35m_p3,ESM2-35M,500,0,28,valid,,
ESM2-35M,pert35m_p3,ESM2-35M,500,0,29,valid,,
ESM2-35M,pert35m_p3,ESM2-35M,500,0,30,valid,0.5766,4.0766
ESM2-35M,pert35m_p3,ESM2-35M,500,0,31,valid,,
ESM2-35M,pert35m_p3,ESM2-35M,500,0,32,valid,,
ESM2-35M,pert35m_p3,ESM2-35M,500,0,33,valid,,
ESM2-35M,pert35m_p3,ESM2-35M,500,0,34,valid,,
ESM2-35M,pert35m_p3,ESM2-35M,500,0,35,valid,0.5772,4.1999
ESM2-35M,pert35m_p3,ESM2-35M,500,0,36,valid,,
ESM2-35M,pert35m_p3,ESM2-35M,500,0,37,valid,,
ESM2-35M,pert35m_p3,ESM2-35M,500,0,38,valid,,
ESM2-35M,pert35m_p3,ESM2-35M,500,0,39,valid,,
ESM2-35M,pert35m_p3,ESM2-35M,500,0,40,valid,0.5696,4.2023
ESM2-35M,pert35m_p3,ESM2-35M,500,0,final,test,0.5061,4.5105
ESM2-35M,pert35m_p3,ESM2-35M,500,1,1,valid,0.2299,5.4190
ESM2-35M,pert35m_p3,ESM2-35M,500,1,2,valid,,
ESM2-35M,pert35m_p3,ESM2-35M,500,1,3,valid,,
ESM2-35M,pert35m_p3,ESM2-35M,500,1,4,valid,,
ESM2-35M,pert35m_p3,ESM2-35M,500,1,5,valid,0.4513,5.8114
ESM2-35M,pert35m_p3,ESM2-35M,500,1,6,valid,,
ESM2-35M,pert35m_p3,ESM2-35M,500,1,7,valid,,
ESM2-35M,pert35m_p3,ESM2-35M,500,1,8,valid,,
ESM2-35M,pert35m_p3,ESM2-35M,500,1,9,valid,,
ESM2-35M,pert35m_p3,ESM2-35M,500,1,10,valid,0.4877,4.8106
ESM2-35M,pert35m_p3,ESM2-35M,500,1,11,valid,,
ESM2-35M,pert35m_p3,ESM2-35M,500,1,12,valid,,
ESM2-35M,pert35m_p3,ESM2-35M,500,1,13,valid,,
ESM2-35M,pert35m_p3,ESM2-35M,500,1,14,valid,,
ESM2-35M,pert35m_p3,ESM2-35M,500,1,15,valid,0.5231,4.6693
ESM2-35M,pert35m_p3,ESM2-35M,500,1,16,valid,,
ESM2-35M,pert35m_p3,ESM2-35M,500,1,17,valid,,
ESM2-35M,pert35m_p3,ESM2-35M,500,1,18,valid,,
ESM2-35M,pert35m_p3,ESM2-35M,500,1,19,valid,,
ESM2-35M,pert35m_p3,ESM2-35M,500,1,20,valid,0.5256,4.8997
ESM2-35M,pert35m_p3,ESM2-35M,500,1,21,valid,,
ESM2-35M,pert35m_p3,ESM2-35M,500,1,22,valid,,
ESM2-35M,pert35m_p3,ESM2-35M,500,1,23,valid,,
ESM2-35M,pert35m_p3,ESM2-35M,500,1,24,valid,,
ESM2-35M,pert35m_p3,ESM2-35M,500,1,25,valid,0.5190,4.2742
ESM2-35M,pert35m_p3,ESM2-35M,500,1,26,valid,,
ESM2-35M,pert35m_p3,ESM2-35M,500,1,27,valid,,
ESM2-35M,pert35m_p3,ESM2-35M,500,1,28,valid,,
ESM2-35M,pert35m_p3,ESM2-35M,500,1,29,valid,,
ESM2-35M,pert35m_p3,ESM2-35M,500,1,30,valid,0.5210,4.3818
ESM2-35M,pert35m_p3,ESM2-35M,500,1,31,valid,,
ESM2-35M,pert35m_p3,ESM2-35M,500,1,32,valid,,
ESM2-35M,pert35m_p3,ESM2-35M,500,1,33,valid,,
ESM2-35M,pert35m_p3,ESM2-35M,500,1,34,valid,,
ESM2-35M,pert35m_p3,ESM2-35M,500,1,35,valid,0.5129,4.4232
ESM2-35M,pert35m_p3,ESM2-35M,500,1,36,valid,,
ESM2-35M,pert35m_p3,ESM2-35M,500,1,37,valid,,
ESM2-35M,pert35m_p3,ESM2-35M,500,1,38,valid,,
ESM2-35M,pert35m_p3,ESM2-35M,500,1,39,valid,,
ESM2-35M,pert35m_p3,ESM2-35M,500,1,40,valid,0.5150,4.3851
ESM2-35M,pert35m_p3,ESM2-35M,500,1,final,test,0.5828,4.6297
ESM2-35M,pert35m_p3,ESM2-35M,500,2,1,valid,0.2039,5.4847
ESM2-35M,pert35m_p3,ESM2-35M,500,2,2,valid,,
ESM2-35M,pert35m_p3,ESM2-35M,500,2,3,valid,,
ESM2-35M,pert35m_p3,ESM2-35M,500,2,4,valid,,
ESM2-35M,pert35m_p3,ESM2-35M,500,2,5,valid,0.4090,4.8311
ESM2-35M,pert35m_p3,ESM2-35M,500,2,6,valid,,
ESM2-35M,pert35m_p3,ESM2-35M,500,2,7,valid,,
ESM2-35M,pert35m_p3,ESM2-35M,500,2,8,valid,,
ESM2-35M,pert35m_p3,ESM2-35M,500,2,9,valid,,
ESM2-35M,pert35m_p3,ESM2-35M,500,2,10,valid,0.4804,4.1759
ESM2-35M,pert35m_p3,ESM2-35M,500,2,11,valid,,
ESM2-35M,pert35m_p3,ESM2-35M,500,2,12,valid,,
ESM2-35M,pert35m_p3,ESM2-35M,500,2,13,valid,,
ESM2-35M,pert35m_p3,ESM2-35M,500,2,14,valid,,
ESM2-35M,pert35m_p3,ESM2-35M,500,2,15,valid,0.4920,4.5684
ESM2-35M,pert35m_p3,ESM2-35M,500,2,16,valid,,
ESM2-35M,pert35m_p3,ESM2-35M,500,2,17,valid,,
ESM2-35M,pert35m_p3,ESM2-35M,500,2,18,valid,,
ESM2-35M,pert35m_p3,ESM2-35M,500,2,19,valid,,
ESM2-35M,pert35m_p3,ESM2-35M,500,2,20,valid,0.4859,4.4916
ESM2-35M,pert35m_p3,ESM2-35M,500,2,21,valid,,
ESM2-35M,pert35m_p3,ESM2-35M,500,2,22,valid,,
ESM2-35M,pert35m_p3,ESM2-35M,500,2,23,valid,,
ESM2-35M,pert35m_p3,ESM2-35M,500,2,24,valid,,
ESM2-35M,pert35m_p3,ESM2-35M,500,2,25,valid,0.5157,4.3572
ESM2-35M,pert35m_p3,ESM2-35M,500,2,26,valid,,
ESM2-35M,pert35m_p3,ESM2-35M,500,2,27,valid,,
ESM2-35M,pert35m_p3,ESM2-35M,500,2,28,valid,,
ESM2-35M,pert35m_p3,ESM2-35M,500,2,29,valid,,
ESM2-35M,pert35m_p3,ESM2-35M,500,2,30,valid,0.5052,4.3633
ESM2-35M,pert35m_p3,ESM2-35M,500,2,31,valid,,
ESM2-35M,pert35m_p3,ESM2-35M,500,2,32,valid,,
ESM2-35M,pert35m_p3,ESM2-35M,500,2,33,valid,,
ESM2-35M,pert35m_p3,ESM2-35M,500,2,34,valid,,
ESM2-35M,pert35m_p3,ESM2-35M,500,2,35,valid,0.5028,4.4312
ESM2-35M,pert35m_p3,ESM2-35M,500,2,36,valid,,
ESM2-35M,pert35m_p3,ESM2-35M,500,2,37,valid,,
ESM2-35M,pert35m_p3,ESM2-35M,500,2,38,valid,,
ESM2-35M,pert35m_p3,ESM2-35M,500,2,39,valid,,
ESM2-35M,pert35m_p3,ESM2-35M,500,2,40,valid,0.5027,4.3910
ESM2-35M,pert35m_p3,ESM2-35M,500,2,final,test,0.5191,4.4062
ESM2-35M,pert35m_p4,ESM2-35M,500,0,1,valid,0.2383,5.0504
ESM2-35M,pert35m_p4,ESM2-35M,500,0,2,valid,,
ESM2-35M,pert35m_p4,ESM2-35M,500,0,3,valid,,
ESM2-35M,pert35m_p4,ESM2-35M,500,0,4,valid,,
ESM2-35M,pert35m_p4,ESM2-35M,500,0,5,valid,0.4655,4.7085
ESM2-35M,pert35m_p4,ESM2-35M,500,0,6,valid,,
ESM2-35M,pert35m_p4,ESM2-35M,500,0,7,valid,,
ESM2-35M,pert35m_p4,ESM2-35M,500,0,8,valid,,
ESM2-35M,pert35m_p4,ESM2-35M,500,0,9,valid,,
ESM2-35M,pert35m_p4,ESM2-35M,500,0,10,valid,0.5428,3.9566
ESM2-35M,pert35m_p4,ESM2-35M,500,0,11,valid,,
ESM2-35M,pert35m_p4,ESM2-35M,500,0,12,valid,,
ESM2-35M,pert35m_p4,ESM2-35M,500,0,13,valid,,
ESM2-35M,pert35m_p4,ESM2-35M,500,0,14,valid,,
ESM2-35M,pert35m_p4,ESM2-35M,500,0,15,valid,0.5645,4.5716
ESM2-35M,pert35m_p4,ESM2-35M,500,0,16,valid,,
ESM2-35M,pert35m_p4,ESM2-35M,500,0,17,valid,,
ESM2-35M,pert35m_p4,ESM2-35M,500,0,18,valid,,
ESM2-35M,pert35m_p4,ESM2-35M,500,0,19,valid,,
ESM2-35M,pert35m_p4,ESM2-35M,500,0,20,valid,0.5792,4.1464
ESM2-35M,pert35m_p4,ESM2-35M,500,0,21,valid,,
ESM2-35M,pert35m_p4,ESM2-35M,500,0,22,valid,,
ESM2-35M,pert35m_p4,ESM2-35M,500,0,23,valid,,
ESM2-35M,pert35m_p4,ESM2-35M,500,0,24,valid,,
ESM2-35M,pert35m_p4,ESM2-35M,500,0,25,valid,0.5693,4.1930
ESM2-35M,pert35m_p4,ESM2-35M,500,0,26,valid,,
ESM2-35M,pert35m_p4,ESM2-35M,500,0,27,valid,,
ESM2-35M,pert35m_p4,ESM2-35M,500,0,28,valid,,
ESM2-35M,pert35m_p4,ESM2-35M,500,0,29,valid,,
ESM2-35M,pert35m_p4,ESM2-35M,500,0,30,valid,0.5757,4.1432
ESM2-35M,pert35m_p4,ESM2-35M,500,0,31,valid,,
ESM2-35M,pert35m_p4,ESM2-35M,500,0,32,valid,,
ESM2-35M,pert35m_p4,ESM2-35M,500,0,33,valid,,
ESM2-35M,pert35m_p4,ESM2-35M,500,0,34,valid,,
ESM2-35M,pert35m_p4,ESM2-35M,500,0,35,valid,0.5731,4.2663
ESM2-35M,pert35m_p4,ESM2-35M,500,0,36,valid,,
ESM2-35M,pert35m_p4,ESM2-35M,500,0,37,valid,,
ESM2-35M,pert35m_p4,ESM2-35M,500,0,38,valid,,
ESM2-35M,pert35m_p4,ESM2-35M,500,0,39,valid,,
ESM2-35M,pert35m_p4,ESM2-35M,500,0,40,valid,0.5715,4.2448
ESM2-35M,pert35m_p4,ESM2-35M,500,0,final,test,0.4993,4.3340
ESM2-35M,pert35m_p4,ESM2-35M,500,1,1,valid,0.1985,5.3637
ESM2-35M,pert35m_p4,ESM2-35M,500,1,2,valid,,
ESM2-35M,pert35m_p4,ESM2-35M,500,1,3,valid,,
ESM2-35M,pert35m_p4,ESM2-35M,500,1,4,valid,,
ESM2-35M,pert35m_p4,ESM2-35M,500,1,5,valid,0.4671,5.3614
ESM2-35M,pert35m_p4,ESM2-35M,500,1,6,valid,,
ESM2-35M,pert35m_p4,ESM2-35M,500,1,7,valid,,
ESM2-35M,pert35m_p4,ESM2-35M,500,1,8,valid,,
ESM2-35M,pert35m_p4,ESM2-35M,500,1,9,valid,,
ESM2-35M,pert35m_p4,ESM2-35M,500,1,10,valid,0.5098,4.5298
ESM2-35M,pert35m_p4,ESM2-35M,500,1,11,valid,,
ESM2-35M,pert35m_p4,ESM2-35M,500,1,12,valid,,
ESM2-35M,pert35m_p4,ESM2-35M,500,1,13,valid,,
ESM2-35M,pert35m_p4,ESM2-35M,500,1,14,valid,,
ESM2-35M,pert35m_p4,ESM2-35M,500,1,15,valid,0.5258,4.7148
ESM2-35M,pert35m_p4,ESM2-35M,500,1,16,valid,,
ESM2-35M,pert35m_p4,ESM2-35M,500,1,17,valid,,
ESM2-35M,pert35m_p4,ESM2-35M,500,1,18,valid,,
ESM2-35M,pert35m_p4,ESM2-35M,500,1,19,valid,,
ESM2-35M,pert35m_p4,ESM2-35M,500,1,20,valid,0.5413,4.7696
ESM2-35M,pert35m_p4,ESM2-35M,500,1,21,valid,,
ESM2-35M,pert35m_p4,ESM2-35M,500,1,22,valid,,
ESM2-35M,pert35m_p4,ESM2-35M,500,1,23,valid,,
ESM2-35M,pert35m_p4,ESM2-35M,500,1,24,valid,,
ESM2-35M,pert35m_p4,ESM2-35M,500,1,25,valid,0.5404,4.4273
ESM2-35M,pert35m_p4,ESM2-35M,500,1,26,valid,,
ESM2-35M,pert35m_p4,ESM2-35M,500,1,27,valid,,
ESM2-35M,pert35m_p4,ESM2-35M,500,1,28,valid,,
ESM2-35M,pert35m_p4,ESM2-35M,500,1,29,valid,,
ESM2-35M,pert35m_p4,ESM2-35M,500,1,30,valid,0.5438,4.4515
ESM2-35M,pert35m_p4,ESM2-35M,500,1,31,valid,,
ESM2-35M,pert35m_p4,ESM2-35M,500,1,32,valid,,
ESM2-35M,pert35m_p4,ESM2-35M,500,1,33,valid,,
ESM2-35M,pert35m_p4,ESM2-35M,500,1,34,valid,,
ESM2-35M,pert35m_p4,ESM2-35M,500,1,35,valid,0.5457,4.5305
ESM2-35M,pert35m_p4,ESM2-35M,500,1,36,valid,,
ESM2-35M,pert35m_p4,ESM2-35M,500,1,37,valid,,
ESM2-35M,pert35m_p4,ESM2-35M,500,1,38,valid,,
ESM2-35M,pert35m_p4,ESM2-35M,500,1,39,valid,,
ESM2-35M,pert35m_p4,ESM2-35M,500,1,40,valid,0.5414,4.4823
ESM2-35M,pert35m_p4,ESM2-35M,500,1,final,test,0.6004,4.3214
ESM2-35M,pert35m_p4,ESM2-35M,500,2,1,valid,0.2475,5.6242
ESM2-35M,pert35m_p4,ESM2-35M,500,2,2,valid,,
ESM2-35M,pert35m_p4,ESM2-35M,500,2,3,valid,,
ESM2-35M,pert35m_p4,ESM2-35M,500,2,4,valid,,
ESM2-35M,pert35m_p4,ESM2-35M,500,2,5,valid,0.4224,4.5334
ESM2-35M,pert35m_p4,ESM2-35M,500,2,6,valid,,
ESM2-35M,pert35m_p4,ESM2-35M,500,2,7,valid,,
ESM2-35M,pert35m_p4,ESM2-35M,500,2,8,valid,,
ESM2-35M,pert35m_p4,ESM2-35M,500,2,9,valid,,
ESM2-35M,pert35m_p4,ESM2-35M,500,2,10,valid,0.4839,4.2873
ESM2-35M,pert35m_p4,ESM2-35M,500,2,11,valid,,
ESM2-35M,pert35m_p4,ESM2-35M,500,2,12,valid,,
ESM2-35M,pert35m_p4,ESM2-35M,500,2,13,valid,,
ESM2-35M,pert35m_p4,ESM2-35M,500,2,14,valid,,
ESM2-35M,pert35m_p4,ESM2-35M,500,2,15,valid,0.4858,4.1656
ESM2-35M,pert35m_p4,ESM2-35M,500,2,16,valid,,
ESM2-35M,pert35m_p4,ESM2-35M,500,2,17,valid,,
ESM2-35M,pert35m_p4,ESM2-35M,500,2,18,valid,,
ESM2-35M,pert35m_p4,ESM2-35M,500,2,19,valid,,
ESM2-35M,pert35m_p4,ESM2-35M,500,2,20,valid,0.5082,4.4068
ESM2-35M,pert35m_p4,ESM2-35M,500,2,21,valid,,
ESM2-35M,pert35m_p4,ESM2-35M,500,2,22,valid,,
ESM2-35M,pert35m_p4,ESM2-35M,500,2,23,valid,,
ESM2-35M,pert35m_p4,ESM2-35M,500,2,24,valid,,
ESM2-35M,pert35m_p4,ESM2-35M,500,2,25,valid,0.5099,4.2268
ESM2-35M,pert35m_p4,ESM2-35M,500,2,26,valid,,
ESM2-35M,pert35m_p4,ESM2-35M,500,2,27,valid,,
ESM2-35M,pert35m_p4,ESM2-35M,500,2,28,valid,,
ESM2-35M,pert35m_p4,ESM2-35M,500,2,29,valid,,
ESM2-35M,pert35m_p4,ESM2-35M,500,2,30,valid,0.5036,4.2967
ESM2-35M,pert35m_p4,ESM2-35M,500,2,31,valid,,
ESM2-35M,pert35m_p4,ESM2-35M,500,2,32,valid,,
ESM2-35M,pert35m_p4,ESM2-35M,500,2,33,valid,,
ESM2-35M,pert35m_p4,ESM2-35M,500,2,34,valid,,
ESM2-35M,pert35m_p4,ESM2-35M,500,2,35,valid,0.4971,4.2616
ESM2-35M,pert35m_p4,ESM2-35M,500,2,36,valid,,
ESM2-35M,pert35m_p4,ESM2-35M,500,2,37,valid,,
ESM2-35M,pert35m_p4,ESM2-35M,500,2,38,valid,,
ESM2-35M,pert35m_p4,ESM2-35M,500,2,39,valid,,
ESM2-35M,pert35m_p4,ESM2-35M,500,2,40,valid,0.4967,4.2046
ESM2-35M,pert35m_p4,ESM2-35M,500,2,final,test,0.5236,4.3254
cb37(seed42),cb37_3000_base,ESM2-650M,3000,42,1,valid,0.7274,4.0328
cb37(seed42),cb37_3000_base,ESM2-650M,3000,42,2,valid,,
cb37(seed42),cb37_3000_base,ESM2-650M,3000,42,3,valid,,
cb37(seed42),cb37_3000_base,ESM2-650M,3000,42,4,valid,,
cb37(seed42),cb37_3000_base,ESM2-650M,3000,42,5,valid,0.8652,2.6225
cb37(seed42),cb37_3000_base,ESM2-650M,3000,42,6,valid,,
cb37(seed42),cb37_3000_base,ESM2-650M,3000,42,7,valid,,
cb37(seed42),cb37_3000_base,ESM2-650M,3000,42,8,valid,,
cb37(seed42),cb37_3000_base,ESM2-650M,3000,42,9,valid,,
cb37(seed42),cb37_3000_base,ESM2-650M,3000,42,10,valid,0.8685,2.5425
cb37(seed42),cb37_3000_base,ESM2-650M,3000,42,final,test,0.8709,2.6528
cb37(seed42),cb37_3000_soft,ESM2-650M,3000,42,1,valid,0.6607,4.3551
cb37(seed42),cb37_3000_soft,ESM2-650M,3000,42,2,valid,,
cb37(seed42),cb37_3000_soft,ESM2-650M,3000,42,3,valid,,
cb37(seed42),cb37_3000_soft,ESM2-650M,3000,42,4,valid,,
cb37(seed42),cb37_3000_soft,ESM2-650M,3000,42,5,valid,0.8605,2.7083
cb37(seed42),cb37_3000_soft,ESM2-650M,3000,42,6,valid,,
cb37(seed42),cb37_3000_soft,ESM2-650M,3000,42,7,valid,,
cb37(seed42),cb37_3000_soft,ESM2-650M,3000,42,8,valid,,
cb37(seed42),cb37_3000_soft,ESM2-650M,3000,42,9,valid,,
cb37(seed42),cb37_3000_soft,ESM2-650M,3000,42,10,valid,0.8666,2.5610
cb37(seed42),cb37_3000_soft,ESM2-650M,3000,42,final,test,0.8675,2.6743
cb37(seed42),cb37_3000_perturb,ESM2-650M,3000,42,1,valid,0.6719,4.3888
cb37(seed42),cb37_3000_perturb,ESM2-650M,3000,42,2,valid,,
cb37(seed42),cb37_3000_perturb,ESM2-650M,3000,42,3,valid,,
cb37(seed42),cb37_3000_perturb,ESM2-650M,3000,42,4,valid,,
cb37(seed42),cb37_3000_perturb,ESM2-650M,3000,42,5,valid,0.8574,2.7199
cb37(seed42),cb37_3000_perturb,ESM2-650M,3000,42,6,valid,,
cb37(seed42),cb37_3000_perturb,ESM2-650M,3000,42,7,valid,,
cb37(seed42),cb37_3000_perturb,ESM2-650M,3000,42,8,valid,,
cb37(seed42),cb37_3000_perturb,ESM2-650M,3000,42,9,valid,,
cb37(seed42),cb37_3000_perturb,ESM2-650M,3000,42,10,valid,0.8597,2.6094
cb37(seed42),cb37_3000_perturb,ESM2-650M,3000,42,final,test,0.8704,2.7050
cb37(seed42),cb37_3000_staticbias,ESM2-650M,3000,42,1,valid,0.6749,4.8145
cb37(seed42),cb37_3000_staticbias,ESM2-650M,3000,42,2,valid,,
cb37(seed42),cb37_3000_staticbias,ESM2-650M,3000,42,3,valid,,
cb37(seed42),cb37_3000_staticbias,ESM2-650M,3000,42,4,valid,,
cb37(seed42),cb37_3000_staticbias,ESM2-650M,3000,42,5,valid,0.8584,2.7118
cb37(seed42),cb37_3000_staticbias,ESM2-650M,3000,42,6,valid,,
cb37(seed42),cb37_3000_staticbias,ESM2-650M,3000,42,7,valid,,
cb37(seed42),cb37_3000_staticbias,ESM2-650M,3000,42,8,valid,,
cb37(seed42),cb37_3000_staticbias,ESM2-650M,3000,42,9,valid,,
cb37(seed42),cb37_3000_staticbias,ESM2-650M,3000,42,10,valid,0.8586,2.5557
cb37(seed42),cb37_3000_staticbias,ESM2-650M,3000,42,final,test,0.8723,2.6559
cb37(seed42),cb37_3000_physloss,ESM2-650M,3000,42,1,valid,0.7236,4.0234
cb37(seed42),cb37_3000_physloss,ESM2-650M,3000,42,2,valid,,
cb37(seed42),cb37_3000_physloss,ESM2-650M,3000,42,3,valid,,
cb37(seed42),cb37_3000_physloss,ESM2-650M,3000,42,4,valid,,
cb37(seed42),cb37_3000_physloss,ESM2-650M,3000,42,5,valid,0.8682,2.6186
cb37(seed42),cb37_3000_physloss,ESM2-650M,3000,42,6,valid,,
cb37(seed42),cb37_3000_physloss,ESM2-650M,3000,42,7,valid,,
cb37(seed42),cb37_3000_physloss,ESM2-650M,3000,42,8,valid,,
cb37(seed42),cb37_3000_physloss,ESM2-650M,3000,42,9,valid,,
cb37(seed42),cb37_3000_physloss,ESM2-650M,3000,42,10,valid,0.8636,2.5601
cb37(seed42),cb37_3000_physloss,ESM2-650M,3000,42,final,test,0.8754,2.7356
cb37(seed42),cb37_3000_soft_bs1,ESM2-650M,3000,42,1,valid,0.6724,4.7816
cb37(seed42),cb37_3000_soft_bs1,ESM2-650M,3000,42,2,valid,,
cb37(seed42),cb37_3000_soft_bs1,ESM2-650M,3000,42,3,valid,,
cb37(seed42),cb37_3000_soft_bs1,ESM2-650M,3000,42,4,valid,,
cb37(seed42),cb37_3000_soft_bs1,ESM2-650M,3000,42,5,valid,0.8540,2.9001
cb37(seed42),cb37_3000_soft_bs1,ESM2-650M,3000,42,6,valid,,
cb37(seed42),cb37_3000_soft_bs1,ESM2-650M,3000,42,7,valid,,
cb37(seed42),cb37_3000_soft_bs1,ESM2-650M,3000,42,8,valid,,
cb37(seed42),cb37_3000_soft_bs1,ESM2-650M,3000,42,9,valid,,
cb37(seed42),cb37_3000_soft_bs1,ESM2-650M,3000,42,10,valid,0.8566,2.6996
cb37(seed42),cb37_3000_soft_bs1,ESM2-650M,3000,42,final,test,0.8649,2.7753
cb37(seed42),cb37_1500_base,ESM2-650M,1500,42,1,valid,0.5513,3.9035
cb37(seed42),cb37_1500_base,ESM2-650M,1500,42,2,valid,,
cb37(seed42),cb37_1500_base,ESM2-650M,1500,42,3,valid,,
cb37(seed42),cb37_1500_base,ESM2-650M,1500,42,4,valid,,
cb37(seed42),cb37_1500_base,ESM2-650M,1500,42,5,valid,0.8193,3.1149
cb37(seed42),cb37_1500_base,ESM2-650M,1500,42,6,valid,,
cb37(seed42),cb37_1500_base,ESM2-650M,1500,42,7,valid,,
cb37(seed42),cb37_1500_base,ESM2-650M,1500,42,8,valid,,
cb37(seed42),cb37_1500_base,ESM2-650M,1500,42,9,valid,,
cb37(seed42),cb37_1500_base,ESM2-650M,1500,42,10,valid,0.8221,3.0181
cb37(seed42),cb37_1500_base,ESM2-650M,1500,42,final,test,0.8242,2.9138
cb37(seed42),cb37_1500_soft,ESM2-650M,1500,42,1,valid,0.5499,3.6571
cb37(seed42),cb37_1500_soft,ESM2-650M,1500,42,2,valid,,
cb37(seed42),cb37_1500_soft,ESM2-650M,1500,42,3,valid,,
cb37(seed42),cb37_1500_soft,ESM2-650M,1500,42,4,valid,,
cb37(seed42),cb37_1500_soft,ESM2-650M,1500,42,5,valid,0.8296,3.0268
cb37(seed42),cb37_1500_soft,ESM2-650M,1500,42,6,valid,,
cb37(seed42),cb37_1500_soft,ESM2-650M,1500,42,7,valid,,
cb37(seed42),cb37_1500_soft,ESM2-650M,1500,42,8,valid,,
cb37(seed42),cb37_1500_soft,ESM2-650M,1500,42,9,valid,,
cb37(seed42),cb37_1500_soft,ESM2-650M,1500,42,10,valid,0.8284,3.1262
cb37(seed42),cb37_1500_soft,ESM2-650M,1500,42,final,test,0.8308,2.9469
cb37(seed42),cb37_500_base,ESM2-650M,500,42,1,valid,0.2646,4.6994
cb37(seed42),cb37_500_base,ESM2-650M,500,42,2,valid,,
cb37(seed42),cb37_500_base,ESM2-650M,500,42,3,valid,,
cb37(seed42),cb37_500_base,ESM2-650M,500,42,4,valid,,
cb37(seed42),cb37_500_base,ESM2-650M,500,42,5,valid,0.6028,4.1267
cb37(seed42),cb37_500_base,ESM2-650M,500,42,6,valid,,
cb37(seed42),cb37_500_base,ESM2-650M,500,42,7,valid,,
cb37(seed42),cb37_500_base,ESM2-650M,500,42,8,valid,,
cb37(seed42),cb37_500_base,ESM2-650M,500,42,9,valid,,
cb37(seed42),cb37_500_base,ESM2-650M,500,42,10,valid,0.6798,3.7808
cb37(seed42),cb37_500_base,ESM2-650M,500,42,final,test,0.7039,3.8050
cb37(seed42),cb37_500_soft,ESM2-650M,500,42,1,valid,0.3283,5.3466
cb37(seed42),cb37_500_soft,ESM2-650M,500,42,2,valid,,
cb37(seed42),cb37_500_soft,ESM2-650M,500,42,3,valid,,
cb37(seed42),cb37_500_soft,ESM2-650M,500,42,4,valid,,
cb37(seed42),cb37_500_soft,ESM2-650M,500,42,5,valid,0.6126,4.3591
cb37(seed42),cb37_500_soft,ESM2-650M,500,42,6,valid,,
cb37(seed42),cb37_500_soft,ESM2-650M,500,42,7,valid,,
cb37(seed42),cb37_500_soft,ESM2-650M,500,42,8,valid,,
cb37(seed42),cb37_500_soft,ESM2-650M,500,42,9,valid,,
cb37(seed42),cb37_500_soft,ESM2-650M,500,42,10,valid,0.6595,4.0390
cb37(seed42),cb37_500_soft,ESM2-650M,500,42,final,test,0.6959,4.0329
弱骨干,notri_3000_base,ESM2-650M,3000,42,1,valid,0.4765,3.5151
弱骨干,notri_3000_base,ESM2-650M,3000,42,2,valid,,
弱骨干,notri_3000_base,ESM2-650M,3000,42,3,valid,,
弱骨干,notri_3000_base,ESM2-650M,3000,42,4,valid,,
弱骨干,notri_3000_base,ESM2-650M,3000,42,5,valid,0.6793,3.1428
弱骨干,notri_3000_base,ESM2-650M,3000,42,6,valid,,
弱骨干,notri_3000_base,ESM2-650M,3000,42,7,valid,,
弱骨干,notri_3000_base,ESM2-650M,3000,42,8,valid,,
弱骨干,notri_3000_base,ESM2-650M,3000,42,9,valid,,
弱骨干,notri_3000_base,ESM2-650M,3000,42,10,valid,0.7033,3.1049
弱骨干,notri_3000_base,ESM2-650M,3000,42,final,test,0.7159,3.2274
弱骨干,notri_3000_soft,ESM2-650M,3000,42,1,valid,0.3622,4.9498
弱骨干,notri_3000_soft,ESM2-650M,3000,42,2,valid,,
弱骨干,notri_3000_soft,ESM2-650M,3000,42,3,valid,,
弱骨干,notri_3000_soft,ESM2-650M,3000,42,4,valid,,
弱骨干,notri_3000_soft,ESM2-650M,3000,42,5,valid,0.6755,3.4087
弱骨干,notri_3000_soft,ESM2-650M,3000,42,6,valid,,
弱骨干,notri_3000_soft,ESM2-650M,3000,42,7,valid,,
弱骨干,notri_3000_soft,ESM2-650M,3000,42,8,valid,,
弱骨干,notri_3000_soft,ESM2-650M,3000,42,9,valid,,
弱骨干,notri_3000_soft,ESM2-650M,3000,42,10,valid,0.7217,2.9685
弱骨干,notri_3000_soft,ESM2-650M,3000,42,final,test,0.7241,3.0875
弱骨干,notri_3000_perturb,ESM2-650M,3000,42,1,valid,0.3653,4.5026
弱骨干,notri_3000_perturb,ESM2-650M,3000,42,2,valid,,
弱骨干,notri_3000_perturb,ESM2-650M,3000,42,3,valid,,
弱骨干,notri_3000_perturb,ESM2-650M,3000,42,4,valid,,
弱骨干,notri_3000_perturb,ESM2-650M,3000,42,5,valid,0.6695,3.3653
弱骨干,notri_3000_perturb,ESM2-650M,3000,42,6,valid,,
弱骨干,notri_3000_perturb,ESM2-650M,3000,42,7,valid,,
弱骨干,notri_3000_perturb,ESM2-650M,3000,42,8,valid,,
弱骨干,notri_3000_perturb,ESM2-650M,3000,42,9,valid,,
弱骨干,notri_3000_perturb,ESM2-650M,3000,42,10,valid,0.7097,2.9773
弱骨干,notri_3000_perturb,ESM2-650M,3000,42,final,test,0.7153,3.1188
弱骨干,weak500_base,ESM2-650M,500,0,1,valid,0.1726,5.9029
弱骨干,weak500_base,ESM2-650M,500,0,2,valid,,
弱骨干,weak500_base,ESM2-650M,500,0,3,valid,,
弱骨干,weak500_base,ESM2-650M,500,0,4,valid,,
弱骨干,weak500_base,ESM2-650M,500,0,5,valid,0.4774,4.0917
弱骨干,weak500_base,ESM2-650M,500,0,6,valid,,
弱骨干,weak500_base,ESM2-650M,500,0,7,valid,,
弱骨干,weak500_base,ESM2-650M,500,0,8,valid,,
弱骨干,weak500_base,ESM2-650M,500,0,9,valid,,
弱骨干,weak500_base,ESM2-650M,500,0,10,valid,0.5747,3.8376
弱骨干,weak500_base,ESM2-650M,500,0,11,valid,,
弱骨干,weak500_base,ESM2-650M,500,0,12,valid,,
弱骨干,weak500_base,ESM2-650M,500,0,13,valid,,
弱骨干,weak500_base,ESM2-650M,500,0,14,valid,,
弱骨干,weak500_base,ESM2-650M,500,0,15,valid,0.5917,3.7076
弱骨干,weak500_base,ESM2-650M,500,0,16,valid,,
弱骨干,weak500_base,ESM2-650M,500,0,17,valid,,
弱骨干,weak500_base,ESM2-650M,500,0,18,valid,,
弱骨干,weak500_base,ESM2-650M,500,0,19,valid,,
弱骨干,weak500_base,ESM2-650M,500,0,20,valid,0.5794,3.8429
弱骨干,weak500_base,ESM2-650M,500,0,21,valid,,
弱骨干,weak500_base,ESM2-650M,500,0,22,valid,,
弱骨干,weak500_base,ESM2-650M,500,0,23,valid,,
弱骨干,weak500_base,ESM2-650M,500,0,24,valid,,
弱骨干,weak500_base,ESM2-650M,500,0,25,valid,0.5770,3.6252
弱骨干,weak500_base,ESM2-650M,500,0,26,valid,,
弱骨干,weak500_base,ESM2-650M,500,0,27,valid,,
弱骨干,weak500_base,ESM2-650M,500,0,28,valid,,
弱骨干,weak500_base,ESM2-650M,500,0,29,valid,,
弱骨干,weak500_base,ESM2-650M,500,0,30,valid,0.5670,3.6806
弱骨干,weak500_base,ESM2-650M,500,0,31,valid,,
弱骨干,weak500_base,ESM2-650M,500,0,32,valid,,
弱骨干,weak500_base,ESM2-650M,500,0,33,valid,,
弱骨干,weak500_base,ESM2-650M,500,0,34,valid,,
弱骨干,weak500_base,ESM2-650M,500,0,35,valid,0.5668,3.7187
弱骨干,weak500_base,ESM2-650M,500,0,36,valid,,
弱骨干,weak500_base,ESM2-650M,500,0,37,valid,,
弱骨干,weak500_base,ESM2-650M,500,0,38,valid,,
弱骨干,weak500_base,ESM2-650M,500,0,39,valid,,
弱骨干,weak500_base,ESM2-650M,500,0,40,valid,0.5642,3.7198
弱骨干,weak500_base,ESM2-650M,500,0,final,test,0.5235,3.7136
弱骨干,weak500_phys,ESM2-650M,500,0,1,valid,0.2760,5.4383
弱骨干,weak500_phys,ESM2-650M,500,0,2,valid,,
弱骨干,weak500_phys,ESM2-650M,500,0,3,valid,,
弱骨干,weak500_phys,ESM2-650M,500,0,4,valid,,
弱骨干,weak500_phys,ESM2-650M,500,0,5,valid,0.3629,5.2742
弱骨干,weak500_phys,ESM2-650M,500,0,6,valid,,
弱骨干,weak500_phys,ESM2-650M,500,0,7,valid,,
弱骨干,weak500_phys,ESM2-650M,500,0,8,valid,,
弱骨干,weak500_phys,ESM2-650M,500,0,9,valid,,
弱骨干,weak500_phys,ESM2-650M,500,0,10,valid,0.5222,3.7080
弱骨干,weak500_phys,ESM2-650M,500,0,11,valid,,
弱骨干,weak500_phys,ESM2-650M,500,0,12,valid,,
弱骨干,weak500_phys,ESM2-650M,500,0,13,valid,,
弱骨干,weak500_phys,ESM2-650M,500,0,14,valid,,
弱骨干,weak500_phys,ESM2-650M,500,0,15,valid,0.5766,3.8684
弱骨干,weak500_phys,ESM2-650M,500,0,16,valid,,
弱骨干,weak500_phys,ESM2-650M,500,0,17,valid,,
弱骨干,weak500_phys,ESM2-650M,500,0,18,valid,,
弱骨干,weak500_phys,ESM2-650M,500,0,19,valid,,
弱骨干,weak500_phys,ESM2-650M,500,0,20,valid,0.5984,3.6023
弱骨干,weak500_phys,ESM2-650M,500,0,21,valid,,
弱骨干,weak500_phys,ESM2-650M,500,0,22,valid,,
弱骨干,weak500_phys,ESM2-650M,500,0,23,valid,,
弱骨干,weak500_phys,ESM2-650M,500,0,24,valid,,
弱骨干,weak500_phys,ESM2-650M,500,0,25,valid,0.5968,3.6100
弱骨干,weak500_phys,ESM2-650M,500,0,26,valid,,
弱骨干,weak500_phys,ESM2-650M,500,0,27,valid,,
弱骨干,weak500_phys,ESM2-650M,500,0,28,valid,,
弱骨干,weak500_phys,ESM2-650M,500,0,29,valid,,
弱骨干,weak500_phys,ESM2-650M,500,0,30,valid,0.5893,3.5952
弱骨干,weak500_phys,ESM2-650M,500,0,31,valid,,
弱骨干,weak500_phys,ESM2-650M,500,0,32,valid,,
弱骨干,weak500_phys,ESM2-650M,500,0,33,valid,,
弱骨干,weak500_phys,ESM2-650M,500,0,34,valid,,
弱骨干,weak500_phys,ESM2-650M,500,0,35,valid,0.5841,3.6449
弱骨干,weak500_phys,ESM2-650M,500,0,36,valid,,
弱骨干,weak500_phys,ESM2-650M,500,0,37,valid,,
弱骨干,weak500_phys,ESM2-650M,500,0,38,valid,,
弱骨干,weak500_phys,ESM2-650M,500,0,39,valid,,
弱骨干,weak500_phys,ESM2-650M,500,0,40,valid,0.5835,3.6421
弱骨干,weak500_phys,ESM2-650M,500,0,final,test,0.5249,3.5485
